{
  "__type__": "cc.SpriteFrame",
  "content": {
    "name": "hero_common_behit_white",
    "atlas": "",
    "rect": {
      "x": 0,
      "y": 9,
      "width": 177,
      "height": 1884
    },
    "offset": {
      "x": 0,
      "y": 15
    },
    "originalSize": {
      "width": 177,
      "height": 1932
    },
    "rotated": false,
    "capInsets": [
      0,
      0,
      0,
      0
    ],
    "vertices": {
      "rawPosition": [
        -88.5,
        -942,
        0,
        88.5,
        -942,
        0,
        -88.5,
        942,
        0,
        88.5,
        942,
        0
      ],
      "indexes": [
        0,
        1,
        2,
        2,
        1,
        3
      ],
      "uv": [
        0,
        1923,
        177,
        1923,
        0,
        39,
        177,
        39
      ],
      "nuv": [
        0,
        0.020186335403726708,
        1,
        0.020186335403726708,
        0,
        0.9953416149068323,
        1,
        0.9953416149068323
      ],
      "minPos": {
        "x": -88.5,
        "y": -942,
        "z": 0
      },
      "maxPos": {
        "x": 88.5,
        "y": 942,
        "z": 0
      }
    },
    "texture": "7cf3dcab-d217-499e-9583-d795187ff890@6c48a",
    "packable": true,
    "pixelsToUnit": 100,
    "pivot": {
      "x": 0.5,
      "y": 0.5
    },
    "meshType": 0
  }
}