{
  "__type__": "cc.SpriteFrame",
  "content": {
    "name": "jingYing107",
    "atlas": "",
    "rect": {
      "x": 20,
      "y": 80,
      "width": 281,
      "height": 234
    },
    "offset": {
      "x": 0.5,
      "y": -37
    },
    "originalSize": {
      "width": 320,
      "height": 320
    },
    "rotated": false,
    "capInsets": [
      0,
      0,
      0,
      0
    ],
    "vertices": {
      "rawPosition": [
        -140.5,
        -117,
        0,
        140.5,
        -117,
        0,
        -140.5,
        117,
        0,
        140.5,
        117,
        0
      ],
      "indexes": [
        0,
        1,
        2,
        2,
        1,
        3
      ],
      "uv": [
        20,
        240,
        301,
        240,
        20,
        6,
        301,
        6
      ],
      "nuv": [
        0.0625,
        0.01875,
        0.940625,
        0.01875,
        0.0625,
        0.75,
        0.940625,
        0.75
      ],
      "minPos": {
        "x": -140.5,
        "y": -117,
        "z": 0
      },
      "maxPos": {
        "x": 140.5,
        "y": 117,
        "z": 0
      }
    },
    "texture": "64bb3b6d-75d0-4a07-b61d-775a07f06d3d@6c48a",
    "packable": true,
    "pixelsToUnit": 100,
    "pivot": {
      "x": 0.5,
      "y": 0.5
    },
    "meshType": 0
  }
}