{
  "__type__": "cc.SpriteFrame",
  "content": {
    "name": "faShi",
    "atlas": "",
    "rect": {
      "x": 0,
      "y": 19,
      "width": 954,
      "height": 191
    },
    "offset": {
      "x": 0,
      "y": -9.5
    },
    "originalSize": {
      "width": 954,
      "height": 210
    },
    "rotated": false,
    "capInsets": [
      0,
      0,
      0,
      0
    ],
    "vertices": {
      "rawPosition": [
        -477,
        -95.5,
        0,
        477,
        -95.5,
        0,
        -477,
        95.5,
        0,
        477,
        95.5,
        0
      ],
      "indexes": [
        0,
        1,
        2,
        2,
        1,
        3
      ],
      "uv": [
        0,
        191,
        954,
        191,
        0,
        0,
        954,
        0
      ],
      "nuv": [
        0,
        0,
        1,
        0,
        0,
        0.9095238095238095,
        1,
        0.9095238095238095
      ],
      "minPos": {
        "x": -477,
        "y": -95.5,
        "z": 0
      },
      "maxPos": {
        "x": 477,
        "y": 95.5,
        "z": 0
      }
    },
    "texture": "77b2e0ea-26ba-4016-9bb1-67a50884b3a5@6c48a",
    "packable": true,
    "pixelsToUnit": 100,
    "pivot": {
      "x": 0.5,
      "y": 0.5
    },
    "meshType": 0
  }
}