{
  "__type__": "cc.SpriteFrame",
  "content": {
    "name": "hero_4303",
    "atlas": "",
    "rect": {
      "x": 5,
      "y": 0,
      "width": 60,
      "height": 58
    },
    "offset": {
      "x": 2.5,
      "y": 1
    },
    "originalSize": {
      "width": 65,
      "height": 60
    },
    "rotated": false,
    "capInsets": [
      0,
      0,
      0,
      0
    ],
    "vertices": {
      "rawPosition": [
        -30,
        -29,
        0,
        30,
        -29,
        0,
        -30,
        29,
        0,
        30,
        29,
        0
      ],
      "indexes": [
        0,
        1,
        2,
        2,
        1,
        3
      ],
      "uv": [
        5,
        60,
        65,
        60,
        5,
        2,
        65,
        2
      ],
      "nuv": [
        0.07692307692307693,
        0.03333333333333333,
        1,
        0.03333333333333333,
        0.07692307692307693,
        1,
        1,
        1
      ],
      "minPos": {
        "x": -30,
        "y": -29,
        "z": 0
      },
      "maxPos": {
        "x": 30,
        "y": 29,
        "z": 0
      }
    },
    "texture": "77b3f42c-998e-43cd-9897-4768e6a5745a@6c48a",
    "packable": true,
    "pixelsToUnit": 100,
    "pivot": {
      "x": 0.5,
      "y": 0.5
    },
    "meshType": 0
  }
}