{
  "__type__": "cc.SpriteFrame",
  "content": {
    "name": "m_10101",
    "atlas": "",
    "rect": {
      "x": 1,
      "y": 1,
      "width": 476,
      "height": 1094
    },
    "offset": {
      "x": 0.5,
      "y": 0
    },
    "originalSize": {
      "width": 477,
      "height": 1096
    },
    "rotated": false,
    "capInsets": [
      0,
      0,
      0,
      0
    ],
    "vertices": {
      "rawPosition": [
        -238,
        -547,
        0,
        238,
        -547,
        0,
        -238,
        547,
        0,
        238,
        547,
        0
      ],
      "indexes": [
        0,
        1,
        2,
        2,
        1,
        3
      ],
      "uv": [
        1,
        1095,
        477,
        1095,
        1,
        1,
        477,
        1
      ],
      "nuv": [
        0.0020964360587002098,
        0.0009124087591240876,
        1,
        0.0009124087591240876,
        0.0020964360587002098,
        0.9990875912408759,
        1,
        0.9990875912408759
      ],
      "minPos": {
        "x": -238,
        "y": -547,
        "z": 0
      },
      "maxPos": {
        "x": 238,
        "y": 547,
        "z": 0
      }
    },
    "texture": "77cc55e2-8565-4177-ba45-43f85d624208@6c48a",
    "packable": true,
    "pixelsToUnit": 100,
    "pivot": {
      "x": 0.5,
      "y": 0.5
    },
    "meshType": 0
  }
}