{
  "__type__": "cc.SpriteFrame",
  "content": {
    "name": "hero_3101",
    "atlas": "",
    "rect": {
      "x": 24,
      "y": 10,
      "width": 113,
      "height": 133
    },
    "offset": {
      "x": 0.5,
      "y": 3.5
    },
    "originalSize": {
      "width": 160,
      "height": 160
    },
    "rotated": false,
    "capInsets": [
      0,
      0,
      0,
      0
    ],
    "vertices": {
      "rawPosition": [
        -56.5,
        -66.5,
        0,
        56.5,
        -66.5,
        0,
        -56.5,
        66.5,
        0,
        56.5,
        66.5,
        0
      ],
      "indexes": [
        0,
        1,
        2,
        2,
        1,
        3
      ],
      "uv": [
        24,
        150,
        137,
        150,
        24,
        17,
        137,
        17
      ],
      "nuv": [
        0.15,
        0.10625,
        0.85625,
        0.10625,
        0.15,
        0.9375,
        0.85625,
        0.9375
      ],
      "minPos": {
        "x": -56.5,
        "y": -66.5,
        "z": 0
      },
      "maxPos": {
        "x": 56.5,
        "y": 66.5,
        "z": 0
      }
    },
    "texture": "d24a54eb-65c0-4189-ae92-394953098f10@6c48a",
    "packable": true,
    "pixelsToUnit": 100,
    "pivot": {
      "x": 0.5,
      "y": 0.5
    },
    "meshType": 0
  }
}