{
  "__type__": "cc.SpriteFrame",
  "content": {
    "name": "dao1",
    "atlas": "",
    "rect": {
      "x": 1,
      "y": 1,
      "width": 99,
      "height": 88
    },
    "offset": {
      "x": 0,
      "y": 0
    },
    "originalSize": {
      "width": 101,
      "height": 90
    },
    "rotated": false,
    "capInsets": [
      0,
      0,
      0,
      0
    ],
    "vertices": {
      "rawPosition": [
        -49.5,
        -44,
        0,
        49.5,
        -44,
        0,
        -49.5,
        44,
        0,
        49.5,
        44,
        0
      ],
      "indexes": [
        0,
        1,
        2,
        2,
        1,
        3
      ],
      "uv": [
        1,
        89,
        100,
        89,
        1,
        1,
        100,
        1
      ],
      "nuv": [
        0.009900990099009901,
        0.011111111111111112,
        0.9900990099009901,
        0.011111111111111112,
        0.009900990099009901,
        0.9888888888888889,
        0.9900990099009901,
        0.9888888888888889
      ],
      "minPos": {
        "x": -49.5,
        "y": -44,
        "z": 0
      },
      "maxPos": {
        "x": 49.5,
        "y": 44,
        "z": 0
      }
    },
    "texture": "d24bda10-e5a0-4faf-8551-b4e9cee4daf3@6c48a",
    "packable": true,
    "pixelsToUnit": 100,
    "pivot": {
      "x": 0.5,
      "y": 0.5
    },
    "meshType": 0
  }
}