{
  "__type__": "cc.SpriteFrame",
  "content": {
    "name": "m_21018",
    "atlas": "",
    "rect": {
      "x": 4,
      "y": 0,
      "width": 1903,
      "height": 1738
    },
    "offset": {
      "x": -0.5,
      "y": 5
    },
    "originalSize": {
      "width": 1912,
      "height": 1748
    },
    "rotated": false,
    "capInsets": [
      0,
      0,
      0,
      0
    ],
    "vertices": {
      "rawPosition": [
        -951.5,
        -869,
        0,
        951.5,
        -869,
        0,
        -951.5,
        869,
        0,
        951.5,
        869,
        0
      ],
      "indexes": [
        0,
        1,
        2,
        2,
        1,
        3
      ],
      "uv": [
        4,
        1748,
        1907,
        1748,
        4,
        10,
        1907,
        10
      ],
      "nuv": [
        0.0020920502092050207,
        0.005720823798627002,
        0.9973849372384938,
        0.005720823798627002,
        0.0020920502092050207,
        1,
        0.9973849372384938,
        1
      ],
      "minPos": {
        "x": -951.5,
        "y": -869,
        "z": 0
      },
      "maxPos": {
        "x": 951.5,
        "y": 869,
        "z": 0
      }
    },
    "texture": "d28f5681-def6-45e2-88fc-c95fc35f6c37@6c48a",
    "packable": true,
    "pixelsToUnit": 100,
    "pivot": {
      "x": 0.5,
      "y": 0.5
    },
    "meshType": 0
  }
}