{
  "__type__": "cc.SpriteFrame",
  "content": {
    "name": "tower_hero_029",
    "atlas": "",
    "rect": {
      "x": 2,
      "y": 8,
      "width": 252,
      "height": 244
    },
    "offset": {
      "x": 0,
      "y": -2
    },
    "originalSize": {
      "width": 256,
      "height": 256
    },
    "rotated": false,
    "capInsets": [
      0,
      0,
      0,
      0
    ],
    "vertices": {
      "rawPosition": [
        -126,
        -122,
        0,
        126,
        -122,
        0,
        -126,
        122,
        0,
        126,
        122,
        0
      ],
      "indexes": [
        0,
        1,
        2,
        2,
        1,
        3
      ],
      "uv": [
        2,
        248,
        254,
        248,
        2,
        4,
        254,
        4
      ],
      "nuv": [
        0.0078125,
        0.015625,
        0.9921875,
        0.015625,
        0.0078125,
        0.96875,
        0.9921875,
        0.96875
      ],
      "minPos": {
        "x": -126,
        "y": -122,
        "z": 0
      },
      "maxPos": {
        "x": 126,
        "y": 122,
        "z": 0
      }
    },
    "texture": "d2afcbd2-4a69-4d83-a33c-5141c00969f8@6c48a",
    "packable": true,
    "pixelsToUnit": 100,
    "pivot": {
      "x": 0.5,
      "y": 0.5
    },
    "meshType": 0
  }
}