{
  "__type__": "cc.SpriteFrame",
  "content": {
    "name": "daijinquan",
    "atlas": "",
    "rect": {
      "x": 10,
      "y": 12,
      "width": 91,
      "height": 76
    },
    "offset": {
      "x": -0.5,
      "y": 4.5
    },
    "originalSize": {
      "width": 112,
      "height": 109
    },
    "rotated": false,
    "capInsets": [
      0,
      0,
      0,
      0
    ],
    "vertices": {
      "rawPosition": [
        -45.5,
        -38,
        0,
        45.5,
        -38,
        0,
        -45.5,
        38,
        0,
        45.5,
        38,
        0
      ],
      "indexes": [
        0,
        1,
        2,
        2,
        1,
        3
      ],
      "uv": [
        10,
        97,
        101,
        97,
        10,
        21,
        101,
        21
      ],
      "nuv": [
        0.08928571428571429,
        0.1926605504587156,
        0.9017857142857143,
        0.1926605504587156,
        0.08928571428571429,
        0.8899082568807339,
        0.9017857142857143,
        0.8899082568807339
      ],
      "minPos": {
        "x": -45.5,
        "y": -38,
        "z": 0
      },
      "maxPos": {
        "x": 45.5,
        "y": 38,
        "z": 0
      }
    },
    "texture": "2304ee76-6edc-415f-b381-6144d8849def@6c48a",
    "packable": true,
    "pixelsToUnit": 100,
    "pivot": {
      "x": 0.5,
      "y": 0.5
    },
    "meshType": 0
  }
}