{
  "__type__": "cc.SpriteFrame",
  "content": {
    "name": "activity_developing",
    "atlas": "",
    "rect": {
      "x": 1,
      "y": 2,
      "width": 334,
      "height": 250
    },
    "offset": {
      "x": -0.5,
      "y": 0.5
    },
    "originalSize": {
      "width": 337,
      "height": 255
    },
    "rotated": false,
    "capInsets": [
      0,
      0,
      0,
      0
    ],
    "vertices": {
      "rawPosition": [
        -167,
        -125,
        0,
        167,
        -125,
        0,
        -167,
        125,
        0,
        167,
        125,
        0
      ],
      "indexes": [
        0,
        1,
        2,
        2,
        1,
        3
      ],
      "uv": [
        1,
        253,
        335,
        253,
        1,
        3,
        335,
        3
      ],
      "nuv": [
        0.002967359050445104,
        0.011764705882352941,
        0.9940652818991098,
        0.011764705882352941,
        0.002967359050445104,
        0.9921568627450981,
        0.9940652818991098,
        0.9921568627450981
      ],
      "minPos": {
        "x": -167,
        "y": -125,
        "z": 0
      },
      "maxPos": {
        "x": 167,
        "y": 125,
        "z": 0
      }
    },
    "texture": "7142480b-b2a6-4720-b998-d71b2c17912f@6c48a",
    "packable": true,
    "pixelsToUnit": 100,
    "pivot": {
      "x": 0.5,
      "y": 0.5
    },
    "meshType": 0
  }
}