{
  "__type__": "cc.SpriteFrame",
  "content": {
    "name": "hero_2201",
    "atlas": "",
    "rect": {
      "x": 17,
      "y": 11,
      "width": 139,
      "height": 127
    },
    "offset": {
      "x": 6.5,
      "y": 5.5
    },
    "originalSize": {
      "width": 160,
      "height": 160
    },
    "rotated": false,
    "capInsets": [
      0,
      0,
      0,
      0
    ],
    "vertices": {
      "rawPosition": [
        -69.5,
        -63.5,
        0,
        69.5,
        -63.5,
        0,
        -69.5,
        63.5,
        0,
        69.5,
        63.5,
        0
      ],
      "indexes": [
        0,
        1,
        2,
        2,
        1,
        3
      ],
      "uv": [
        17,
        149,
        156,
        149,
        17,
        22,
        156,
        22
      ],
      "nuv": [
        0.10625,
        0.1375,
        0.975,
        0.1375,
        0.10625,
        0.93125,
        0.975,
        0.93125
      ],
      "minPos": {
        "x": -69.5,
        "y": -63.5,
        "z": 0
      },
      "maxPos": {
        "x": 69.5,
        "y": 63.5,
        "z": 0
      }
    },
    "texture": "718cb540-50c3-4aca-a431-3ff3ad187afd@6c48a",
    "packable": true,
    "pixelsToUnit": 100,
    "pivot": {
      "x": 0.5,
      "y": 0.5
    },
    "meshType": 0
  }
}