{
  "__type__": "cc.SpriteFrame",
  "content": {
    "name": "skin_ChiYanZhiXin",
    "atlas": "",
    "rect": {
      "x": 9,
      "y": 12,
      "width": 130,
      "height": 131
    },
    "offset": {
      "x": -1,
      "y": -2.5
    },
    "originalSize": {
      "width": 150,
      "height": 150
    },
    "rotated": false,
    "capInsets": [
      0,
      0,
      0,
      0
    ],
    "vertices": {
      "rawPosition": [
        -65,
        -65.5,
        0,
        65,
        -65.5,
        0,
        -65,
        65.5,
        0,
        65,
        65.5,
        0
      ],
      "indexes": [
        0,
        1,
        2,
        2,
        1,
        3
      ],
      "uv": [
        9,
        138,
        139,
        138,
        9,
        7,
        139,
        7
      ],
      "nuv": [
        0.06,
        0.04666666666666667,
        0.9266666666666666,
        0.04666666666666667,
        0.06,
        0.92,
        0.9266666666666666,
        0.92
      ],
      "minPos": {
        "x": -65,
        "y": -65.5,
        "z": 0
      },
      "maxPos": {
        "x": 65,
        "y": 65.5,
        "z": 0
      }
    },
    "texture": "71b267c8-adcd-4e23-ad3d-73c61be88437@6c48a",
    "packable": true,
    "pixelsToUnit": 100,
    "pivot": {
      "x": 0.5,
      "y": 0.5
    },
    "meshType": 0
  }
}