{
  "__type__": "cc.SpriteFrame",
  "content": {
    "name": "m_31015_behit_1",
    "atlas": "",
    "rect": {
      "x": 7,
      "y": 12,
      "width": 873,
      "height": 358
    },
    "offset": {
      "x": -2.5,
      "y": -1.5
    },
    "originalSize": {
      "width": 892,
      "height": 379
    },
    "rotated": false,
    "capInsets": [
      0,
      0,
      0,
      0
    ],
    "vertices": {
      "rawPosition": [
        -436.5,
        -179,
        0,
        436.5,
        -179,
        0,
        -436.5,
        179,
        0,
        436.5,
        179,
        0
      ],
      "indexes": [
        0,
        1,
        2,
        2,
        1,
        3
      ],
      "uv": [
        7,
        367,
        880,
        367,
        7,
        9,
        880,
        9
      ],
      "nuv": [
        0.007847533632286996,
        0.023746701846965697,
        0.9865470852017937,
        0.023746701846965697,
        0.007847533632286996,
        0.9683377308707124,
        0.9865470852017937,
        0.9683377308707124
      ],
      "minPos": {
        "x": -436.5,
        "y": -179,
        "z": 0
      },
      "maxPos": {
        "x": 436.5,
        "y": 179,
        "z": 0
      }
    },
    "texture": "580c8f0f-0577-4b25-8981-522ec522b420@6c48a",
    "packable": true,
    "pixelsToUnit": 100,
    "pivot": {
      "x": 0.5,
      "y": 0.5
    },
    "meshType": 0
  }
}