{
  "__type__": "cc.SpriteFrame",
  "content": {
    "name": "dan",
    "atlas": "",
    "rect": {
      "x": 17,
      "y": 14,
      "width": 73,
      "height": 80
    },
    "offset": {
      "x": -0.5,
      "y": 0
    },
    "originalSize": {
      "width": 108,
      "height": 108
    },
    "rotated": false,
    "capInsets": [
      0,
      0,
      0,
      0
    ],
    "vertices": {
      "rawPosition": [
        -36.5,
        -40,
        0,
        36.5,
        -40,
        0,
        -36.5,
        40,
        0,
        36.5,
        40,
        0
      ],
      "indexes": [
        0,
        1,
        2,
        2,
        1,
        3
      ],
      "uv": [
        17,
        94,
        90,
        94,
        17,
        14,
        90,
        14
      ],
      "nuv": [
        0.1574074074074074,
        0.12962962962962962,
        0.8333333333333334,
        0.12962962962962962,
        0.1574074074074074,
        0.8703703703703703,
        0.8333333333333334,
        0.8703703703703703
      ],
      "minPos": {
        "x": -36.5,
        "y": -40,
        "z": 0
      },
      "maxPos": {
        "x": 36.5,
        "y": 40,
        "z": 0
      }
    },
    "texture": "58285e4a-3517-431e-bfa4-b47351f87b31@6c48a",
    "packable": true,
    "pixelsToUnit": 100,
    "pivot": {
      "x": 0.5,
      "y": 0.5
    },
    "meshType": 0
  }
}