{
  "__type__": "cc.SpriteFrame",
  "content": {
    "name": "jingYing13",
    "atlas": "",
    "rect": {
      "x": 31,
      "y": 51,
      "width": 259,
      "height": 250
    },
    "offset": {
      "x": 0.5,
      "y": -16
    },
    "originalSize": {
      "width": 320,
      "height": 320
    },
    "rotated": false,
    "capInsets": [
      0,
      0,
      0,
      0
    ],
    "vertices": {
      "rawPosition": [
        -129.5,
        -125,
        0,
        129.5,
        -125,
        0,
        -129.5,
        125,
        0,
        129.5,
        125,
        0
      ],
      "indexes": [
        0,
        1,
        2,
        2,
        1,
        3
      ],
      "uv": [
        31,
        269,
        290,
        269,
        31,
        19,
        290,
        19
      ],
      "nuv": [
        0.096875,
        0.059375,
        0.90625,
        0.059375,
        0.096875,
        0.840625,
        0.90625,
        0.840625
      ],
      "minPos": {
        "x": -129.5,
        "y": -125,
        "z": 0
      },
      "maxPos": {
        "x": 129.5,
        "y": 125,
        "z": 0
      }
    },
    "texture": "588e52bc-84d3-414b-918d-9c3db5dbc8e0@6c48a",
    "packable": true,
    "pixelsToUnit": 100,
    "pivot": {
      "x": 0.5,
      "y": 0.5
    },
    "meshType": 0
  }
}