{
  "__type__": "cc.SpriteFrame",
  "content": {
    "name": "jingYing113",
    "atlas": "",
    "rect": {
      "x": 18,
      "y": 38,
      "width": 285,
      "height": 276
    },
    "offset": {
      "x": 0.5,
      "y": -16
    },
    "originalSize": {
      "width": 320,
      "height": 320
    },
    "rotated": false,
    "capInsets": [
      0,
      0,
      0,
      0
    ],
    "vertices": {
      "rawPosition": [
        -142.5,
        -138,
        0,
        142.5,
        -138,
        0,
        -142.5,
        138,
        0,
        142.5,
        138,
        0
      ],
      "indexes": [
        0,
        1,
        2,
        2,
        1,
        3
      ],
      "uv": [
        18,
        282,
        303,
        282,
        18,
        6,
        303,
        6
      ],
      "nuv": [
        0.05625,
        0.01875,
        0.946875,
        0.01875,
        0.05625,
        0.88125,
        0.946875,
        0.88125
      ],
      "minPos": {
        "x": -142.5,
        "y": -138,
        "z": 0
      },
      "maxPos": {
        "x": 142.5,
        "y": 138,
        "z": 0
      }
    },
    "texture": "58be57ce-53a7-49ce-a2b2-a59558b2ae01@6c48a",
    "packable": true,
    "pixelsToUnit": 100,
    "pivot": {
      "x": 0.5,
      "y": 0.5
    },
    "meshType": 0
  }
}