{
  "__type__": "cc.SpriteFrame",
  "content": {
    "name": "yingixong",
    "atlas": "",
    "rect": {
      "x": 1,
      "y": 0,
      "width": 74,
      "height": 86
    },
    "offset": {
      "x": 0.5,
      "y": 2
    },
    "originalSize": {
      "width": 75,
      "height": 90
    },
    "rotated": false,
    "capInsets": [
      0,
      0,
      0,
      0
    ],
    "vertices": {
      "rawPosition": [
        -37,
        -43,
        0,
        37,
        -43,
        0,
        -37,
        43,
        0,
        37,
        43,
        0
      ],
      "indexes": [
        0,
        1,
        2,
        2,
        1,
        3
      ],
      "uv": [
        1,
        90,
        75,
        90,
        1,
        4,
        75,
        4
      ],
      "nuv": [
        0.013333333333333334,
        0.044444444444444446,
        1,
        0.044444444444444446,
        0.013333333333333334,
        1,
        1,
        1
      ],
      "minPos": {
        "x": -37,
        "y": -43,
        "z": 0
      },
      "maxPos": {
        "x": 37,
        "y": 43,
        "z": 0
      }
    },
    "texture": "290edfbc-f776-4447-b37a-1e11c4101af5@6c48a",
    "packable": true,
    "pixelsToUnit": 100,
    "pivot": {
      "x": 0.5,
      "y": 0.5
    },
    "meshType": 0
  }
}