{
  "__type__": "cc.SpriteFrame",
  "content": {
    "name": "hero_2501_bullet_2",
    "atlas": "",
    "rect": {
      "x": 69,
      "y": 75,
      "width": 1694,
      "height": 57
    },
    "offset": {
      "x": 16,
      "y": -3.5
    },
    "originalSize": {
      "width": 1800,
      "height": 200
    },
    "rotated": false,
    "capInsets": [
      0,
      0,
      0,
      0
    ],
    "vertices": {
      "rawPosition": [
        -847,
        -28.5,
        0,
        847,
        -28.5,
        0,
        -847,
        28.5,
        0,
        847,
        28.5,
        0
      ],
      "indexes": [
        0,
        1,
        2,
        2,
        1,
        3
      ],
      "uv": [
        69,
        125,
        1763,
        125,
        69,
        68,
        1763,
        68
      ],
      "nuv": [
        0.03833333333333333,
        0.34,
        0.9794444444444445,
        0.34,
        0.03833333333333333,
        0.625,
        0.9794444444444445,
        0.625
      ],
      "minPos": {
        "x": -847,
        "y": -28.5,
        "z": 0
      },
      "maxPos": {
        "x": 847,
        "y": 28.5,
        "z": 0
      }
    },
    "texture": "29452b01-70ed-4ec2-8428-2c416406dfd1@6c48a",
    "packable": true,
    "pixelsToUnit": 100,
    "pivot": {
      "x": 0.5,
      "y": 0.5
    },
    "meshType": 0
  }
}