{
  "__type__": "cc.SpriteFrame",
  "content": {
    "name": "jingYing12",
    "atlas": "",
    "rect": {
      "x": 31,
      "y": 74,
      "width": 259,
      "height": 227
    },
    "offset": {
      "x": 0.5,
      "y": -27.5
    },
    "originalSize": {
      "width": 320,
      "height": 320
    },
    "rotated": false,
    "capInsets": [
      0,
      0,
      0,
      0
    ],
    "vertices": {
      "rawPosition": [
        -129.5,
        -113.5,
        0,
        129.5,
        -113.5,
        0,
        -129.5,
        113.5,
        0,
        129.5,
        113.5,
        0
      ],
      "indexes": [
        0,
        1,
        2,
        2,
        1,
        3
      ],
      "uv": [
        31,
        246,
        290,
        246,
        31,
        19,
        290,
        19
      ],
      "nuv": [
        0.096875,
        0.059375,
        0.90625,
        0.059375,
        0.096875,
        0.76875,
        0.90625,
        0.76875
      ],
      "minPos": {
        "x": -129.5,
        "y": -113.5,
        "z": 0
      },
      "maxPos": {
        "x": 129.5,
        "y": 113.5,
        "z": 0
      }
    },
    "texture": "296784b8-3476-413f-8767-258a72c14539@6c48a",
    "packable": true,
    "pixelsToUnit": 100,
    "pivot": {
      "x": 0.5,
      "y": 0.5
    },
    "meshType": 0
  }
}