{
  "__type__": "cc.SpriteFrame",
  "content": {
    "name": "hero_3302_behit_1",
    "atlas": "",
    "rect": {
      "x": 1,
      "y": 0,
      "width": 474,
      "height": 1373
    },
    "offset": {
      "x": 0,
      "y": 27.5
    },
    "originalSize": {
      "width": 476,
      "height": 1428
    },
    "rotated": false,
    "capInsets": [
      0,
      0,
      0,
      0
    ],
    "vertices": {
      "rawPosition": [
        -237,
        -686.5,
        0,
        237,
        -686.5,
        0,
        -237,
        686.5,
        0,
        237,
        686.5,
        0
      ],
      "indexes": [
        0,
        1,
        2,
        2,
        1,
        3
      ],
      "uv": [
        1,
        1428,
        475,
        1428,
        1,
        55,
        475,
        55
      ],
      "nuv": [
        0.0021008403361344537,
        0.03851540616246499,
        0.9978991596638656,
        0.03851540616246499,
        0.0021008403361344537,
        1,
        0.9978991596638656,
        1
      ],
      "minPos": {
        "x": -237,
        "y": -686.5,
        "z": 0
      },
      "maxPos": {
        "x": 237,
        "y": 686.5,
        "z": 0
      }
    },
    "texture": "29751cbc-d4bb-4350-802b-660e906ffad7@6c48a",
    "packable": true,
    "pixelsToUnit": 100,
    "pivot": {
      "x": 0.5,
      "y": 0.5
    },
    "meshType": 0
  }
}