{
  "__type__": "cc.SpriteFrame",
  "content": {
    "name": "13xing",
    "atlas": "",
    "rect": {
      "x": 34,
      "y": 0,
      "width": 49,
      "height": 21
    },
    "offset": {
      "x": 10,
      "y": 7.5
    },
    "originalSize": {
      "width": 97,
      "height": 36
    },
    "rotated": false,
    "capInsets": [
      0,
      0,
      0,
      0
    ],
    "vertices": {
      "rawPosition": [
        -24.5,
        -10.5,
        0,
        24.5,
        -10.5,
        0,
        -24.5,
        10.5,
        0,
        24.5,
        10.5,
        0
      ],
      "indexes": [
        0,
        1,
        2,
        2,
        1,
        3
      ],
      "uv": [
        34,
        36,
        83,
        36,
        34,
        15,
        83,
        15
      ],
      "nuv": [
        0.35051546391752575,
        0.4166666666666667,
        0.8556701030927835,
        0.4166666666666667,
        0.35051546391752575,
        1,
        0.8556701030927835,
        1
      ],
      "minPos": {
        "x": -24.5,
        "y": -10.5,
        "z": 0
      },
      "maxPos": {
        "x": 24.5,
        "y": 10.5,
        "z": 0
      }
    },
    "texture": "29a82f9d-2455-48d4-8bdb-a51674084621@6c48a",
    "packable": true,
    "pixelsToUnit": 100,
    "pivot": {
      "x": 0.5,
      "y": 0.5
    },
    "meshType": 0
  }
}