{
  "__type__": "cc.SpriteFrame",
  "content": {
    "name": "4zhe",
    "atlas": "",
    "rect": {
      "x": 2,
      "y": 6,
      "width": 56,
      "height": 61
    },
    "offset": {
      "x": 0,
      "y": -2.5
    },
    "originalSize": {
      "width": 60,
      "height": 68
    },
    "rotated": false,
    "capInsets": [
      0,
      0,
      0,
      0
    ],
    "vertices": {
      "rawPosition": [
        -28,
        -30.5,
        0,
        28,
        -30.5,
        0,
        -28,
        30.5,
        0,
        28,
        30.5,
        0
      ],
      "indexes": [
        0,
        1,
        2,
        2,
        1,
        3
      ],
      "uv": [
        2,
        62,
        58,
        62,
        2,
        1,
        58,
        1
      ],
      "nuv": [
        0.03333333333333333,
        0.014705882352941176,
        0.9666666666666667,
        0.014705882352941176,
        0.03333333333333333,
        0.9117647058823529,
        0.9666666666666667,
        0.9117647058823529
      ],
      "minPos": {
        "x": -28,
        "y": -30.5,
        "z": 0
      },
      "maxPos": {
        "x": 28,
        "y": 30.5,
        "z": 0
      }
    },
    "texture": "1f3f1e4a-197a-4a05-b30c-4680c3e2e633@6c48a",
    "packable": true,
    "pixelsToUnit": 100,
    "pivot": {
      "x": 0.5,
      "y": 0.5
    },
    "meshType": 0
  }
}