{
  "__type__": "cc.SpriteFrame",
  "content": {
    "name": "hero_2401_behit_1",
    "atlas": "",
    "rect": {
      "x": 18,
      "y": 0,
      "width": 1072,
      "height": 118
    },
    "offset": {
      "x": -11,
      "y": 0
    },
    "originalSize": {
      "width": 1130,
      "height": 118
    },
    "rotated": false,
    "capInsets": [
      0,
      0,
      0,
      0
    ],
    "vertices": {
      "rawPosition": [
        -536,
        -59,
        0,
        536,
        -59,
        0,
        -536,
        59,
        0,
        536,
        59,
        0
      ],
      "indexes": [
        0,
        1,
        2,
        2,
        1,
        3
      ],
      "uv": [
        18,
        118,
        1090,
        118,
        18,
        0,
        1090,
        0
      ],
      "nuv": [
        0.01592920353982301,
        0,
        0.9646017699115044,
        0,
        0.01592920353982301,
        1,
        0.9646017699115044,
        1
      ],
      "minPos": {
        "x": -536,
        "y": -59,
        "z": 0
      },
      "maxPos": {
        "x": 536,
        "y": 59,
        "z": 0
      }
    },
    "texture": "1fc808e1-1d21-42e0-9cd6-26bc0597d294@6c48a",
    "packable": true,
    "pixelsToUnit": 100,
    "pivot": {
      "x": 0.5,
      "y": 0.5
    },
    "meshType": 0
  }
}