{
  "__type__": "cc.SpriteFrame",
  "content": {
    "name": "light_y",
    "atlas": "",
    "rect": {
      "x": 1,
      "y": 1,
      "width": 145,
      "height": 147
    },
    "offset": {
      "x": 0,
      "y": -0.5
    },
    "originalSize": {
      "width": 147,
      "height": 148
    },
    "rotated": false,
    "capInsets": [
      0,
      0,
      0,
      0
    ],
    "vertices": {
      "rawPosition": [
        -72.5,
        -73.5,
        0,
        72.5,
        -73.5,
        0,
        -72.5,
        73.5,
        0,
        72.5,
        73.5,
        0
      ],
      "indexes": [
        0,
        1,
        2,
        2,
        1,
        3
      ],
      "uv": [
        1,
        147,
        146,
        147,
        1,
        0,
        146,
        0
      ],
      "nuv": [
        0.006802721088435374,
        0,
        0.9931972789115646,
        0,
        0.006802721088435374,
        0.9932432432432432,
        0.9931972789115646,
        0.9932432432432432
      ],
      "minPos": {
        "x": -72.5,
        "y": -73.5,
        "z": 0
      },
      "maxPos": {
        "x": 72.5,
        "y": 73.5,
        "z": 0
      }
    },
    "texture": "9985b1a2-28a6-4529-a8f8-2c2f2ac783bb@6c48a",
    "packable": true,
    "pixelsToUnit": 100,
    "pivot": {
      "x": 0.5,
      "y": 0.5
    },
    "meshType": 0
  }
}