{
  "__type__": "cc.SpriteFrame",
  "content": {
    "name": "baoxiang",
    "atlas": "",
    "rect": {
      "x": 2,
      "y": 2,
      "width": 588,
      "height": 194
    },
    "offset": {
      "x": 0,
      "y": 0
    },
    "originalSize": {
      "width": 592,
      "height": 198
    },
    "rotated": false,
    "capInsets": [
      0,
      0,
      0,
      0
    ],
    "vertices": {
      "rawPosition": [
        -294,
        -97,
        0,
        294,
        -97,
        0,
        -294,
        97,
        0,
        294,
        97,
        0
      ],
      "indexes": [
        0,
        1,
        2,
        2,
        1,
        3
      ],
      "uv": [
        2,
        196,
        590,
        196,
        2,
        2,
        590,
        2
      ],
      "nuv": [
        0.0033783783783783786,
        0.010101010101010102,
        0.9966216216216216,
        0.010101010101010102,
        0.0033783783783783786,
        0.98989898989899,
        0.9966216216216216,
        0.98989898989899
      ],
      "minPos": {
        "x": -294,
        "y": -97,
        "z": 0
      },
      "maxPos": {
        "x": 294,
        "y": 97,
        "z": 0
      }
    },
    "texture": "99ed85d4-71ea-49b7-b9e2-e2c66dcfb3e1@6c48a",
    "packable": true,
    "pixelsToUnit": 100,
    "pivot": {
      "x": 0.5,
      "y": 0.5
    },
    "meshType": 0
  }
}