{
  "__type__": "cc.SpriteFrame",
  "content": {
    "name": "damageup_effect",
    "atlas": "",
    "rect": {
      "x": 13,
      "y": 1,
      "width": 1668,
      "height": 108
    },
    "offset": {
      "x": -0.5,
      "y": 1
    },
    "originalSize": {
      "width": 1695,
      "height": 112
    },
    "rotated": false,
    "capInsets": [
      0,
      0,
      0,
      0
    ],
    "vertices": {
      "rawPosition": [
        -834,
        -54,
        0,
        834,
        -54,
        0,
        -834,
        54,
        0,
        834,
        54,
        0
      ],
      "indexes": [
        0,
        1,
        2,
        2,
        1,
        3
      ],
      "uv": [
        13,
        111,
        1681,
        111,
        13,
        3,
        1681,
        3
      ],
      "nuv": [
        0.007669616519174041,
        0.026785714285714284,
        0.991740412979351,
        0.026785714285714284,
        0.007669616519174041,
        0.9910714285714286,
        0.991740412979351,
        0.9910714285714286
      ],
      "minPos": {
        "x": -834,
        "y": -54,
        "z": 0
      },
      "maxPos": {
        "x": 834,
        "y": 54,
        "z": 0
      }
    },
    "texture": "f017fd06-2a3a-47fd-bb14-4b3ccf5c3773@6c48a",
    "packable": true,
    "pixelsToUnit": 100,
    "pivot": {
      "x": 0.5,
      "y": 0.5
    },
    "meshType": 0
  }
}