{
  "__type__": "cc.SpriteFrame",
  "content": {
    "name": "m_31012_bullet_1",
    "atlas": "",
    "rect": {
      "x": 130,
      "y": 120,
      "width": 1543,
      "height": 657
    },
    "offset": {
      "x": 3.5,
      "y": 0.5
    },
    "originalSize": {
      "width": 1796,
      "height": 898
    },
    "rotated": false,
    "capInsets": [
      0,
      0,
      0,
      0
    ],
    "vertices": {
      "rawPosition": [
        -771.5,
        -328.5,
        0,
        771.5,
        -328.5,
        0,
        -771.5,
        328.5,
        0,
        771.5,
        328.5,
        0
      ],
      "indexes": [
        0,
        1,
        2,
        2,
        1,
        3
      ],
      "uv": [
        130,
        778,
        1673,
        778,
        130,
        121,
        1673,
        121
      ],
      "nuv": [
        0.07238307349665925,
        0.13474387527839643,
        0.9315144766146993,
        0.13474387527839643,
        0.07238307349665925,
        0.8663697104677061,
        0.9315144766146993,
        0.8663697104677061
      ],
      "minPos": {
        "x": -771.5,
        "y": -328.5,
        "z": 0
      },
      "maxPos": {
        "x": 771.5,
        "y": 328.5,
        "z": 0
      }
    },
    "texture": "f0614945-ee83-4025-8a71-c76051f623d3@6c48a",
    "packable": true,
    "pixelsToUnit": 100,
    "pivot": {
      "x": 0.5,
      "y": 0.5
    },
    "meshType": 0
  }
}