{
  "__type__": "cc.SpriteFrame",
  "content": {
    "name": "m_31004_effect",
    "atlas": "",
    "rect": {
      "x": 49,
      "y": 63,
      "width": 305,
      "height": 1123
    },
    "offset": {
      "x": 1.5,
      "y": -24.5
    },
    "originalSize": {
      "width": 400,
      "height": 1200
    },
    "rotated": false,
    "capInsets": [
      0,
      0,
      0,
      0
    ],
    "vertices": {
      "rawPosition": [
        -152.5,
        -561.5,
        0,
        152.5,
        -561.5,
        0,
        -152.5,
        561.5,
        0,
        152.5,
        561.5,
        0
      ],
      "indexes": [
        0,
        1,
        2,
        2,
        1,
        3
      ],
      "uv": [
        49,
        1137,
        354,
        1137,
        49,
        14,
        354,
        14
      ],
      "nuv": [
        0.1225,
        0.011666666666666667,
        0.885,
        0.011666666666666667,
        0.1225,
        0.9475,
        0.885,
        0.9475
      ],
      "minPos": {
        "x": -152.5,
        "y": -561.5,
        "z": 0
      },
      "maxPos": {
        "x": 152.5,
        "y": 561.5,
        "z": 0
      }
    },
    "texture": "f0b3a6e2-738a-47ee-a93f-e75fe5071f7b@6c48a",
    "packable": true,
    "pixelsToUnit": 100,
    "pivot": {
      "x": 0.5,
      "y": 0.5
    },
    "meshType": 0
  }
}