{
  "__type__": "cc.SpriteFrame",
  "content": {
    "name": "hero_3202_behit_2",
    "atlas": "",
    "rect": {
      "x": 0,
      "y": 23,
      "width": 810,
      "height": 1123
    },
    "offset": {
      "x": 0,
      "y": 5.5
    },
    "originalSize": {
      "width": 810,
      "height": 1180
    },
    "rotated": false,
    "capInsets": [
      0,
      0,
      0,
      0
    ],
    "vertices": {
      "rawPosition": [
        -405,
        -561.5,
        0,
        405,
        -561.5,
        0,
        -405,
        561.5,
        0,
        405,
        561.5,
        0
      ],
      "indexes": [
        0,
        1,
        2,
        2,
        1,
        3
      ],
      "uv": [
        0,
        1157,
        810,
        1157,
        0,
        34,
        810,
        34
      ],
      "nuv": [
        0,
        0.0288135593220339,
        1,
        0.0288135593220339,
        0,
        0.9805084745762712,
        1,
        0.9805084745762712
      ],
      "minPos": {
        "x": -405,
        "y": -561.5,
        "z": 0
      },
      "maxPos": {
        "x": 405,
        "y": 561.5,
        "z": 0
      }
    },
    "texture": "f0cd8388-986e-42c4-8190-120eac8ff4e6@6c48a",
    "packable": true,
    "pixelsToUnit": 100,
    "pivot": {
      "x": 0.5,
      "y": 0.5
    },
    "meshType": 0
  }
}