{
  "__type__": "cc.SpriteFrame",
  "content": {
    "name": "hero_2201",
    "atlas": "",
    "rect": {
      "x": 8,
      "y": 2,
      "width": 49,
      "height": 56
    },
    "offset": {
      "x": 0,
      "y": 0
    },
    "originalSize": {
      "width": 65,
      "height": 60
    },
    "rotated": false,
    "capInsets": [
      0,
      0,
      0,
      0
    ],
    "vertices": {
      "rawPosition": [
        -24.5,
        -28,
        0,
        24.5,
        -28,
        0,
        -24.5,
        28,
        0,
        24.5,
        28,
        0
      ],
      "indexes": [
        0,
        1,
        2,
        2,
        1,
        3
      ],
      "uv": [
        8,
        58,
        57,
        58,
        8,
        2,
        57,
        2
      ],
      "nuv": [
        0.12307692307692308,
        0.03333333333333333,
        0.8769230769230769,
        0.03333333333333333,
        0.12307692307692308,
        0.9666666666666667,
        0.8769230769230769,
        0.9666666666666667
      ],
      "minPos": {
        "x": -24.5,
        "y": -28,
        "z": 0
      },
      "maxPos": {
        "x": 24.5,
        "y": 28,
        "z": 0
      }
    },
    "texture": "2d25d654-c3fb-48ec-987a-f2859a85b5ce@6c48a",
    "packable": true,
    "pixelsToUnit": 100,
    "pivot": {
      "x": 0.5,
      "y": 0.5
    },
    "meshType": 0
  }
}