{
  "__type__": "cc.SpriteFrame",
  "content": {
    "name": "yuelun_hit",
    "atlas": "",
    "rect": {
      "x": 4,
      "y": 0,
      "width": 856,
      "height": 120
    },
    "offset": {
      "x": -19.5,
      "y": 0
    },
    "originalSize": {
      "width": 903,
      "height": 120
    },
    "rotated": false,
    "capInsets": [
      0,
      0,
      0,
      0
    ],
    "vertices": {
      "rawPosition": [
        -428,
        -60,
        0,
        428,
        -60,
        0,
        -428,
        60,
        0,
        428,
        60,
        0
      ],
      "indexes": [
        0,
        1,
        2,
        2,
        1,
        3
      ],
      "uv": [
        4,
        120,
        860,
        120,
        4,
        0,
        860,
        0
      ],
      "nuv": [
        0.004429678848283499,
        0,
        0.9523809523809523,
        0,
        0.004429678848283499,
        1,
        0.9523809523809523,
        1
      ],
      "minPos": {
        "x": -428,
        "y": -60,
        "z": 0
      },
      "maxPos": {
        "x": 428,
        "y": 60,
        "z": 0
      }
    },
    "texture": "b7228b85-79f9-4f69-bf78-687809c5f4c0@6c48a",
    "packable": true,
    "pixelsToUnit": 100,
    "pivot": {
      "x": 0.5,
      "y": 0.5
    },
    "meshType": 0
  }
}