{
  "__type__": "cc.SpriteFrame",
  "content": {
    "name": "mao2",
    "atlas": "",
    "rect": {
      "x": 10,
      "y": 20,
      "width": 41,
      "height": 905
    },
    "offset": {
      "x": -0.5,
      "y": -10
    },
    "originalSize": {
      "width": 62,
      "height": 925
    },
    "rotated": false,
    "capInsets": [
      0,
      0,
      0,
      0
    ],
    "vertices": {
      "rawPosition": [
        -20.5,
        -452.5,
        0,
        20.5,
        -452.5,
        0,
        -20.5,
        452.5,
        0,
        20.5,
        452.5,
        0
      ],
      "indexes": [
        0,
        1,
        2,
        2,
        1,
        3
      ],
      "uv": [
        10,
        905,
        51,
        905,
        10,
        0,
        51,
        0
      ],
      "nuv": [
        0.16129032258064516,
        0,
        0.8225806451612904,
        0,
        0.16129032258064516,
        0.9783783783783784,
        0.8225806451612904,
        0.9783783783783784
      ],
      "minPos": {
        "x": -20.5,
        "y": -452.5,
        "z": 0
      },
      "maxPos": {
        "x": 20.5,
        "y": 452.5,
        "z": 0
      }
    },
    "texture": "b7703c7c-f6bd-4549-9b5e-407553455988@6c48a",
    "packable": true,
    "pixelsToUnit": 100,
    "pivot": {
      "x": 0.5,
      "y": 0.5
    },
    "meshType": 0
  }
}