{
  "__type__": "cc.SpriteFrame",
  "content": {
    "name": "title_HeroRoad",
    "atlas": "",
    "rect": {
      "x": 19,
      "y": 12,
      "width": 442,
      "height": 113
    },
    "offset": {
      "x": 3,
      "y": 0
    },
    "originalSize": {
      "width": 474,
      "height": 137
    },
    "rotated": false,
    "capInsets": [
      0,
      0,
      0,
      0
    ],
    "vertices": {
      "rawPosition": [
        -221,
        -56.5,
        0,
        221,
        -56.5,
        0,
        -221,
        56.5,
        0,
        221,
        56.5,
        0
      ],
      "indexes": [
        0,
        1,
        2,
        2,
        1,
        3
      ],
      "uv": [
        19,
        125,
        461,
        125,
        19,
        12,
        461,
        12
      ],
      "nuv": [
        0.04008438818565401,
        0.08759124087591241,
        0.9725738396624473,
        0.08759124087591241,
        0.04008438818565401,
        0.9124087591240876,
        0.9725738396624473,
        0.9124087591240876
      ],
      "minPos": {
        "x": -221,
        "y": -56.5,
        "z": 0
      },
      "maxPos": {
        "x": 221,
        "y": 56.5,
        "z": 0
      }
    },
    "texture": "0b0572e0-ec5b-4283-8256-80f3ee79296e@6c48a",
    "packable": true,
    "pixelsToUnit": 100,
    "pivot": {
      "x": 0.5,
      "y": 0.5
    },
    "meshType": 0
  }
}