{
  "__type__": "cc.SpriteFrame",
  "content": {
    "name": "cuiLianDaShiTitle",
    "atlas": "",
    "rect": {
      "x": 4,
      "y": 0,
      "width": 263,
      "height": 74
    },
    "offset": {
      "x": 0.5,
      "y": 0
    },
    "originalSize": {
      "width": 270,
      "height": 74
    },
    "rotated": false,
    "capInsets": [
      0,
      0,
      0,
      0
    ],
    "vertices": {
      "rawPosition": [
        -131.5,
        -37,
        0,
        131.5,
        -37,
        0,
        -131.5,
        37,
        0,
        131.5,
        37,
        0
      ],
      "indexes": [
        0,
        1,
        2,
        2,
        1,
        3
      ],
      "uv": [
        4,
        74,
        267,
        74,
        4,
        0,
        267,
        0
      ],
      "nuv": [
        0.014814814814814815,
        0,
        0.9888888888888889,
        0,
        0.014814814814814815,
        1,
        0.9888888888888889,
        1
      ],
      "minPos": {
        "x": -131.5,
        "y": -37,
        "z": 0
      },
      "maxPos": {
        "x": 131.5,
        "y": 37,
        "z": 0
      }
    },
    "texture": "0b510b12-ea58-4264-a4c6-f2269e9a7af1@6c48a",
    "packable": true,
    "pixelsToUnit": 100,
    "pivot": {
      "x": 0.5,
      "y": 0.5
    },
    "meshType": 0
  }
}