{
  "__type__": "cc.SpriteFrame",
  "content": {
    "name": "hero_4203_behit_3",
    "atlas": "",
    "rect": {
      "x": 3,
      "y": 5,
      "width": 884,
      "height": 478
    },
    "offset": {
      "x": 1,
      "y": -2.5
    },
    "originalSize": {
      "width": 888,
      "height": 483
    },
    "rotated": false,
    "capInsets": [
      0,
      0,
      0,
      0
    ],
    "vertices": {
      "rawPosition": [
        -442,
        -239,
        0,
        442,
        -239,
        0,
        -442,
        239,
        0,
        442,
        239,
        0
      ],
      "indexes": [
        0,
        1,
        2,
        2,
        1,
        3
      ],
      "uv": [
        3,
        478,
        887,
        478,
        3,
        0,
        887,
        0
      ],
      "nuv": [
        0.0033783783783783786,
        0,
        0.9988738738738738,
        0,
        0.0033783783783783786,
        0.989648033126294,
        0.9988738738738738,
        0.989648033126294
      ],
      "minPos": {
        "x": -442,
        "y": -239,
        "z": 0
      },
      "maxPos": {
        "x": 442,
        "y": 239,
        "z": 0
      }
    },
    "texture": "0b540c64-39e7-4c0b-bdef-a74467e4d0e6@6c48a",
    "packable": true,
    "pixelsToUnit": 100,
    "pivot": {
      "x": 0.5,
      "y": 0.5
    },
    "meshType": 0
  }
}