{
  "__type__": "cc.SpriteFrame",
  "content": {
    "name": "hero_1101_effect",
    "atlas": "",
    "rect": {
      "x": 2,
      "y": 13,
      "width": 486,
      "height": 502
    },
    "offset": {
      "x": -1,
      "y": 103.5
    },
    "originalSize": {
      "width": 492,
      "height": 735
    },
    "rotated": false,
    "capInsets": [
      0,
      0,
      0,
      0
    ],
    "vertices": {
      "rawPosition": [
        -243,
        -251,
        0,
        243,
        -251,
        0,
        -243,
        251,
        0,
        243,
        251,
        0
      ],
      "indexes": [
        0,
        1,
        2,
        2,
        1,
        3
      ],
      "uv": [
        2,
        722,
        488,
        722,
        2,
        220,
        488,
        220
      ],
      "nuv": [
        0.0040650406504065045,
        0.29931972789115646,
        0.991869918699187,
        0.29931972789115646,
        0.0040650406504065045,
        0.9823129251700681,
        0.991869918699187,
        0.9823129251700681
      ],
      "minPos": {
        "x": -243,
        "y": -251,
        "z": 0
      },
      "maxPos": {
        "x": 243,
        "y": 251,
        "z": 0
      }
    },
    "texture": "0b655ebf-1465-4331-bb4d-dff7f977cc7d@6c48a",
    "packable": true,
    "pixelsToUnit": 100,
    "pivot": {
      "x": 0.5,
      "y": 0.5
    },
    "meshType": 0
  }
}