{
  "__type__": "cc.SpriteFrame",
  "content": {
    "name": "m_31007",
    "atlas": "",
    "rect": {
      "x": 2,
      "y": 8,
      "width": 508,
      "height": 500
    },
    "offset": {
      "x": 0,
      "y": -2
    },
    "originalSize": {
      "width": 512,
      "height": 512
    },
    "rotated": false,
    "capInsets": [
      0,
      0,
      0,
      0
    ],
    "vertices": {
      "rawPosition": [
        -254,
        -250,
        0,
        254,
        -250,
        0,
        -254,
        250,
        0,
        254,
        250,
        0
      ],
      "indexes": [
        0,
        1,
        2,
        2,
        1,
        3
      ],
      "uv": [
        2,
        504,
        510,
        504,
        2,
        4,
        510,
        4
      ],
      "nuv": [
        0.00390625,
        0.0078125,
        0.99609375,
        0.0078125,
        0.00390625,
        0.984375,
        0.99609375,
        0.984375
      ],
      "minPos": {
        "x": -254,
        "y": -250,
        "z": 0
      },
      "maxPos": {
        "x": 254,
        "y": 250,
        "z": 0
      }
    },
    "texture": "0baf4999-4b2d-4297-96d0-ac688027f6d9@6c48a",
    "packable": true,
    "pixelsToUnit": 100,
    "pivot": {
      "x": 0.5,
      "y": 0.5
    },
    "meshType": 0
  }
}