{
  "__type__": "cc.SpriteFrame",
  "content": {
    "name": "jingYing108",
    "atlas": "",
    "rect": {
      "x": 20,
      "y": 47,
      "width": 281,
      "height": 267
    },
    "offset": {
      "x": 0.5,
      "y": -20.5
    },
    "originalSize": {
      "width": 320,
      "height": 320
    },
    "rotated": false,
    "capInsets": [
      0,
      0,
      0,
      0
    ],
    "vertices": {
      "rawPosition": [
        -140.5,
        -133.5,
        0,
        140.5,
        -133.5,
        0,
        -140.5,
        133.5,
        0,
        140.5,
        133.5,
        0
      ],
      "indexes": [
        0,
        1,
        2,
        2,
        1,
        3
      ],
      "uv": [
        20,
        273,
        301,
        273,
        20,
        6,
        301,
        6
      ],
      "nuv": [
        0.0625,
        0.01875,
        0.940625,
        0.01875,
        0.0625,
        0.853125,
        0.940625,
        0.853125
      ],
      "minPos": {
        "x": -140.5,
        "y": -133.5,
        "z": 0
      },
      "maxPos": {
        "x": 140.5,
        "y": 133.5,
        "z": 0
      }
    },
    "texture": "0bc0e0ff-123c-4b84-970e-14e1ff0602ce@6c48a",
    "packable": true,
    "pixelsToUnit": 100,
    "pivot": {
      "x": 0.5,
      "y": 0.5
    },
    "meshType": 0
  }
}