{
  "__type__": "cc.SpriteFrame",
  "content": {
    "name": "m_21001",
    "atlas": "",
    "rect": {
      "x": 0,
      "y": 0,
      "width": 1007,
      "height": 1254
    },
    "offset": {
      "x": -0.5,
      "y": 0.5
    },
    "originalSize": {
      "width": 1008,
      "height": 1255
    },
    "rotated": false,
    "capInsets": [
      0,
      0,
      0,
      0
    ],
    "vertices": {
      "rawPosition": [
        -503.5,
        -627,
        0,
        503.5,
        -627,
        0,
        -503.5,
        627,
        0,
        503.5,
        627,
        0
      ],
      "indexes": [
        0,
        1,
        2,
        2,
        1,
        3
      ],
      "uv": [
        0,
        1255,
        1007,
        1255,
        0,
        1,
        1007,
        1
      ],
      "nuv": [
        0,
        0.0007968127490039841,
        0.9990079365079365,
        0.0007968127490039841,
        0,
        1,
        0.9990079365079365,
        1
      ],
      "minPos": {
        "x": -503.5,
        "y": -627,
        "z": 0
      },
      "maxPos": {
        "x": 503.5,
        "y": 627,
        "z": 0
      }
    },
    "texture": "0bdba2c6-9276-4a62-85c3-ed727b74a7aa@6c48a",
    "packable": true,
    "pixelsToUnit": 100,
    "pivot": {
      "x": 0.5,
      "y": 0.5
    },
    "meshType": 0
  }
}