{
  "__type__": "cc.SpriteFrame",
  "content": {
    "name": "hero_2501",
    "atlas": "",
    "rect": {
      "x": 8,
      "y": 3,
      "width": 56,
      "height": 55
    },
    "offset": {
      "x": 3.5,
      "y": -0.5
    },
    "originalSize": {
      "width": 65,
      "height": 60
    },
    "rotated": false,
    "capInsets": [
      0,
      0,
      0,
      0
    ],
    "vertices": {
      "rawPosition": [
        -28,
        -27.5,
        0,
        28,
        -27.5,
        0,
        -28,
        27.5,
        0,
        28,
        27.5,
        0
      ],
      "indexes": [
        0,
        1,
        2,
        2,
        1,
        3
      ],
      "uv": [
        8,
        57,
        64,
        57,
        8,
        2,
        64,
        2
      ],
      "nuv": [
        0.12307692307692308,
        0.03333333333333333,
        0.9846153846153847,
        0.03333333333333333,
        0.12307692307692308,
        0.95,
        0.9846153846153847,
        0.95
      ],
      "minPos": {
        "x": -28,
        "y": -27.5,
        "z": 0
      },
      "maxPos": {
        "x": 28,
        "y": 27.5,
        "z": 0
      }
    },
    "texture": "350c15ca-d9fb-45dc-8b09-021855e58463@6c48a",
    "packable": true,
    "pixelsToUnit": 100,
    "pivot": {
      "x": 0.5,
      "y": 0.5
    },
    "meshType": 0
  }
}