{
  "__type__": "cc.SpriteFrame",
  "content": {
    "name": "icon_shouchong2",
    "atlas": "",
    "rect": {
      "x": 1,
      "y": 1,
      "width": 83,
      "height": 85
    },
    "offset": {
      "x": -0.5,
      "y": -0.5
    },
    "originalSize": {
      "width": 86,
      "height": 86
    },
    "rotated": false,
    "capInsets": [
      0,
      0,
      0,
      0
    ],
    "vertices": {
      "rawPosition": [
        -41.5,
        -42.5,
        0,
        41.5,
        -42.5,
        0,
        -41.5,
        42.5,
        0,
        41.5,
        42.5,
        0
      ],
      "indexes": [
        0,
        1,
        2,
        2,
        1,
        3
      ],
      "uv": [
        1,
        85,
        84,
        85,
        1,
        0,
        84,
        0
      ],
      "nuv": [
        0.011627906976744186,
        0,
        0.9767441860465116,
        0,
        0.011627906976744186,
        0.9883720930232558,
        0.9767441860465116,
        0.9883720930232558
      ],
      "minPos": {
        "x": -41.5,
        "y": -42.5,
        "z": 0
      },
      "maxPos": {
        "x": 41.5,
        "y": 42.5,
        "z": 0
      }
    },
    "texture": "353b80e0-23cf-47b4-bac7-68b1a59da497@6c48a",
    "packable": true,
    "pixelsToUnit": 100,
    "pivot": {
      "x": 0.5,
      "y": 0.5
    },
    "meshType": 0
  }
}