{
  "__type__": "cc.SpriteFrame",
  "content": {
    "name": "m_21020",
    "atlas": "",
    "rect": {
      "x": 2,
      "y": 0,
      "width": 3531,
      "height": 1316
    },
    "offset": {
      "x": -25.5,
      "y": 2.5
    },
    "originalSize": {
      "width": 3586,
      "height": 1321
    },
    "rotated": false,
    "capInsets": [
      0,
      0,
      0,
      0
    ],
    "vertices": {
      "rawPosition": [
        -1765.5,
        -658,
        0,
        1765.5,
        -658,
        0,
        -1765.5,
        658,
        0,
        1765.5,
        658,
        0
      ],
      "indexes": [
        0,
        1,
        2,
        2,
        1,
        3
      ],
      "uv": [
        2,
        1321,
        3533,
        1321,
        2,
        5,
        3533,
        5
      ],
      "nuv": [
        0.0005577244841048522,
        0.003785011355034065,
        0.9852203011712214,
        0.003785011355034065,
        0.0005577244841048522,
        1,
        0.9852203011712214,
        1
      ],
      "minPos": {
        "x": -1765.5,
        "y": -658,
        "z": 0
      },
      "maxPos": {
        "x": 1765.5,
        "y": 658,
        "z": 0
      }
    },
    "texture": "1d19c153-d4bc-47ec-b115-2327c26f5dc6@6c48a",
    "packable": true,
    "pixelsToUnit": 100,
    "pivot": {
      "x": 0.5,
      "y": 0.5
    },
    "meshType": 0
  }
}