{
  "__type__": "cc.SpriteFrame",
  "content": {
    "name": "txt2",
    "atlas": "",
    "rect": {
      "x": 0,
      "y": 0,
      "width": 53,
      "height": 54
    },
    "offset": {
      "x": -0.5,
      "y": 0.5
    },
    "originalSize": {
      "width": 54,
      "height": 55
    },
    "rotated": false,
    "capInsets": [
      0,
      0,
      0,
      0
    ],
    "vertices": {
      "rawPosition": [
        -26.5,
        -27,
        0,
        26.5,
        -27,
        0,
        -26.5,
        27,
        0,
        26.5,
        27,
        0
      ],
      "indexes": [
        0,
        1,
        2,
        2,
        1,
        3
      ],
      "uv": [
        0,
        55,
        53,
        55,
        0,
        1,
        53,
        1
      ],
      "nuv": [
        0,
        0.01818181818181818,
        0.9814814814814815,
        0.01818181818181818,
        0,
        1,
        0.9814814814814815,
        1
      ],
      "minPos": {
        "x": -26.5,
        "y": -27,
        "z": 0
      },
      "maxPos": {
        "x": 26.5,
        "y": 27,
        "z": 0
      }
    },
    "texture": "1df7ced5-2c12-4199-a8e7-99de0b701ebe@6c48a",
    "packable": true,
    "pixelsToUnit": 100,
    "pivot": {
      "x": 0.5,
      "y": 0.5
    },
    "meshType": 0
  }
}