{
  "__type__": "cc.SpriteFrame",
  "content": {
    "name": "flag_6",
    "atlas": "",
    "rect": {
      "x": 1,
      "y": 6,
      "width": 126,
      "height": 118
    },
    "offset": {
      "x": 0,
      "y": -1
    },
    "originalSize": {
      "width": 128,
      "height": 128
    },
    "rotated": false,
    "capInsets": [
      0,
      0,
      0,
      0
    ],
    "vertices": {
      "rawPosition": [
        -63,
        -59,
        0,
        63,
        -59,
        0,
        -63,
        59,
        0,
        63,
        59,
        0
      ],
      "indexes": [
        0,
        1,
        2,
        2,
        1,
        3
      ],
      "uv": [
        1,
        122,
        127,
        122,
        1,
        4,
        127,
        4
      ],
      "nuv": [
        0.0078125,
        0.03125,
        0.9921875,
        0.03125,
        0.0078125,
        0.953125,
        0.9921875,
        0.953125
      ],
      "minPos": {
        "x": -63,
        "y": -59,
        "z": 0
      },
      "maxPos": {
        "x": 63,
        "y": 59,
        "z": 0
      }
    },
    "texture": "1dfeadc4-a559-46ab-93f4-2ef52f976b83@6c48a",
    "packable": true,
    "pixelsToUnit": 100,
    "pivot": {
      "x": 0.5,
      "y": 0.5
    },
    "meshType": 0
  }
}