{
  "__type__": "cc.SpriteFrame",
  "content": {
    "name": "hero_4101",
    "atlas": "",
    "rect": {
      "x": 12,
      "y": 14,
      "width": 141,
      "height": 134
    },
    "offset": {
      "x": 2.5,
      "y": -1
    },
    "originalSize": {
      "width": 160,
      "height": 160
    },
    "rotated": false,
    "capInsets": [
      0,
      0,
      0,
      0
    ],
    "vertices": {
      "rawPosition": [
        -70.5,
        -67,
        0,
        70.5,
        -67,
        0,
        -70.5,
        67,
        0,
        70.5,
        67,
        0
      ],
      "indexes": [
        0,
        1,
        2,
        2,
        1,
        3
      ],
      "uv": [
        12,
        146,
        153,
        146,
        12,
        12,
        153,
        12
      ],
      "nuv": [
        0.075,
        0.075,
        0.95625,
        0.075,
        0.075,
        0.9125,
        0.95625,
        0.9125
      ],
      "minPos": {
        "x": -70.5,
        "y": -67,
        "z": 0
      },
      "maxPos": {
        "x": 70.5,
        "y": 67,
        "z": 0
      }
    },
    "texture": "5a520d3b-4348-40f2-a7f7-34315c455d53@6c48a",
    "packable": true,
    "pixelsToUnit": 100,
    "pivot": {
      "x": 0.5,
      "y": 0.5
    },
    "meshType": 0
  }
}