{
  "__type__": "cc.SpriteFrame",
  "content": {
    "name": "myNo1",
    "atlas": "",
    "rect": {
      "x": 5,
      "y": 3,
      "width": 84,
      "height": 55
    },
    "offset": {
      "x": 0.5,
      "y": 0
    },
    "originalSize": {
      "width": 93,
      "height": 61
    },
    "rotated": false,
    "capInsets": [
      0,
      0,
      0,
      0
    ],
    "vertices": {
      "rawPosition": [
        -42,
        -27.5,
        0,
        42,
        -27.5,
        0,
        -42,
        27.5,
        0,
        42,
        27.5,
        0
      ],
      "indexes": [
        0,
        1,
        2,
        2,
        1,
        3
      ],
      "uv": [
        5,
        58,
        89,
        58,
        5,
        3,
        89,
        3
      ],
      "nuv": [
        0.053763440860215055,
        0.04918032786885246,
        0.956989247311828,
        0.04918032786885246,
        0.053763440860215055,
        0.9508196721311475,
        0.956989247311828,
        0.9508196721311475
      ],
      "minPos": {
        "x": -42,
        "y": -27.5,
        "z": 0
      },
      "maxPos": {
        "x": 42,
        "y": 27.5,
        "z": 0
      }
    },
    "texture": "5a850040-0958-4c6d-af5d-0d3d9598b909@6c48a",
    "packable": true,
    "pixelsToUnit": 100,
    "pivot": {
      "x": 0.5,
      "y": 0.5
    },
    "meshType": 0
  }
}