{
  "__type__": "cc.SpriteFrame",
  "content": {
    "name": "hero_4104",
    "atlas": "",
    "rect": {
      "x": 7,
      "y": 0,
      "width": 52,
      "height": 60
    },
    "offset": {
      "x": 0.5,
      "y": 0
    },
    "originalSize": {
      "width": 65,
      "height": 60
    },
    "rotated": false,
    "capInsets": [
      0,
      0,
      0,
      0
    ],
    "vertices": {
      "rawPosition": [
        -26,
        -30,
        0,
        26,
        -30,
        0,
        -26,
        30,
        0,
        26,
        30,
        0
      ],
      "indexes": [
        0,
        1,
        2,
        2,
        1,
        3
      ],
      "uv": [
        7,
        60,
        59,
        60,
        7,
        0,
        59,
        0
      ],
      "nuv": [
        0.1076923076923077,
        0,
        0.9076923076923077,
        0,
        0.1076923076923077,
        1,
        0.9076923076923077,
        1
      ],
      "minPos": {
        "x": -26,
        "y": -30,
        "z": 0
      },
      "maxPos": {
        "x": 26,
        "y": 30,
        "z": 0
      }
    },
    "texture": "5ab3c1b9-578e-460e-8447-3600fd5c5ccb@6c48a",
    "packable": true,
    "pixelsToUnit": 100,
    "pivot": {
      "x": 0.5,
      "y": 0.5
    },
    "meshType": 0
  }
}