{
  "__type__": "cc.SpriteFrame",
  "content": {
    "name": "hero_4501_bullet_1",
    "atlas": "",
    "rect": {
      "x": 1,
      "y": 1,
      "width": 40,
      "height": 37
    },
    "offset": {
      "x": 0,
      "y": 0
    },
    "originalSize": {
      "width": 42,
      "height": 39
    },
    "rotated": false,
    "capInsets": [
      0,
      0,
      0,
      0
    ],
    "vertices": {
      "rawPosition": [
        -20,
        -18.5,
        0,
        20,
        -18.5,
        0,
        -20,
        18.5,
        0,
        20,
        18.5,
        0
      ],
      "indexes": [
        0,
        1,
        2,
        2,
        1,
        3
      ],
      "uv": [
        1,
        38,
        41,
        38,
        1,
        1,
        41,
        1
      ],
      "nuv": [
        0.023809523809523808,
        0.02564102564102564,
        0.9761904761904762,
        0.02564102564102564,
        0.023809523809523808,
        0.9743589743589743,
        0.9761904761904762,
        0.9743589743589743
      ],
      "minPos": {
        "x": -20,
        "y": -18.5,
        "z": 0
      },
      "maxPos": {
        "x": 20,
        "y": 18.5,
        "z": 0
      }
    },
    "texture": "747e5c68-b09d-480d-a7a9-70781e1acab6@6c48a",
    "packable": true,
    "pixelsToUnit": 100,
    "pivot": {
      "x": 0.5,
      "y": 0.5
    },
    "meshType": 0
  }
}