{
  "__type__": "cc.SpriteFrame",
  "content": {
    "name": "tower_hero_026",
    "atlas": "",
    "rect": {
      "x": 1,
      "y": 1,
      "width": 254,
      "height": 251
    },
    "offset": {
      "x": 0,
      "y": 1.5
    },
    "originalSize": {
      "width": 256,
      "height": 256
    },
    "rotated": false,
    "capInsets": [
      0,
      0,
      0,
      0
    ],
    "vertices": {
      "rawPosition": [
        -127,
        -125.5,
        0,
        127,
        -125.5,
        0,
        -127,
        125.5,
        0,
        127,
        125.5,
        0
      ],
      "indexes": [
        0,
        1,
        2,
        2,
        1,
        3
      ],
      "uv": [
        1,
        255,
        255,
        255,
        1,
        4,
        255,
        4
      ],
      "nuv": [
        0.00390625,
        0.015625,
        0.99609375,
        0.015625,
        0.00390625,
        0.99609375,
        0.99609375,
        0.99609375
      ],
      "minPos": {
        "x": -127,
        "y": -125.5,
        "z": 0
      },
      "maxPos": {
        "x": 127,
        "y": 125.5,
        "z": 0
      }
    },
    "texture": "74b9399c-f6e6-4bf3-8a27-f237834db87b@6c48a",
    "packable": true,
    "pixelsToUnit": 100,
    "pivot": {
      "x": 0.5,
      "y": 0.5
    },
    "meshType": 0
  }
}