{
  "__type__": "cc.SpriteFrame",
  "content": {
    "name": "faGuang",
    "atlas": "",
    "rect": {
      "x": 3,
      "y": 3,
      "width": 134,
      "height": 135
    },
    "offset": {
      "x": 0,
      "y": -0.5
    },
    "originalSize": {
      "width": 140,
      "height": 140
    },
    "rotated": false,
    "capInsets": [
      0,
      0,
      0,
      0
    ],
    "vertices": {
      "rawPosition": [
        -67,
        -67.5,
        0,
        67,
        -67.5,
        0,
        -67,
        67.5,
        0,
        67,
        67.5,
        0
      ],
      "indexes": [
        0,
        1,
        2,
        2,
        1,
        3
      ],
      "uv": [
        3,
        137,
        137,
        137,
        3,
        2,
        137,
        2
      ],
      "nuv": [
        0.02142857142857143,
        0.014285714285714285,
        0.9785714285714285,
        0.014285714285714285,
        0.02142857142857143,
        0.9785714285714285,
        0.9785714285714285,
        0.9785714285714285
      ],
      "minPos": {
        "x": -67,
        "y": -67.5,
        "z": 0
      },
      "maxPos": {
        "x": 67,
        "y": 67.5,
        "z": 0
      }
    },
    "texture": "b336ca85-5d68-491c-bd02-74aac4d8a31f@6c48a",
    "packable": true,
    "pixelsToUnit": 100,
    "pivot": {
      "x": 0.5,
      "y": 0.5
    },
    "meshType": 0
  }
}