{
  "__type__": "cc.SpriteFrame",
  "content": {
    "name": "m_10401",
    "atlas": "",
    "rect": {
      "x": 0,
      "y": 0,
      "width": 997,
      "height": 1090
    },
    "offset": {
      "x": -1.5,
      "y": 1
    },
    "originalSize": {
      "width": 1000,
      "height": 1092
    },
    "rotated": false,
    "capInsets": [
      0,
      0,
      0,
      0
    ],
    "vertices": {
      "rawPosition": [
        -498.5,
        -545,
        0,
        498.5,
        -545,
        0,
        -498.5,
        545,
        0,
        498.5,
        545,
        0
      ],
      "indexes": [
        0,
        1,
        2,
        2,
        1,
        3
      ],
      "uv": [
        0,
        1092,
        997,
        1092,
        0,
        2,
        997,
        2
      ],
      "nuv": [
        0,
        0.0018315018315018315,
        0.997,
        0.0018315018315018315,
        0,
        1,
        0.997,
        1
      ],
      "minPos": {
        "x": -498.5,
        "y": -545,
        "z": 0
      },
      "maxPos": {
        "x": 498.5,
        "y": 545,
        "z": 0
      }
    },
    "texture": "b639cf32-926d-43cc-bdc9-0efb90f17080@6c48a",
    "packable": true,
    "pixelsToUnit": 100,
    "pivot": {
      "x": 0.5,
      "y": 0.5
    },
    "meshType": 0
  }
}