{
  "__type__": "cc.SpriteFrame",
  "content": {
    "name": "jdd_bengkui",
    "atlas": "",
    "rect": {
      "x": 0,
      "y": 0,
      "width": 507,
      "height": 509
    },
    "offset": {
      "x": -2.5,
      "y": 1.5
    },
    "originalSize": {
      "width": 512,
      "height": 512
    },
    "rotated": false,
    "capInsets": [
      0,
      0,
      0,
      0
    ],
    "vertices": {
      "rawPosition": [
        -253.5,
        -254.5,
        0,
        253.5,
        -254.5,
        0,
        -253.5,
        254.5,
        0,
        253.5,
        254.5,
        0
      ],
      "indexes": [
        0,
        1,
        2,
        2,
        1,
        3
      ],
      "uv": [
        0,
        512,
        507,
        512,
        0,
        3,
        507,
        3
      ],
      "nuv": [
        0,
        0.005859375,
        0.990234375,
        0.005859375,
        0,
        1,
        0.990234375,
        1
      ],
      "minPos": {
        "x": -253.5,
        "y": -254.5,
        "z": 0
      },
      "maxPos": {
        "x": 253.5,
        "y": 254.5,
        "z": 0
      }
    },
    "texture": "b6d84dd8-4a83-405d-80ee-38a4b16d964a@6c48a",
    "packable": true,
    "pixelsToUnit": 100,
    "pivot": {
      "x": 0.5,
      "y": 0.5
    },
    "meshType": 0
  }
}