{
  "__type__": "cc.SpriteFrame",
  "content": {
    "name": "hero_1301",
    "atlas": "",
    "rect": {
      "x": 30,
      "y": 18,
      "width": 122,
      "height": 117
    },
    "offset": {
      "x": 11,
      "y": 3.5
    },
    "originalSize": {
      "width": 160,
      "height": 160
    },
    "rotated": false,
    "capInsets": [
      0,
      0,
      0,
      0
    ],
    "vertices": {
      "rawPosition": [
        -61,
        -58.5,
        0,
        61,
        -58.5,
        0,
        -61,
        58.5,
        0,
        61,
        58.5,
        0
      ],
      "indexes": [
        0,
        1,
        2,
        2,
        1,
        3
      ],
      "uv": [
        30,
        142,
        152,
        142,
        30,
        25,
        152,
        25
      ],
      "nuv": [
        0.1875,
        0.15625,
        0.95,
        0.15625,
        0.1875,
        0.8875,
        0.95,
        0.8875
      ],
      "minPos": {
        "x": -61,
        "y": -58.5,
        "z": 0
      },
      "maxPos": {
        "x": 61,
        "y": 58.5,
        "z": 0
      }
    },
    "texture": "02a47eb6-afff-4a9d-adc0-b5b6212f12ac@6c48a",
    "packable": true,
    "pixelsToUnit": 100,
    "pivot": {
      "x": 0.5,
      "y": 0.5
    },
    "meshType": 0
  }
}