{
  "__type__": "cc.SpriteFrame",
  "content": {
    "name": "m_31012_behit_2",
    "atlas": "",
    "rect": {
      "x": 100,
      "y": 113,
      "width": 3435,
      "height": 1674
    },
    "offset": {
      "x": 17.5,
      "y": 10
    },
    "originalSize": {
      "width": 3600,
      "height": 1920
    },
    "rotated": false,
    "capInsets": [
      0,
      0,
      0,
      0
    ],
    "vertices": {
      "rawPosition": [
        -1717.5,
        -837,
        0,
        1717.5,
        -837,
        0,
        -1717.5,
        837,
        0,
        1717.5,
        837,
        0
      ],
      "indexes": [
        0,
        1,
        2,
        2,
        1,
        3
      ],
      "uv": [
        100,
        1807,
        3535,
        1807,
        100,
        133,
        3535,
        133
      ],
      "nuv": [
        0.027777777777777776,
        0.06927083333333334,
        0.9819444444444444,
        0.06927083333333334,
        0.027777777777777776,
        0.9411458333333333,
        0.9819444444444444,
        0.9411458333333333
      ],
      "minPos": {
        "x": -1717.5,
        "y": -837,
        "z": 0
      },
      "maxPos": {
        "x": 1717.5,
        "y": 837,
        "z": 0
      }
    },
    "texture": "02d3f5c3-4a19-45d7-b167-85d58f0e49c2@6c48a",
    "packable": true,
    "pixelsToUnit": 100,
    "pivot": {
      "x": 0.5,
      "y": 0.5
    },
    "meshType": 0
  }
}