{
  "__type__": "cc.SpriteFrame",
  "content": {
    "name": "weak_effect",
    "atlas": "",
    "rect": {
      "x": 87,
      "y": 24,
      "width": 182,
      "height": 1335
    },
    "offset": {
      "x": 0.5,
      "y": 1.5
    },
    "originalSize": {
      "width": 355,
      "height": 1386
    },
    "rotated": false,
    "capInsets": [
      0,
      0,
      0,
      0
    ],
    "vertices": {
      "rawPosition": [
        -91,
        -667.5,
        0,
        91,
        -667.5,
        0,
        -91,
        667.5,
        0,
        91,
        667.5,
        0
      ],
      "indexes": [
        0,
        1,
        2,
        2,
        1,
        3
      ],
      "uv": [
        87,
        1362,
        269,
        1362,
        87,
        27,
        269,
        27
      ],
      "nuv": [
        0.24507042253521127,
        0.01948051948051948,
        0.7577464788732394,
        0.01948051948051948,
        0.24507042253521127,
        0.9826839826839827,
        0.7577464788732394,
        0.9826839826839827
      ],
      "minPos": {
        "x": -91,
        "y": -667.5,
        "z": 0
      },
      "maxPos": {
        "x": 91,
        "y": 667.5,
        "z": 0
      }
    },
    "texture": "2b17b217-1717-4a0c-a067-2c86f92e2a57@6c48a",
    "packable": true,
    "pixelsToUnit": 100,
    "pivot": {
      "x": 0.5,
      "y": 0.5
    },
    "meshType": 0
  }
}