{
  "__type__": "cc.SpriteFrame",
  "content": {
    "name": "power2",
    "atlas": "",
    "rect": {
      "x": 26,
      "y": 32,
      "width": 103,
      "height": 96
    },
    "offset": {
      "x": -2.5,
      "y": 0
    },
    "originalSize": {
      "width": 160,
      "height": 160
    },
    "rotated": false,
    "capInsets": [
      0,
      0,
      0,
      0
    ],
    "vertices": {
      "rawPosition": [
        -51.5,
        -48,
        0,
        51.5,
        -48,
        0,
        -51.5,
        48,
        0,
        51.5,
        48,
        0
      ],
      "indexes": [
        0,
        1,
        2,
        2,
        1,
        3
      ],
      "uv": [
        26,
        128,
        129,
        128,
        26,
        32,
        129,
        32
      ],
      "nuv": [
        0.1625,
        0.2,
        0.80625,
        0.2,
        0.1625,
        0.8,
        0.80625,
        0.8
      ],
      "minPos": {
        "x": -51.5,
        "y": -48,
        "z": 0
      },
      "maxPos": {
        "x": 51.5,
        "y": 48,
        "z": 0
      }
    },
    "texture": "2bf3e440-35d7-4b7d-b299-782175555592@6c48a",
    "packable": true,
    "pixelsToUnit": 100,
    "pivot": {
      "x": 0.5,
      "y": 0.5
    },
    "meshType": 0
  }
}