{
  "__type__": "cc.SpriteFrame",
  "content": {
    "name": "8zhe",
    "atlas": "",
    "rect": {
      "x": 2,
      "y": 3,
      "width": 56,
      "height": 64
    },
    "offset": {
      "x": 0,
      "y": -1
    },
    "originalSize": {
      "width": 60,
      "height": 68
    },
    "rotated": false,
    "capInsets": [
      0,
      0,
      0,
      0
    ],
    "vertices": {
      "rawPosition": [
        -28,
        -32,
        0,
        28,
        -32,
        0,
        -28,
        32,
        0,
        28,
        32,
        0
      ],
      "indexes": [
        0,
        1,
        2,
        2,
        1,
        3
      ],
      "uv": [
        2,
        65,
        58,
        65,
        2,
        1,
        58,
        1
      ],
      "nuv": [
        0.03333333333333333,
        0.014705882352941176,
        0.9666666666666667,
        0.014705882352941176,
        0.03333333333333333,
        0.9558823529411765,
        0.9666666666666667,
        0.9558823529411765
      ],
      "minPos": {
        "x": -28,
        "y": -32,
        "z": 0
      },
      "maxPos": {
        "x": 28,
        "y": 32,
        "z": 0
      }
    },
    "texture": "5e077c2f-bf06-4988-893a-8cb04863536f@6c48a",
    "packable": true,
    "pixelsToUnit": 100,
    "pivot": {
      "x": 0.5,
      "y": 0.5
    },
    "meshType": 0
  }
}