{
  "__type__": "cc.SpriteFrame",
  "content": {
    "name": "m_21020_dead",
    "atlas": "",
    "rect": {
      "x": 0,
      "y": 14,
      "width": 879,
      "height": 1321
    },
    "offset": {
      "x": -6,
      "y": -6
    },
    "originalSize": {
      "width": 891,
      "height": 1337
    },
    "rotated": false,
    "capInsets": [
      0,
      0,
      0,
      0
    ],
    "vertices": {
      "rawPosition": [
        -439.5,
        -660.5,
        0,
        439.5,
        -660.5,
        0,
        -439.5,
        660.5,
        0,
        439.5,
        660.5,
        0
      ],
      "indexes": [
        0,
        1,
        2,
        2,
        1,
        3
      ],
      "uv": [
        0,
        1323,
        879,
        1323,
        0,
        2,
        879,
        2
      ],
      "nuv": [
        0,
        0.0014958863126402393,
        0.9865319865319865,
        0.0014958863126402393,
        0,
        0.9895287958115183,
        0.9865319865319865,
        0.9895287958115183
      ],
      "minPos": {
        "x": -439.5,
        "y": -660.5,
        "z": 0
      },
      "maxPos": {
        "x": 439.5,
        "y": 660.5,
        "z": 0
      }
    },
    "texture": "5e4f5ad6-37db-4238-a035-ac9f705bc816@6c48a",
    "packable": true,
    "pixelsToUnit": 100,
    "pivot": {
      "x": 0.5,
      "y": 0.5
    },
    "meshType": 0
  }
}