{
  "__type__": "cc.SpriteFrame",
  "content": {
    "name": "tower_hero_009",
    "atlas": "",
    "rect": {
      "x": 2,
      "y": 2,
      "width": 242,
      "height": 248
    },
    "offset": {
      "x": -5,
      "y": 2
    },
    "originalSize": {
      "width": 256,
      "height": 256
    },
    "rotated": false,
    "capInsets": [
      0,
      0,
      0,
      0
    ],
    "vertices": {
      "rawPosition": [
        -121,
        -124,
        0,
        121,
        -124,
        0,
        -121,
        124,
        0,
        121,
        124,
        0
      ],
      "indexes": [
        0,
        1,
        2,
        2,
        1,
        3
      ],
      "uv": [
        2,
        254,
        244,
        254,
        2,
        6,
        244,
        6
      ],
      "nuv": [
        0.0078125,
        0.0234375,
        0.953125,
        0.0234375,
        0.0078125,
        0.9921875,
        0.953125,
        0.9921875
      ],
      "minPos": {
        "x": -121,
        "y": -124,
        "z": 0
      },
      "maxPos": {
        "x": 121,
        "y": 124,
        "z": 0
      }
    },
    "texture": "5e9d6846-f3b1-4596-9bc6-e852414ddd44@6c48a",
    "packable": true,
    "pixelsToUnit": 100,
    "pivot": {
      "x": 0.5,
      "y": 0.5
    },
    "meshType": 0
  }
}