{
  "__type__": "cc.SpriteFrame",
  "content": {
    "name": "m_21014",
    "atlas": "",
    "rect": {
      "x": 0,
      "y": 0,
      "width": 948,
      "height": 990
    },
    "offset": {
      "x": -2,
      "y": 1
    },
    "originalSize": {
      "width": 952,
      "height": 992
    },
    "rotated": false,
    "capInsets": [
      0,
      0,
      0,
      0
    ],
    "vertices": {
      "rawPosition": [
        -474,
        -495,
        0,
        474,
        -495,
        0,
        -474,
        495,
        0,
        474,
        495,
        0
      ],
      "indexes": [
        0,
        1,
        2,
        2,
        1,
        3
      ],
      "uv": [
        0,
        992,
        948,
        992,
        0,
        2,
        948,
        2
      ],
      "nuv": [
        0,
        0.0020161290322580645,
        0.9957983193277311,
        0.0020161290322580645,
        0,
        1,
        0.9957983193277311,
        1
      ],
      "minPos": {
        "x": -474,
        "y": -495,
        "z": 0
      },
      "maxPos": {
        "x": 474,
        "y": 495,
        "z": 0
      }
    },
    "texture": "5ef4f72d-405b-483d-9555-79557bfef525@6c48a",
    "packable": true,
    "pixelsToUnit": 100,
    "pivot": {
      "x": 0.5,
      "y": 0.5
    },
    "meshType": 0
  }
}