{
  "__type__": "cc.SpriteFrame",
  "content": {
    "name": "acquire_light",
    "atlas": "",
    "rect": {
      "x": 1,
      "y": 1,
      "width": 269,
      "height": 269
    },
    "offset": {
      "x": 0.5,
      "y": -0.5
    },
    "originalSize": {
      "width": 270,
      "height": 270
    },
    "rotated": false,
    "capInsets": [
      0,
      0,
      0,
      0
    ],
    "vertices": {
      "rawPosition": [
        -134.5,
        -134.5,
        0,
        134.5,
        -134.5,
        0,
        -134.5,
        134.5,
        0,
        134.5,
        134.5,
        0
      ],
      "indexes": [
        0,
        1,
        2,
        2,
        1,
        3
      ],
      "uv": [
        1,
        269,
        270,
        269,
        1,
        0,
        270,
        0
      ],
      "nuv": [
        0.003703703703703704,
        0,
        1,
        0,
        0.003703703703703704,
        0.9962962962962963,
        1,
        0.9962962962962963
      ],
      "minPos": {
        "x": -134.5,
        "y": -134.5,
        "z": 0
      },
      "maxPos": {
        "x": 134.5,
        "y": 134.5,
        "z": 0
      }
    },
    "texture": "c607ccec-26e8-4b14-b7bf-aa0e2c0ecece@6c48a",
    "packable": true,
    "pixelsToUnit": 100,
    "pivot": {
      "x": 0.5,
      "y": 0.5
    },
    "meshType": 0
  }
}