{
  "__type__": "cc.SpriteFrame",
  "content": {
    "name": "unlock_bg",
    "atlas": "",
    "rect": {
      "x": 2,
      "y": 0,
      "width": 132,
      "height": 171
    },
    "offset": {
      "x": 1,
      "y": 0
    },
    "originalSize": {
      "width": 134,
      "height": 171
    },
    "rotated": false,
    "capInsets": [
      0,
      0,
      0,
      0
    ],
    "vertices": {
      "rawPosition": [
        -66,
        -85.5,
        0,
        66,
        -85.5,
        0,
        -66,
        85.5,
        0,
        66,
        85.5,
        0
      ],
      "indexes": [
        0,
        1,
        2,
        2,
        1,
        3
      ],
      "uv": [
        2,
        171,
        134,
        171,
        2,
        0,
        134,
        0
      ],
      "nuv": [
        0.014925373134328358,
        0,
        1,
        0,
        0.014925373134328358,
        1,
        1,
        1
      ],
      "minPos": {
        "x": -66,
        "y": -85.5,
        "z": 0
      },
      "maxPos": {
        "x": 66,
        "y": 85.5,
        "z": 0
      }
    },
    "texture": "c61a29a9-c516-4550-a1d5-1e0d145e2c09@6c48a",
    "packable": true,
    "pixelsToUnit": 100,
    "pivot": {
      "x": 0.5,
      "y": 0.5
    },
    "meshType": 0
  }
}