{
  "__type__": "cc.SpriteFrame",
  "content": {
    "name": "selected",
    "atlas": "",
    "rect": {
      "x": 7,
      "y": 7,
      "width": 109,
      "height": 109
    },
    "offset": {
      "x": 0,
      "y": 0
    },
    "originalSize": {
      "width": 123,
      "height": 123
    },
    "rotated": false,
    "capInsets": [
      0,
      0,
      0,
      0
    ],
    "vertices": {
      "rawPosition": [
        -54.5,
        -54.5,
        0,
        54.5,
        -54.5,
        0,
        -54.5,
        54.5,
        0,
        54.5,
        54.5,
        0
      ],
      "indexes": [
        0,
        1,
        2,
        2,
        1,
        3
      ],
      "uv": [
        7,
        116,
        116,
        116,
        7,
        7,
        116,
        7
      ],
      "nuv": [
        0.056910569105691054,
        0.056910569105691054,
        0.943089430894309,
        0.056910569105691054,
        0.056910569105691054,
        0.943089430894309,
        0.943089430894309,
        0.943089430894309
      ],
      "minPos": {
        "x": -54.5,
        "y": -54.5,
        "z": 0
      },
      "maxPos": {
        "x": 54.5,
        "y": 54.5,
        "z": 0
      }
    },
    "texture": "c64cc979-59ae-4545-9855-53a9593dc50e@6c48a",
    "packable": true,
    "pixelsToUnit": 100,
    "pivot": {
      "x": 0.5,
      "y": 0.5
    },
    "meshType": 0
  }
}