{
  "__type__": "cc.SpriteFrame",
  "content": {
    "name": "7xing",
    "atlas": "",
    "rect": {
      "x": 41,
      "y": 2,
      "width": 33,
      "height": 18
    },
    "offset": {
      "x": 9,
      "y": 7
    },
    "originalSize": {
      "width": 97,
      "height": 36
    },
    "rotated": false,
    "capInsets": [
      0,
      0,
      0,
      0
    ],
    "vertices": {
      "rawPosition": [
        -16.5,
        -9,
        0,
        16.5,
        -9,
        0,
        -16.5,
        9,
        0,
        16.5,
        9,
        0
      ],
      "indexes": [
        0,
        1,
        2,
        2,
        1,
        3
      ],
      "uv": [
        41,
        34,
        74,
        34,
        41,
        16,
        74,
        16
      ],
      "nuv": [
        0.422680412371134,
        0.4444444444444444,
        0.7628865979381443,
        0.4444444444444444,
        0.422680412371134,
        0.9444444444444444,
        0.7628865979381443,
        0.9444444444444444
      ],
      "minPos": {
        "x": -16.5,
        "y": -9,
        "z": 0
      },
      "maxPos": {
        "x": 16.5,
        "y": 9,
        "z": 0
      }
    },
    "texture": "c661a0a3-859b-47ab-b032-2b782ea6a3f7@6c48a",
    "packable": true,
    "pixelsToUnit": 100,
    "pivot": {
      "x": 0.5,
      "y": 0.5
    },
    "meshType": 0
  }
}