{
  "__type__": "cc.SpriteFrame",
  "content": {
    "name": "chaoZhiFuLi",
    "atlas": "",
    "rect": {
      "x": 2,
      "y": 0,
      "width": 83,
      "height": 86
    },
    "offset": {
      "x": 0.5,
      "y": 0
    },
    "originalSize": {
      "width": 86,
      "height": 86
    },
    "rotated": false,
    "capInsets": [
      0,
      0,
      0,
      0
    ],
    "vertices": {
      "rawPosition": [
        -41.5,
        -43,
        0,
        41.5,
        -43,
        0,
        -41.5,
        43,
        0,
        41.5,
        43,
        0
      ],
      "indexes": [
        0,
        1,
        2,
        2,
        1,
        3
      ],
      "uv": [
        2,
        86,
        85,
        86,
        2,
        0,
        85,
        0
      ],
      "nuv": [
        0.023255813953488372,
        0,
        0.9883720930232558,
        0,
        0.023255813953488372,
        1,
        0.9883720930232558,
        1
      ],
      "minPos": {
        "x": -41.5,
        "y": -43,
        "z": 0
      },
      "maxPos": {
        "x": 41.5,
        "y": 43,
        "z": 0
      }
    },
    "texture": "0549ee47-7bd6-459e-90c6-3aa707a4a6ee@6c48a",
    "packable": true,
    "pixelsToUnit": 100,
    "pivot": {
      "x": 0.5,
      "y": 0.5
    },
    "meshType": 0
  }
}