{
  "__type__": "cc.SpriteFrame",
  "content": {
    "name": "gold1",
    "atlas": "",
    "rect": {
      "x": 39,
      "y": 69,
      "width": 82,
      "height": 68
    },
    "offset": {
      "x": 0,
      "y": -23
    },
    "originalSize": {
      "width": 160,
      "height": 160
    },
    "rotated": false,
    "capInsets": [
      0,
      0,
      0,
      0
    ],
    "vertices": {
      "rawPosition": [
        -41,
        -34,
        0,
        41,
        -34,
        0,
        -41,
        34,
        0,
        41,
        34,
        0
      ],
      "indexes": [
        0,
        1,
        2,
        2,
        1,
        3
      ],
      "uv": [
        39,
        91,
        121,
        91,
        39,
        23,
        121,
        23
      ],
      "nuv": [
        0.24375,
        0.14375,
        0.75625,
        0.14375,
        0.24375,
        0.56875,
        0.75625,
        0.56875
      ],
      "minPos": {
        "x": -41,
        "y": -34,
        "z": 0
      },
      "maxPos": {
        "x": 41,
        "y": 34,
        "z": 0
      }
    },
    "texture": "05b28463-f9c6-4ecd-b093-15e3f7f7a829@6c48a",
    "packable": true,
    "pixelsToUnit": 100,
    "pivot": {
      "x": 0.5,
      "y": 0.5
    },
    "meshType": 0
  }
}