{
  "__type__": "cc.SpriteFrame",
  "content": {
    "name": "jingYing105",
    "atlas": "",
    "rect": {
      "x": 19,
      "y": 10,
      "width": 283,
      "height": 304
    },
    "offset": {
      "x": 0.5,
      "y": -2
    },
    "originalSize": {
      "width": 320,
      "height": 320
    },
    "rotated": false,
    "capInsets": [
      0,
      0,
      0,
      0
    ],
    "vertices": {
      "rawPosition": [
        -141.5,
        -152,
        0,
        141.5,
        -152,
        0,
        -141.5,
        152,
        0,
        141.5,
        152,
        0
      ],
      "indexes": [
        0,
        1,
        2,
        2,
        1,
        3
      ],
      "uv": [
        19,
        310,
        302,
        310,
        19,
        6,
        302,
        6
      ],
      "nuv": [
        0.059375,
        0.01875,
        0.94375,
        0.01875,
        0.059375,
        0.96875,
        0.94375,
        0.96875
      ],
      "minPos": {
        "x": -141.5,
        "y": -152,
        "z": 0
      },
      "maxPos": {
        "x": 141.5,
        "y": 152,
        "z": 0
      }
    },
    "texture": "05c7d4b4-1c1d-4fec-8505-8f1051442b34@6c48a",
    "packable": true,
    "pixelsToUnit": 100,
    "pivot": {
      "x": 0.5,
      "y": 0.5
    },
    "meshType": 0
  }
}