{
  "__type__": "cc.SpriteFrame",
  "content": {
    "name": "m_10901",
    "atlas": "",
    "rect": {
      "x": 3,
      "y": 0,
      "width": 989,
      "height": 1075
    },
    "offset": {
      "x": 1,
      "y": 3.5
    },
    "originalSize": {
      "width": 993,
      "height": 1082
    },
    "rotated": false,
    "capInsets": [
      0,
      0,
      0,
      0
    ],
    "vertices": {
      "rawPosition": [
        -494.5,
        -537.5,
        0,
        494.5,
        -537.5,
        0,
        -494.5,
        537.5,
        0,
        494.5,
        537.5,
        0
      ],
      "indexes": [
        0,
        1,
        2,
        2,
        1,
        3
      ],
      "uv": [
        3,
        1082,
        992,
        1082,
        3,
        7,
        992,
        7
      ],
      "nuv": [
        0.0030211480362537764,
        0.006469500924214418,
        0.998992950654582,
        0.006469500924214418,
        0.0030211480362537764,
        1,
        0.998992950654582,
        1
      ],
      "minPos": {
        "x": -494.5,
        "y": -537.5,
        "z": 0
      },
      "maxPos": {
        "x": 494.5,
        "y": 537.5,
        "z": 0
      }
    },
    "texture": "05fa92b2-a386-4597-b8d2-442d1d25088c@6c48a",
    "packable": true,
    "pixelsToUnit": 100,
    "pivot": {
      "x": 0.5,
      "y": 0.5
    },
    "meshType": 0
  }
}