{
  "__type__": "cc.SpriteFrame",
  "content": {
    "name": "jufengjiguang",
    "atlas": "",
    "rect": {
      "x": 2,
      "y": 2,
      "width": 1032,
      "height": 652
    },
    "offset": {
      "x": 0,
      "y": -0.5
    },
    "originalSize": {
      "width": 1036,
      "height": 655
    },
    "rotated": false,
    "capInsets": [
      0,
      0,
      0,
      0
    ],
    "vertices": {
      "rawPosition": [
        -516,
        -326,
        0,
        516,
        -326,
        0,
        -516,
        326,
        0,
        516,
        326,
        0
      ],
      "indexes": [
        0,
        1,
        2,
        2,
        1,
        3
      ],
      "uv": [
        2,
        653,
        1034,
        653,
        2,
        1,
        1034,
        1
      ],
      "nuv": [
        0.0019305019305019305,
        0.0015267175572519084,
        0.9980694980694981,
        0.0015267175572519084,
        0.0019305019305019305,
        0.9969465648854962,
        0.9980694980694981,
        0.9969465648854962
      ],
      "minPos": {
        "x": -516,
        "y": -326,
        "z": 0
      },
      "maxPos": {
        "x": 516,
        "y": 326,
        "z": 0
      }
    },
    "texture": "7e3df7fe-ce20-44dd-a080-1a337b9397f8@6c48a",
    "packable": true,
    "pixelsToUnit": 100,
    "pivot": {
      "x": 0.5,
      "y": 0.5
    },
    "meshType": 0
  }
}