{
  "__type__": "cc.SpriteFrame",
  "content": {
    "name": "hero_3101",
    "atlas": "",
    "rect": {
      "x": 6,
      "y": 2,
      "width": 55,
      "height": 56
    },
    "offset": {
      "x": 1,
      "y": 0
    },
    "originalSize": {
      "width": 65,
      "height": 60
    },
    "rotated": false,
    "capInsets": [
      0,
      0,
      0,
      0
    ],
    "vertices": {
      "rawPosition": [
        -27.5,
        -28,
        0,
        27.5,
        -28,
        0,
        -27.5,
        28,
        0,
        27.5,
        28,
        0
      ],
      "indexes": [
        0,
        1,
        2,
        2,
        1,
        3
      ],
      "uv": [
        6,
        58,
        61,
        58,
        6,
        2,
        61,
        2
      ],
      "nuv": [
        0.09230769230769231,
        0.03333333333333333,
        0.9384615384615385,
        0.03333333333333333,
        0.09230769230769231,
        0.9666666666666667,
        0.9384615384615385,
        0.9666666666666667
      ],
      "minPos": {
        "x": -27.5,
        "y": -28,
        "z": 0
      },
      "maxPos": {
        "x": 27.5,
        "y": 28,
        "z": 0
      }
    },
    "texture": "7e4b0f68-3f56-4181-b588-984a3933c3ca@6c48a",
    "packable": true,
    "pixelsToUnit": 100,
    "pivot": {
      "x": 0.5,
      "y": 0.5
    },
    "meshType": 0
  }
}