{
  "__type__": "cc.SpriteFrame",
  "content": {
    "name": "hero_3401",
    "atlas": "",
    "rect": {
      "x": 1,
      "y": 9,
      "width": 157,
      "height": 139
    },
    "offset": {
      "x": -0.5,
      "y": 1.5
    },
    "originalSize": {
      "width": 160,
      "height": 160
    },
    "rotated": false,
    "capInsets": [
      0,
      0,
      0,
      0
    ],
    "vertices": {
      "rawPosition": [
        -78.5,
        -69.5,
        0,
        78.5,
        -69.5,
        0,
        -78.5,
        69.5,
        0,
        78.5,
        69.5,
        0
      ],
      "indexes": [
        0,
        1,
        2,
        2,
        1,
        3
      ],
      "uv": [
        1,
        151,
        158,
        151,
        1,
        12,
        158,
        12
      ],
      "nuv": [
        0.00625,
        0.075,
        0.9875,
        0.075,
        0.00625,
        0.94375,
        0.9875,
        0.94375
      ],
      "minPos": {
        "x": -78.5,
        "y": -69.5,
        "z": 0
      },
      "maxPos": {
        "x": 78.5,
        "y": 69.5,
        "z": 0
      }
    },
    "texture": "7e5e3ad3-7e0b-4ecb-841a-a9a08adfca6f@6c48a",
    "packable": true,
    "pixelsToUnit": 100,
    "pivot": {
      "x": 0.5,
      "y": 0.5
    },
    "meshType": 0
  }
}