{
  "__type__": "cc.SpriteFrame",
  "content": {
    "name": "zhiye2",
    "atlas": "",
    "rect": {
      "x": 1,
      "y": 0,
      "width": 636,
      "height": 478
    },
    "offset": {
      "x": 0,
      "y": 0.5
    },
    "originalSize": {
      "width": 638,
      "height": 479
    },
    "rotated": false,
    "capInsets": [
      0,
      0,
      0,
      0
    ],
    "vertices": {
      "rawPosition": [
        -318,
        -239,
        0,
        318,
        -239,
        0,
        -318,
        239,
        0,
        318,
        239,
        0
      ],
      "indexes": [
        0,
        1,
        2,
        2,
        1,
        3
      ],
      "uv": [
        1,
        479,
        637,
        479,
        1,
        1,
        637,
        1
      ],
      "nuv": [
        0.001567398119122257,
        0.0020876826722338203,
        0.9984326018808778,
        0.0020876826722338203,
        0.001567398119122257,
        1,
        0.9984326018808778,
        1
      ],
      "minPos": {
        "x": -318,
        "y": -239,
        "z": 0
      },
      "maxPos": {
        "x": 318,
        "y": 239,
        "z": 0
      }
    },
    "texture": "9ee05689-7f8e-4271-8883-a0e6bccc352c@6c48a",
    "packable": true,
    "pixelsToUnit": 100,
    "pivot": {
      "x": 0.5,
      "y": 0.5
    },
    "meshType": 0
  }
}