{
  "__type__": "cc.SpriteFrame",
  "content": {
    "name": "btn_ZhuangBei01",
    "atlas": "",
    "rect": {
      "x": 1,
      "y": 10,
      "width": 63,
      "height": 43
    },
    "offset": {
      "x": -0.5,
      "y": 0.5
    },
    "originalSize": {
      "width": 66,
      "height": 64
    },
    "rotated": false,
    "capInsets": [
      0,
      0,
      0,
      0
    ],
    "vertices": {
      "rawPosition": [
        -31.5,
        -21.5,
        0,
        31.5,
        -21.5,
        0,
        -31.5,
        21.5,
        0,
        31.5,
        21.5,
        0
      ],
      "indexes": [
        0,
        1,
        2,
        2,
        1,
        3
      ],
      "uv": [
        1,
        54,
        64,
        54,
        1,
        11,
        64,
        11
      ],
      "nuv": [
        0.015151515151515152,
        0.171875,
        0.9696969696969697,
        0.171875,
        0.015151515151515152,
        0.84375,
        0.9696969696969697,
        0.84375
      ],
      "minPos": {
        "x": -31.5,
        "y": -21.5,
        "z": 0
      },
      "maxPos": {
        "x": 31.5,
        "y": 21.5,
        "z": 0
      }
    },
    "texture": "eb37f1c6-d6db-4dd2-872d-ad50541c12e7@6c48a",
    "packable": true,
    "pixelsToUnit": 100,
    "pivot": {
      "x": 0.5,
      "y": 0.5
    },
    "meshType": 0
  }
}