{
  "__type__": "cc.SpriteFrame",
  "content": {
    "name": "jingYing02",
    "atlas": "",
    "rect": {
      "x": 33,
      "y": 70,
      "width": 255,
      "height": 231
    },
    "offset": {
      "x": 0.5,
      "y": -25.5
    },
    "originalSize": {
      "width": 320,
      "height": 320
    },
    "rotated": false,
    "capInsets": [
      0,
      0,
      0,
      0
    ],
    "vertices": {
      "rawPosition": [
        -127.5,
        -115.5,
        0,
        127.5,
        -115.5,
        0,
        -127.5,
        115.5,
        0,
        127.5,
        115.5,
        0
      ],
      "indexes": [
        0,
        1,
        2,
        2,
        1,
        3
      ],
      "uv": [
        33,
        250,
        288,
        250,
        33,
        19,
        288,
        19
      ],
      "nuv": [
        0.103125,
        0.059375,
        0.9,
        0.059375,
        0.103125,
        0.78125,
        0.9,
        0.78125
      ],
      "minPos": {
        "x": -127.5,
        "y": -115.5,
        "z": 0
      },
      "maxPos": {
        "x": 127.5,
        "y": 115.5,
        "z": 0
      }
    },
    "texture": "bf7db0de-f4b0-4c01-b15e-b87115f42f59@6c48a",
    "packable": true,
    "pixelsToUnit": 100,
    "pivot": {
      "x": 0.5,
      "y": 0.5
    },
    "meshType": 0
  }
}