{
  "__type__": "cc.SpriteFrame",
  "content": {
    "name": "hero_4502",
    "atlas": "",
    "rect": {
      "x": 0,
      "y": 1,
      "width": 65,
      "height": 57
    },
    "offset": {
      "x": 0,
      "y": 0.5
    },
    "originalSize": {
      "width": 65,
      "height": 60
    },
    "rotated": false,
    "capInsets": [
      0,
      0,
      0,
      0
    ],
    "vertices": {
      "rawPosition": [
        -32.5,
        -28.5,
        0,
        32.5,
        -28.5,
        0,
        -32.5,
        28.5,
        0,
        32.5,
        28.5,
        0
      ],
      "indexes": [
        0,
        1,
        2,
        2,
        1,
        3
      ],
      "uv": [
        0,
        59,
        65,
        59,
        0,
        2,
        65,
        2
      ],
      "nuv": [
        0,
        0.03333333333333333,
        1,
        0.03333333333333333,
        0,
        0.9833333333333333,
        1,
        0.9833333333333333
      ],
      "minPos": {
        "x": -32.5,
        "y": -28.5,
        "z": 0
      },
      "maxPos": {
        "x": 32.5,
        "y": 28.5,
        "z": 0
      }
    },
    "texture": "fc2a1763-e40e-4e9e-b214-4c9fdc2e8103@6c48a",
    "packable": true,
    "pixelsToUnit": 100,
    "pivot": {
      "x": 0.5,
      "y": 0.5
    },
    "meshType": 0
  }
}