{
  "__type__": "cc.SpriteFrame",
  "content": {
    "name": "hero_3101_behit_2",
    "atlas": "",
    "rect": {
      "x": 0,
      "y": 0,
      "width": 1936,
      "height": 534
    },
    "offset": {
      "x": -1.5,
      "y": 0
    },
    "originalSize": {
      "width": 1939,
      "height": 534
    },
    "rotated": false,
    "capInsets": [
      0,
      0,
      0,
      0
    ],
    "vertices": {
      "rawPosition": [
        -968,
        -267,
        0,
        968,
        -267,
        0,
        -968,
        267,
        0,
        968,
        267,
        0
      ],
      "indexes": [
        0,
        1,
        2,
        2,
        1,
        3
      ],
      "uv": [
        0,
        534,
        1936,
        534,
        0,
        0,
        1936,
        0
      ],
      "nuv": [
        0,
        0,
        0.998452810727179,
        0,
        0,
        1,
        0.998452810727179,
        1
      ],
      "minPos": {
        "x": -968,
        "y": -267,
        "z": 0
      },
      "maxPos": {
        "x": 968,
        "y": 267,
        "z": 0
      }
    },
    "texture": "fcdd303e-c26f-450b-8a89-04785e5cbf5b@6c48a",
    "packable": true,
    "pixelsToUnit": 100,
    "pivot": {
      "x": 0.5,
      "y": 0.5
    },
    "meshType": 0
  }
}