{
  "__type__": "cc.SpriteFrame",
  "content": {
    "name": "tower_hero_011",
    "atlas": "",
    "rect": {
      "x": 1,
      "y": 1,
      "width": 332,
      "height": 140
    },
    "offset": {
      "x": 0,
      "y": 0
    },
    "originalSize": {
      "width": 334,
      "height": 142
    },
    "rotated": false,
    "capInsets": [
      0,
      0,
      0,
      0
    ],
    "vertices": {
      "rawPosition": [
        -166,
        -70,
        0,
        166,
        -70,
        0,
        -166,
        70,
        0,
        166,
        70,
        0
      ],
      "indexes": [
        0,
        1,
        2,
        2,
        1,
        3
      ],
      "uv": [
        1,
        141,
        333,
        141,
        1,
        1,
        333,
        1
      ],
      "nuv": [
        0.0029940119760479044,
        0.007042253521126761,
        0.9970059880239521,
        0.007042253521126761,
        0.0029940119760479044,
        0.9929577464788732,
        0.9970059880239521,
        0.9929577464788732
      ],
      "minPos": {
        "x": -166,
        "y": -70,
        "z": 0
      },
      "maxPos": {
        "x": 166,
        "y": 70,
        "z": 0
      }
    },
    "texture": "fabd556f-1b71-49ba-ad3d-aef6c345dca2@6c48a",
    "packable": true,
    "pixelsToUnit": 100,
    "pivot": {
      "x": 0.5,
      "y": 0.5
    },
    "meshType": 0
  }
}