{
  "__type__": "cc.SpriteFrame",
  "content": {
    "name": "hero_2301",
    "atlas": "",
    "rect": {
      "x": 41,
      "y": 10,
      "width": 100,
      "height": 132
    },
    "offset": {
      "x": 11,
      "y": 4
    },
    "originalSize": {
      "width": 160,
      "height": 160
    },
    "rotated": false,
    "capInsets": [
      0,
      0,
      0,
      0
    ],
    "vertices": {
      "rawPosition": [
        -50,
        -66,
        0,
        50,
        -66,
        0,
        -50,
        66,
        0,
        50,
        66,
        0
      ],
      "indexes": [
        0,
        1,
        2,
        2,
        1,
        3
      ],
      "uv": [
        41,
        150,
        141,
        150,
        41,
        18,
        141,
        18
      ],
      "nuv": [
        0.25625,
        0.1125,
        0.88125,
        0.1125,
        0.25625,
        0.9375,
        0.88125,
        0.9375
      ],
      "minPos": {
        "x": -50,
        "y": -66,
        "z": 0
      },
      "maxPos": {
        "x": 50,
        "y": 66,
        "z": 0
      }
    },
    "texture": "fade8c77-e5ff-486b-8957-a7040c06f270@6c48a",
    "packable": true,
    "pixelsToUnit": 100,
    "pivot": {
      "x": 0.5,
      "y": 0.5
    },
    "meshType": 0
  }
}