{
  "__type__": "cc.SpriteFrame",
  "content": {
    "name": "m_10903",
    "atlas": "",
    "rect": {
      "x": 1,
      "y": 0,
      "width": 1012,
      "height": 1724
    },
    "offset": {
      "x": -0.5,
      "y": 15.5
    },
    "originalSize": {
      "width": 1015,
      "height": 1755
    },
    "rotated": false,
    "capInsets": [
      0,
      0,
      0,
      0
    ],
    "vertices": {
      "rawPosition": [
        -506,
        -862,
        0,
        506,
        -862,
        0,
        -506,
        862,
        0,
        506,
        862,
        0
      ],
      "indexes": [
        0,
        1,
        2,
        2,
        1,
        3
      ],
      "uv": [
        1,
        1755,
        1013,
        1755,
        1,
        31,
        1013,
        31
      ],
      "nuv": [
        0.0009852216748768472,
        0.017663817663817662,
        0.9980295566502463,
        0.017663817663817662,
        0.0009852216748768472,
        1,
        0.9980295566502463,
        1
      ],
      "minPos": {
        "x": -506,
        "y": -862,
        "z": 0
      },
      "maxPos": {
        "x": 506,
        "y": 862,
        "z": 0
      }
    },
    "texture": "faf6ce73-2363-40c5-a4f4-7efe65f2c120@6c48a",
    "packable": true,
    "pixelsToUnit": 100,
    "pivot": {
      "x": 0.5,
      "y": 0.5
    },
    "meshType": 0
  }
}