{
  "__type__": "cc.SpriteFrame",
  "content": {
    "name": "m_32003_bullet_2",
    "atlas": "",
    "rect": {
      "x": 2,
      "y": 7,
      "width": 247,
      "height": 240
    },
    "offset": {
      "x": -2.5,
      "y": 1
    },
    "originalSize": {
      "width": 256,
      "height": 256
    },
    "rotated": false,
    "capInsets": [
      0,
      0,
      0,
      0
    ],
    "vertices": {
      "rawPosition": [
        -123.5,
        -120,
        0,
        123.5,
        -120,
        0,
        -123.5,
        120,
        0,
        123.5,
        120,
        0
      ],
      "indexes": [
        0,
        1,
        2,
        2,
        1,
        3
      ],
      "uv": [
        2,
        249,
        249,
        249,
        2,
        9,
        249,
        9
      ],
      "nuv": [
        0.0078125,
        0.03515625,
        0.97265625,
        0.03515625,
        0.0078125,
        0.97265625,
        0.97265625,
        0.97265625
      ],
      "minPos": {
        "x": -123.5,
        "y": -120,
        "z": 0
      },
      "maxPos": {
        "x": 123.5,
        "y": 120,
        "z": 0
      }
    },
    "texture": "7d55b372-3d8f-4a53-95af-95246233775c@6c48a",
    "packable": true,
    "pixelsToUnit": 100,
    "pivot": {
      "x": 0.5,
      "y": 0.5
    },
    "meshType": 0
  }
}