{
  "__type__": "cc.SpriteFrame",
  "content": {
    "name": "btn_Mulu01",
    "atlas": "",
    "rect": {
      "x": 5,
      "y": 4,
      "width": 55,
      "height": 56
    },
    "offset": {
      "x": -0.5,
      "y": 0
    },
    "originalSize": {
      "width": 66,
      "height": 64
    },
    "rotated": false,
    "capInsets": [
      0,
      0,
      0,
      0
    ],
    "vertices": {
      "rawPosition": [
        -27.5,
        -28,
        0,
        27.5,
        -28,
        0,
        -27.5,
        28,
        0,
        27.5,
        28,
        0
      ],
      "indexes": [
        0,
        1,
        2,
        2,
        1,
        3
      ],
      "uv": [
        5,
        60,
        60,
        60,
        5,
        4,
        60,
        4
      ],
      "nuv": [
        0.07575757575757576,
        0.0625,
        0.9090909090909091,
        0.0625,
        0.07575757575757576,
        0.9375,
        0.9090909090909091,
        0.9375
      ],
      "minPos": {
        "x": -27.5,
        "y": -28,
        "z": 0
      },
      "maxPos": {
        "x": 27.5,
        "y": 28,
        "z": 0
      }
    },
    "texture": "f4765d4c-6987-4af4-bfe9-e62a6c7a6006@6c48a",
    "packable": true,
    "pixelsToUnit": 100,
    "pivot": {
      "x": 0.5,
      "y": 0.5
    },
    "meshType": 0
  }
}