{
  "__type__": "cc.SpriteFrame",
  "content": {
    "name": "chongZhi",
    "atlas": "",
    "rect": {
      "x": 1,
      "y": 0,
      "width": 43,
      "height": 45
    },
    "offset": {
      "x": 0,
      "y": 0
    },
    "originalSize": {
      "width": 45,
      "height": 45
    },
    "rotated": false,
    "capInsets": [
      0,
      0,
      0,
      0
    ],
    "vertices": {
      "rawPosition": [
        -21.5,
        -22.5,
        0,
        21.5,
        -22.5,
        0,
        -21.5,
        22.5,
        0,
        21.5,
        22.5,
        0
      ],
      "indexes": [
        0,
        1,
        2,
        2,
        1,
        3
      ],
      "uv": [
        1,
        45,
        44,
        45,
        1,
        0,
        44,
        0
      ],
      "nuv": [
        0.022222222222222223,
        0,
        0.9777777777777777,
        0,
        0.022222222222222223,
        1,
        0.9777777777777777,
        1
      ],
      "minPos": {
        "x": -21.5,
        "y": -22.5,
        "z": 0
      },
      "maxPos": {
        "x": 21.5,
        "y": 22.5,
        "z": 0
      }
    },
    "texture": "f4790d79-3762-4e09-b277-861e0c8faaf0@6c48a",
    "packable": true,
    "pixelsToUnit": 100,
    "pivot": {
      "x": 0.5,
      "y": 0.5
    },
    "meshType": 0
  }
}