{
  "__type__": "cc.SpriteFrame",
  "content": {
    "name": "m_31016_buff",
    "atlas": "",
    "rect": {
      "x": 3,
      "y": 0,
      "width": 1959,
      "height": 288
    },
    "offset": {
      "x": -0.5,
      "y": 0
    },
    "originalSize": {
      "width": 1966,
      "height": 288
    },
    "rotated": false,
    "capInsets": [
      0,
      0,
      0,
      0
    ],
    "vertices": {
      "rawPosition": [
        -979.5,
        -144,
        0,
        979.5,
        -144,
        0,
        -979.5,
        144,
        0,
        979.5,
        144,
        0
      ],
      "indexes": [
        0,
        1,
        2,
        2,
        1,
        3
      ],
      "uv": [
        3,
        288,
        1962,
        288,
        3,
        0,
        1962,
        0
      ],
      "nuv": [
        0.001525940996948118,
        0,
        0.9979654120040692,
        0,
        0.001525940996948118,
        1,
        0.9979654120040692,
        1
      ],
      "minPos": {
        "x": -979.5,
        "y": -144,
        "z": 0
      },
      "maxPos": {
        "x": 979.5,
        "y": 144,
        "z": 0
      }
    },
    "texture": "57197a3e-31ee-4594-a5be-b997a27700ea@6c48a",
    "packable": true,
    "pixelsToUnit": 100,
    "pivot": {
      "x": 0.5,
      "y": 0.5
    },
    "meshType": 0
  }
}