{
  "__type__": "cc.SpriteFrame",
  "content": {
    "name": "sc001_00017",
    "atlas": "",
    "rect": {
      "x": 28,
      "y": 16,
      "width": 79,
      "height": 101
    },
    "offset": {
      "x": 7.5,
      "y": -6.5
    },
    "originalSize": {
      "width": 120,
      "height": 120
    },
    "rotated": false,
    "capInsets": [
      0,
      0,
      0,
      0
    ],
    "vertices": {
      "rawPosition": [
        -39.5,
        -50.5,
        0,
        39.5,
        -50.5,
        0,
        -39.5,
        50.5,
        0,
        39.5,
        50.5,
        0
      ],
      "indexes": [
        0,
        1,
        2,
        2,
        1,
        3
      ],
      "uv": [
        28,
        104,
        107,
        104,
        28,
        3,
        107,
        3
      ],
      "nuv": [
        0.23333333333333334,
        0.025,
        0.8916666666666667,
        0.025,
        0.23333333333333334,
        0.8666666666666667,
        0.8916666666666667,
        0.8666666666666667
      ],
      "minPos": {
        "x": -39.5,
        "y": -50.5,
        "z": 0
      },
      "maxPos": {
        "x": 39.5,
        "y": 50.5,
        "z": 0
      }
    },
    "texture": "572bf559-fda8-4cdd-b291-ef5d47f8c17b@6c48a",
    "packable": true,
    "pixelsToUnit": 100,
    "pivot": {
      "x": 0.5,
      "y": 0.5
    },
    "meshType": 0
  }
}