{
  "__type__": "cc.SpriteFrame",
  "content": {
    "name": "2zhe",
    "atlas": "",
    "rect": {
      "x": 2,
      "y": 8,
      "width": 56,
      "height": 59
    },
    "offset": {
      "x": 0,
      "y": -3.5
    },
    "originalSize": {
      "width": 60,
      "height": 68
    },
    "rotated": false,
    "capInsets": [
      0,
      0,
      0,
      0
    ],
    "vertices": {
      "rawPosition": [
        -28,
        -29.5,
        0,
        28,
        -29.5,
        0,
        -28,
        29.5,
        0,
        28,
        29.5,
        0
      ],
      "indexes": [
        0,
        1,
        2,
        2,
        1,
        3
      ],
      "uv": [
        2,
        60,
        58,
        60,
        2,
        1,
        58,
        1
      ],
      "nuv": [
        0.03333333333333333,
        0.014705882352941176,
        0.9666666666666667,
        0.014705882352941176,
        0.03333333333333333,
        0.8823529411764706,
        0.9666666666666667,
        0.8823529411764706
      ],
      "minPos": {
        "x": -28,
        "y": -29.5,
        "z": 0
      },
      "maxPos": {
        "x": 28,
        "y": 29.5,
        "z": 0
      }
    },
    "texture": "574f58a1-c8cc-4254-802b-c80af5ce8abe@6c48a",
    "packable": true,
    "pixelsToUnit": 100,
    "pivot": {
      "x": 0.5,
      "y": 0.5
    },
    "meshType": 0
  }
}