{
  "__type__": "cc.SpriteFrame",
  "content": {
    "name": "jsc",
    "atlas": "",
    "rect": {
      "x": 5,
      "y": 4,
      "width": 203,
      "height": 117
    },
    "offset": {
      "x": 2.5,
      "y": 0
    },
    "originalSize": {
      "width": 208,
      "height": 125
    },
    "rotated": false,
    "capInsets": [
      0,
      0,
      0,
      0
    ],
    "vertices": {
      "rawPosition": [
        -101.5,
        -58.5,
        0,
        101.5,
        -58.5,
        0,
        -101.5,
        58.5,
        0,
        101.5,
        58.5,
        0
      ],
      "indexes": [
        0,
        1,
        2,
        2,
        1,
        3
      ],
      "uv": [
        5,
        121,
        208,
        121,
        5,
        4,
        208,
        4
      ],
      "nuv": [
        0.02403846153846154,
        0.032,
        1,
        0.032,
        0.02403846153846154,
        0.968,
        1,
        0.968
      ],
      "minPos": {
        "x": -101.5,
        "y": -58.5,
        "z": 0
      },
      "maxPos": {
        "x": 101.5,
        "y": 58.5,
        "z": 0
      }
    },
    "texture": "57a18bdb-785e-4685-a286-3535b948cf3f@6c48a",
    "packable": true,
    "pixelsToUnit": 100,
    "pivot": {
      "x": 0.5,
      "y": 0.5
    },
    "meshType": 0
  }
}