{
  "__type__": "cc.SpriteFrame",
  "content": {
    "name": "m_31003",
    "atlas": "",
    "rect": {
      "x": 2,
      "y": 2,
      "width": 496,
      "height": 494
    },
    "offset": {
      "x": -6,
      "y": 7
    },
    "originalSize": {
      "width": 512,
      "height": 512
    },
    "rotated": false,
    "capInsets": [
      0,
      0,
      0,
      0
    ],
    "vertices": {
      "rawPosition": [
        -248,
        -247,
        0,
        248,
        -247,
        0,
        -248,
        247,
        0,
        248,
        247,
        0
      ],
      "indexes": [
        0,
        1,
        2,
        2,
        1,
        3
      ],
      "uv": [
        2,
        510,
        498,
        510,
        2,
        16,
        498,
        16
      ],
      "nuv": [
        0.00390625,
        0.03125,
        0.97265625,
        0.03125,
        0.00390625,
        0.99609375,
        0.97265625,
        0.99609375
      ],
      "minPos": {
        "x": -248,
        "y": -247,
        "z": 0
      },
      "maxPos": {
        "x": 248,
        "y": 247,
        "z": 0
      }
    },
    "texture": "57c321ed-cbc6-4b17-bd41-b74856bb914f@6c48a",
    "packable": true,
    "pixelsToUnit": 100,
    "pivot": {
      "x": 0.5,
      "y": 0.5
    },
    "meshType": 0
  }
}