{
  "__type__": "cc.SpriteFrame",
  "content": {
    "name": "big_reward",
    "atlas": "",
    "rect": {
      "x": 3,
      "y": 1,
      "width": 75,
      "height": 66
    },
    "offset": {
      "x": 0.5,
      "y": 0.5
    },
    "originalSize": {
      "width": 80,
      "height": 69
    },
    "rotated": false,
    "capInsets": [
      0,
      0,
      0,
      0
    ],
    "vertices": {
      "rawPosition": [
        -37.5,
        -33,
        0,
        37.5,
        -33,
        0,
        -37.5,
        33,
        0,
        37.5,
        33,
        0
      ],
      "indexes": [
        0,
        1,
        2,
        2,
        1,
        3
      ],
      "uv": [
        3,
        68,
        78,
        68,
        3,
        2,
        78,
        2
      ],
      "nuv": [
        0.0375,
        0.028985507246376812,
        0.975,
        0.028985507246376812,
        0.0375,
        0.9855072463768116,
        0.975,
        0.9855072463768116
      ],
      "minPos": {
        "x": -37.5,
        "y": -33,
        "z": 0
      },
      "maxPos": {
        "x": 37.5,
        "y": 33,
        "z": 0
      }
    },
    "texture": "57c4729d-38c3-4702-ae22-294365f9333c@6c48a",
    "packable": true,
    "pixelsToUnit": 100,
    "pivot": {
      "x": 0.5,
      "y": 0.5
    },
    "meshType": 0
  }
}