{
  "__type__": "cc.SpriteFrame",
  "content": {
    "name": "hero_4202_behit_2",
    "atlas": "",
    "rect": {
      "x": 27,
      "y": 8,
      "width": 816,
      "height": 129
    },
    "offset": {
      "x": 10,
      "y": 2.5
    },
    "originalSize": {
      "width": 850,
      "height": 150
    },
    "rotated": false,
    "capInsets": [
      0,
      0,
      0,
      0
    ],
    "vertices": {
      "rawPosition": [
        -408,
        -64.5,
        0,
        408,
        -64.5,
        0,
        -408,
        64.5,
        0,
        408,
        64.5,
        0
      ],
      "indexes": [
        0,
        1,
        2,
        2,
        1,
        3
      ],
      "uv": [
        27,
        142,
        843,
        142,
        27,
        13,
        843,
        13
      ],
      "nuv": [
        0.03176470588235294,
        0.08666666666666667,
        0.991764705882353,
        0.08666666666666667,
        0.03176470588235294,
        0.9466666666666667,
        0.991764705882353,
        0.9466666666666667
      ],
      "minPos": {
        "x": -408,
        "y": -64.5,
        "z": 0
      },
      "maxPos": {
        "x": 408,
        "y": 64.5,
        "z": 0
      }
    },
    "texture": "57d2d926-1918-4435-9d95-1c24a82f7e0a@6c48a",
    "packable": true,
    "pixelsToUnit": 100,
    "pivot": {
      "x": 0.5,
      "y": 0.5
    },
    "meshType": 0
  }
}