{
  "__type__": "cc.SpriteFrame",
  "content": {
    "name": "hero_1401",
    "atlas": "",
    "rect": {
      "x": 26,
      "y": 22,
      "width": 134,
      "height": 117
    },
    "offset": {
      "x": 13,
      "y": -0.5
    },
    "originalSize": {
      "width": 160,
      "height": 160
    },
    "rotated": false,
    "capInsets": [
      0,
      0,
      0,
      0
    ],
    "vertices": {
      "rawPosition": [
        -67,
        -58.5,
        0,
        67,
        -58.5,
        0,
        -67,
        58.5,
        0,
        67,
        58.5,
        0
      ],
      "indexes": [
        0,
        1,
        2,
        2,
        1,
        3
      ],
      "uv": [
        26,
        138,
        160,
        138,
        26,
        21,
        160,
        21
      ],
      "nuv": [
        0.1625,
        0.13125,
        1,
        0.13125,
        0.1625,
        0.8625,
        1,
        0.8625
      ],
      "minPos": {
        "x": -67,
        "y": -58.5,
        "z": 0
      },
      "maxPos": {
        "x": 67,
        "y": 58.5,
        "z": 0
      }
    },
    "texture": "57e17083-9af2-4a3b-9f8a-379f1b583d69@6c48a",
    "packable": true,
    "pixelsToUnit": 100,
    "pivot": {
      "x": 0.5,
      "y": 0.5
    },
    "meshType": 0
  }
}