{
  "__type__": "cc.SpriteFrame",
  "content": {
    "name": "m_10007",
    "atlas": "",
    "rect": {
      "x": 2,
      "y": 1,
      "width": 1885,
      "height": 1025
    },
    "offset": {
      "x": -1.5,
      "y": 11
    },
    "originalSize": {
      "width": 1892,
      "height": 1049
    },
    "rotated": false,
    "capInsets": [
      0,
      0,
      0,
      0
    ],
    "vertices": {
      "rawPosition": [
        -942.5,
        -512.5,
        0,
        942.5,
        -512.5,
        0,
        -942.5,
        512.5,
        0,
        942.5,
        512.5,
        0
      ],
      "indexes": [
        0,
        1,
        2,
        2,
        1,
        3
      ],
      "uv": [
        2,
        1048,
        1887,
        1048,
        2,
        23,
        1887,
        23
      ],
      "nuv": [
        0.0010570824524312897,
        0.0219256434699714,
        0.9973572938689218,
        0.0219256434699714,
        0.0010570824524312897,
        0.9990467111534795,
        0.9973572938689218,
        0.9990467111534795
      ],
      "minPos": {
        "x": -942.5,
        "y": -512.5,
        "z": 0
      },
      "maxPos": {
        "x": 942.5,
        "y": 512.5,
        "z": 0
      }
    },
    "texture": "189a5939-b2be-4876-ae11-f20bd976c404@6c48a",
    "packable": true,
    "pixelsToUnit": 100,
    "pivot": {
      "x": 0.5,
      "y": 0.5
    },
    "meshType": 0
  }
}