{
  "__type__": "cc.SpriteFrame",
  "content": {
    "name": "hero_4401",
    "atlas": "",
    "rect": {
      "x": 4,
      "y": 3,
      "width": 60,
      "height": 55
    },
    "offset": {
      "x": 1.5,
      "y": -0.5
    },
    "originalSize": {
      "width": 65,
      "height": 60
    },
    "rotated": false,
    "capInsets": [
      0,
      0,
      0,
      0
    ],
    "vertices": {
      "rawPosition": [
        -30,
        -27.5,
        0,
        30,
        -27.5,
        0,
        -30,
        27.5,
        0,
        30,
        27.5,
        0
      ],
      "indexes": [
        0,
        1,
        2,
        2,
        1,
        3
      ],
      "uv": [
        4,
        57,
        64,
        57,
        4,
        2,
        64,
        2
      ],
      "nuv": [
        0.06153846153846154,
        0.03333333333333333,
        0.9846153846153847,
        0.03333333333333333,
        0.06153846153846154,
        0.95,
        0.9846153846153847,
        0.95
      ],
      "minPos": {
        "x": -30,
        "y": -27.5,
        "z": 0
      },
      "maxPos": {
        "x": 30,
        "y": 27.5,
        "z": 0
      }
    },
    "texture": "18bcc1ed-c7bd-4fc5-87dd-4bc9d71de071@6c48a",
    "packable": true,
    "pixelsToUnit": 100,
    "pivot": {
      "x": 0.5,
      "y": 0.5
    },
    "meshType": 0
  }
}