{
  "__type__": "cc.SpriteFrame",
  "content": {
    "name": "jingYing03",
    "atlas": "",
    "rect": {
      "x": 33,
      "y": 38,
      "width": 255,
      "height": 263
    },
    "offset": {
      "x": 0.5,
      "y": -9.5
    },
    "originalSize": {
      "width": 320,
      "height": 320
    },
    "rotated": false,
    "capInsets": [
      0,
      0,
      0,
      0
    ],
    "vertices": {
      "rawPosition": [
        -127.5,
        -131.5,
        0,
        127.5,
        -131.5,
        0,
        -127.5,
        131.5,
        0,
        127.5,
        131.5,
        0
      ],
      "indexes": [
        0,
        1,
        2,
        2,
        1,
        3
      ],
      "uv": [
        33,
        282,
        288,
        282,
        33,
        19,
        288,
        19
      ],
      "nuv": [
        0.103125,
        0.059375,
        0.9,
        0.059375,
        0.103125,
        0.88125,
        0.9,
        0.88125
      ],
      "minPos": {
        "x": -127.5,
        "y": -131.5,
        "z": 0
      },
      "maxPos": {
        "x": 127.5,
        "y": 131.5,
        "z": 0
      }
    },
    "texture": "e086a5d8-32a6-40ba-b714-4cff74f83c56@6c48a",
    "packable": true,
    "pixelsToUnit": 100,
    "pivot": {
      "x": 0.5,
      "y": 0.5
    },
    "meshType": 0
  }
}