{
  "__type__": "cc.SpriteFrame",
  "content": {
    "name": "hero_4302_behit_1",
    "atlas": "",
    "rect": {
      "x": 38,
      "y": 53,
      "width": 1450,
      "height": 519
    },
    "offset": {
      "x": 8,
      "y": -10.5
    },
    "originalSize": {
      "width": 1510,
      "height": 604
    },
    "rotated": false,
    "capInsets": [
      0,
      0,
      0,
      0
    ],
    "vertices": {
      "rawPosition": [
        -725,
        -259.5,
        0,
        725,
        -259.5,
        0,
        -725,
        259.5,
        0,
        725,
        259.5,
        0
      ],
      "indexes": [
        0,
        1,
        2,
        2,
        1,
        3
      ],
      "uv": [
        38,
        551,
        1488,
        551,
        38,
        32,
        1488,
        32
      ],
      "nuv": [
        0.025165562913907286,
        0.052980132450331126,
        0.9854304635761589,
        0.052980132450331126,
        0.025165562913907286,
        0.9122516556291391,
        0.9854304635761589,
        0.9122516556291391
      ],
      "minPos": {
        "x": -725,
        "y": -259.5,
        "z": 0
      },
      "maxPos": {
        "x": 725,
        "y": 259.5,
        "z": 0
      }
    },
    "texture": "e0e03659-12db-42ba-b0ec-d9893f3c6796@6c48a",
    "packable": true,
    "pixelsToUnit": 100,
    "pivot": {
      "x": 0.5,
      "y": 0.5
    },
    "meshType": 0
  }
}