{
  "__type__": "cc.SpriteFrame",
  "content": {
    "name": "m_21016",
    "atlas": "",
    "rect": {
      "x": 4,
      "y": 4,
      "width": 2020,
      "height": 1656
    },
    "offset": {
      "x": 1,
      "y": 0
    },
    "originalSize": {
      "width": 2026,
      "height": 1664
    },
    "rotated": false,
    "capInsets": [
      0,
      0,
      0,
      0
    ],
    "vertices": {
      "rawPosition": [
        -1010,
        -828,
        0,
        1010,
        -828,
        0,
        -1010,
        828,
        0,
        1010,
        828,
        0
      ],
      "indexes": [
        0,
        1,
        2,
        2,
        1,
        3
      ],
      "uv": [
        4,
        1660,
        2024,
        1660,
        4,
        4,
        2024,
        4
      ],
      "nuv": [
        0.0019743336623889436,
        0.002403846153846154,
        0.9990128331688055,
        0.002403846153846154,
        0.0019743336623889436,
        0.9975961538461539,
        0.9990128331688055,
        0.9975961538461539
      ],
      "minPos": {
        "x": -1010,
        "y": -828,
        "z": 0
      },
      "maxPos": {
        "x": 1010,
        "y": 828,
        "z": 0
      }
    },
    "texture": "e5333550-274c-4d6d-8b7d-b4a701034815@6c48a",
    "packable": true,
    "pixelsToUnit": 100,
    "pivot": {
      "x": 0.5,
      "y": 0.5
    },
    "meshType": 0
  }
}