{
  "__type__": "cc.SpriteFrame",
  "content": {
    "name": "hero_4401_behit_3",
    "atlas": "",
    "rect": {
      "x": 0,
      "y": 0,
      "width": 396,
      "height": 395
    },
    "offset": {
      "x": 0,
      "y": 5
    },
    "originalSize": {
      "width": 396,
      "height": 405
    },
    "rotated": false,
    "capInsets": [
      0,
      0,
      0,
      0
    ],
    "vertices": {
      "rawPosition": [
        -198,
        -197.5,
        0,
        198,
        -197.5,
        0,
        -198,
        197.5,
        0,
        198,
        197.5,
        0
      ],
      "indexes": [
        0,
        1,
        2,
        2,
        1,
        3
      ],
      "uv": [
        0,
        405,
        396,
        405,
        0,
        10,
        396,
        10
      ],
      "nuv": [
        0,
        0.024691358024691357,
        1,
        0.024691358024691357,
        0,
        1,
        1,
        1
      ],
      "minPos": {
        "x": -198,
        "y": -197.5,
        "z": 0
      },
      "maxPos": {
        "x": 198,
        "y": 197.5,
        "z": 0
      }
    },
    "texture": "e5bea7fb-900a-43db-aa33-f1481a11fb7f@6c48a",
    "packable": true,
    "pixelsToUnit": 100,
    "pivot": {
      "x": 0.5,
      "y": 0.5
    },
    "meshType": 0
  }
}