{
  "__type__": "cc.SpriteFrame",
  "content": {
    "name": "jingYing106",
    "atlas": "",
    "rect": {
      "x": 20,
      "y": 93,
      "width": 281,
      "height": 221
    },
    "offset": {
      "x": 0.5,
      "y": -43.5
    },
    "originalSize": {
      "width": 320,
      "height": 320
    },
    "rotated": false,
    "capInsets": [
      0,
      0,
      0,
      0
    ],
    "vertices": {
      "rawPosition": [
        -140.5,
        -110.5,
        0,
        140.5,
        -110.5,
        0,
        -140.5,
        110.5,
        0,
        140.5,
        110.5,
        0
      ],
      "indexes": [
        0,
        1,
        2,
        2,
        1,
        3
      ],
      "uv": [
        20,
        227,
        301,
        227,
        20,
        6,
        301,
        6
      ],
      "nuv": [
        0.0625,
        0.01875,
        0.940625,
        0.01875,
        0.0625,
        0.709375,
        0.940625,
        0.709375
      ],
      "minPos": {
        "x": -140.5,
        "y": -110.5,
        "z": 0
      },
      "maxPos": {
        "x": 140.5,
        "y": 110.5,
        "z": 0
      }
    },
    "texture": "e600a748-f60c-4299-825c-bb25ec7de8bc@6c48a",
    "packable": true,
    "pixelsToUnit": 100,
    "pivot": {
      "x": 0.5,
      "y": 0.5
    },
    "meshType": 0
  }
}