{
  "__type__": "cc.SpriteFrame",
  "content": {
    "name": "HeroIcon11001",
    "atlas": "",
    "rect": {
      "x": 14,
      "y": 21,
      "width": 134,
      "height": 128
    },
    "offset": {
      "x": 1,
      "y": -5
    },
    "originalSize": {
      "width": 160,
      "height": 160
    },
    "rotated": false,
    "capInsets": [
      0,
      0,
      0,
      0
    ],
    "vertices": {
      "rawPosition": [
        -67,
        -64,
        0,
        67,
        -64,
        0,
        -67,
        64,
        0,
        67,
        64,
        0
      ],
      "indexes": [
        0,
        1,
        2,
        2,
        1,
        3
      ],
      "uv": [
        14,
        139,
        148,
        139,
        14,
        11,
        148,
        11
      ],
      "nuv": [
        0.0875,
        0.06875,
        0.925,
        0.06875,
        0.0875,
        0.86875,
        0.925,
        0.86875
      ],
      "minPos": {
        "x": -67,
        "y": -64,
        "z": 0
      },
      "maxPos": {
        "x": 67,
        "y": 64,
        "z": 0
      }
    },
    "texture": "e6b1c460-33bb-4e5a-906e-eacc2d2c5998@6c48a",
    "packable": true,
    "pixelsToUnit": 100,
    "pivot": {
      "x": 0.5,
      "y": 0.5
    },
    "meshType": 0
  }
}