{
  "__type__": "cc.SpriteFrame",
  "content": {
    "name": "hero_skill_assassin_effect",
    "atlas": "",
    "rect": {
      "x": 2,
      "y": 2,
      "width": 965,
      "height": 1020
    },
    "offset": {
      "x": -27.5,
      "y": 0
    },
    "originalSize": {
      "width": 1024,
      "height": 1024
    },
    "rotated": false,
    "capInsets": [
      0,
      0,
      0,
      0
    ],
    "vertices": {
      "rawPosition": [
        -482.5,
        -510,
        0,
        482.5,
        -510,
        0,
        -482.5,
        510,
        0,
        482.5,
        510,
        0
      ],
      "indexes": [
        0,
        1,
        2,
        2,
        1,
        3
      ],
      "uv": [
        2,
        1022,
        967,
        1022,
        2,
        2,
        967,
        2
      ],
      "nuv": [
        0.001953125,
        0.001953125,
        0.9443359375,
        0.001953125,
        0.001953125,
        0.998046875,
        0.9443359375,
        0.998046875
      ],
      "minPos": {
        "x": -482.5,
        "y": -510,
        "z": 0
      },
      "maxPos": {
        "x": 482.5,
        "y": 510,
        "z": 0
      }
    },
    "texture": "e6fe64ac-dead-4da7-ae50-35f27aed95fb@6c48a",
    "packable": true,
    "pixelsToUnit": 100,
    "pivot": {
      "x": 0.5,
      "y": 0.5
    },
    "meshType": 0
  }
}