{
  "__type__": "cc.SpriteFrame",
  "content": {
    "name": "m_10403",
    "atlas": "",
    "rect": {
      "x": 2,
      "y": 0,
      "width": 1935,
      "height": 579
    },
    "offset": {
      "x": -1,
      "y": 8
    },
    "originalSize": {
      "width": 1941,
      "height": 595
    },
    "rotated": false,
    "capInsets": [
      0,
      0,
      0,
      0
    ],
    "vertices": {
      "rawPosition": [
        -967.5,
        -289.5,
        0,
        967.5,
        -289.5,
        0,
        -967.5,
        289.5,
        0,
        967.5,
        289.5,
        0
      ],
      "indexes": [
        0,
        1,
        2,
        2,
        1,
        3
      ],
      "uv": [
        2,
        595,
        1937,
        595,
        2,
        16,
        1937,
        16
      ],
      "nuv": [
        0.0010303967027305513,
        0.02689075630252101,
        0.9979392065945389,
        0.02689075630252101,
        0.0010303967027305513,
        1,
        0.9979392065945389,
        1
      ],
      "minPos": {
        "x": -967.5,
        "y": -289.5,
        "z": 0
      },
      "maxPos": {
        "x": 967.5,
        "y": 289.5,
        "z": 0
      }
    },
    "texture": "8463dd09-1183-41aa-9858-0459139cd8eb@6c48a",
    "packable": true,
    "pixelsToUnit": 100,
    "pivot": {
      "x": 0.5,
      "y": 0.5
    },
    "meshType": 0
  }
}