{
  "__type__": "cc.SpriteFrame",
  "content": {
    "name": "m_21007",
    "atlas": "",
    "rect": {
      "x": 2,
      "y": 1,
      "width": 1009,
      "height": 1299
    },
    "offset": {
      "x": -3.5,
      "y": 24
    },
    "originalSize": {
      "width": 1020,
      "height": 1349
    },
    "rotated": false,
    "capInsets": [
      0,
      0,
      0,
      0
    ],
    "vertices": {
      "rawPosition": [
        -504.5,
        -649.5,
        0,
        504.5,
        -649.5,
        0,
        -504.5,
        649.5,
        0,
        504.5,
        649.5,
        0
      ],
      "indexes": [
        0,
        1,
        2,
        2,
        1,
        3
      ],
      "uv": [
        2,
        1348,
        1011,
        1348,
        2,
        49,
        1011,
        49
      ],
      "nuv": [
        0.00196078431372549,
        0.0363232023721275,
        0.9911764705882353,
        0.0363232023721275,
        0.00196078431372549,
        0.9992587101556709,
        0.9911764705882353,
        0.9992587101556709
      ],
      "minPos": {
        "x": -504.5,
        "y": -649.5,
        "z": 0
      },
      "maxPos": {
        "x": 504.5,
        "y": 649.5,
        "z": 0
      }
    },
    "texture": "84aa3d42-6c25-4838-9458-a9df5f0ba7a9@6c48a",
    "packable": true,
    "pixelsToUnit": 100,
    "pivot": {
      "x": 0.5,
      "y": 0.5
    },
    "meshType": 0
  }
}