{
  "__type__": "cc.SpriteFrame",
  "content": {
    "name": "hero_1201",
    "atlas": "",
    "rect": {
      "x": 6,
      "y": 16,
      "width": 147,
      "height": 119
    },
    "offset": {
      "x": -0.5,
      "y": 4.5
    },
    "originalSize": {
      "width": 160,
      "height": 160
    },
    "rotated": false,
    "capInsets": [
      0,
      0,
      0,
      0
    ],
    "vertices": {
      "rawPosition": [
        -73.5,
        -59.5,
        0,
        73.5,
        -59.5,
        0,
        -73.5,
        59.5,
        0,
        73.5,
        59.5,
        0
      ],
      "indexes": [
        0,
        1,
        2,
        2,
        1,
        3
      ],
      "uv": [
        6,
        144,
        153,
        144,
        6,
        25,
        153,
        25
      ],
      "nuv": [
        0.0375,
        0.15625,
        0.95625,
        0.15625,
        0.0375,
        0.9,
        0.95625,
        0.9
      ],
      "minPos": {
        "x": -73.5,
        "y": -59.5,
        "z": 0
      },
      "maxPos": {
        "x": 73.5,
        "y": 59.5,
        "z": 0
      }
    },
    "texture": "4860a756-cc6f-4796-94f0-47650a32d20a@6c48a",
    "packable": true,
    "pixelsToUnit": 100,
    "pivot": {
      "x": 0.5,
      "y": 0.5
    },
    "meshType": 0
  }
}