{
  "__type__": "cc.SpriteFrame",
  "content": {
    "name": "m_31014_buff",
    "atlas": "",
    "rect": {
      "x": 62,
      "y": 40,
      "width": 807,
      "height": 807
    },
    "offset": {
      "x": 15.5,
      "y": 6.5
    },
    "originalSize": {
      "width": 900,
      "height": 900
    },
    "rotated": false,
    "capInsets": [
      0,
      0,
      0,
      0
    ],
    "vertices": {
      "rawPosition": [
        -403.5,
        -403.5,
        0,
        403.5,
        -403.5,
        0,
        -403.5,
        403.5,
        0,
        403.5,
        403.5,
        0
      ],
      "indexes": [
        0,
        1,
        2,
        2,
        1,
        3
      ],
      "uv": [
        62,
        860,
        869,
        860,
        62,
        53,
        869,
        53
      ],
      "nuv": [
        0.06888888888888889,
        0.058888888888888886,
        0.9655555555555555,
        0.058888888888888886,
        0.06888888888888889,
        0.9555555555555556,
        0.9655555555555555,
        0.9555555555555556
      ],
      "minPos": {
        "x": -403.5,
        "y": -403.5,
        "z": 0
      },
      "maxPos": {
        "x": 403.5,
        "y": 403.5,
        "z": 0
      }
    },
    "texture": "0a0f9093-1ced-417e-aa79-a39b7307e50b@6c48a",
    "packable": true,
    "pixelsToUnit": 100,
    "pivot": {
      "x": 0.5,
      "y": 0.5
    },
    "meshType": 0
  }
}