{
  "__type__": "cc.SpriteFrame",
  "content": {
    "name": "jianxiu",
    "atlas": "",
    "rect": {
      "x": 41,
      "y": 73,
      "width": 237,
      "height": 231
    },
    "offset": {
      "x": -0.5,
      "y": -28.5
    },
    "originalSize": {
      "width": 320,
      "height": 320
    },
    "rotated": false,
    "capInsets": [
      0,
      0,
      0,
      0
    ],
    "vertices": {
      "rawPosition": [
        -118.5,
        -115.5,
        0,
        118.5,
        -115.5,
        0,
        -118.5,
        115.5,
        0,
        118.5,
        115.5,
        0
      ],
      "indexes": [
        0,
        1,
        2,
        2,
        1,
        3
      ],
      "uv": [
        41,
        247,
        278,
        247,
        41,
        16,
        278,
        16
      ],
      "nuv": [
        0.128125,
        0.05,
        0.86875,
        0.05,
        0.128125,
        0.771875,
        0.86875,
        0.771875
      ],
      "minPos": {
        "x": -118.5,
        "y": -115.5,
        "z": 0
      },
      "maxPos": {
        "x": 118.5,
        "y": 115.5,
        "z": 0
      }
    },
    "texture": "d6056300-94da-4606-8633-7d699d37dc09@6c48a",
    "packable": true,
    "pixelsToUnit": 100,
    "pivot": {
      "x": 0.5,
      "y": 0.5
    },
    "meshType": 0
  }
}