{
  "__type__": "cc.SpriteFrame",
  "content": {
    "name": "m_32001_behit_2",
    "atlas": "",
    "rect": {
      "x": 20,
      "y": 34,
      "width": 826,
      "height": 1111
    },
    "offset": {
      "x": 1,
      "y": -9.5
    },
    "originalSize": {
      "width": 864,
      "height": 1160
    },
    "rotated": false,
    "capInsets": [
      0,
      0,
      0,
      0
    ],
    "vertices": {
      "rawPosition": [
        -413,
        -555.5,
        0,
        413,
        -555.5,
        0,
        -413,
        555.5,
        0,
        413,
        555.5,
        0
      ],
      "indexes": [
        0,
        1,
        2,
        2,
        1,
        3
      ],
      "uv": [
        20,
        1126,
        846,
        1126,
        20,
        15,
        846,
        15
      ],
      "nuv": [
        0.023148148148148147,
        0.01293103448275862,
        0.9791666666666666,
        0.01293103448275862,
        0.023148148148148147,
        0.9706896551724138,
        0.9791666666666666,
        0.9706896551724138
      ],
      "minPos": {
        "x": -413,
        "y": -555.5,
        "z": 0
      },
      "maxPos": {
        "x": 413,
        "y": 555.5,
        "z": 0
      }
    },
    "texture": "6f6b8b6e-eb8e-4cb8-b95e-4f00f3c24a3e@6c48a",
    "packable": true,
    "pixelsToUnit": 100,
    "pivot": {
      "x": 0.5,
      "y": 0.5
    },
    "meshType": 0
  }
}