{
  "__type__": "cc.SpriteFrame",
  "content": {
    "name": "tower_hero_024",
    "atlas": "",
    "rect": {
      "x": 2,
      "y": 2,
      "width": 247,
      "height": 252
    },
    "offset": {
      "x": -2.5,
      "y": 0
    },
    "originalSize": {
      "width": 256,
      "height": 256
    },
    "rotated": false,
    "capInsets": [
      0,
      0,
      0,
      0
    ],
    "vertices": {
      "rawPosition": [
        -123.5,
        -126,
        0,
        123.5,
        -126,
        0,
        -123.5,
        126,
        0,
        123.5,
        126,
        0
      ],
      "indexes": [
        0,
        1,
        2,
        2,
        1,
        3
      ],
      "uv": [
        2,
        254,
        249,
        254,
        2,
        2,
        249,
        2
      ],
      "nuv": [
        0.0078125,
        0.0078125,
        0.97265625,
        0.0078125,
        0.0078125,
        0.9921875,
        0.97265625,
        0.9921875
      ],
      "minPos": {
        "x": -123.5,
        "y": -126,
        "z": 0
      },
      "maxPos": {
        "x": 123.5,
        "y": 126,
        "z": 0
      }
    },
    "texture": "6fb9aa53-dba6-41d1-b675-49983e3e315a@6c48a",
    "packable": true,
    "pixelsToUnit": 100,
    "pivot": {
      "x": 0.5,
      "y": 0.5
    },
    "meshType": 0
  }
}