{
  "__type__": "cc.SpriteFrame",
  "content": {
    "name": "fnt_fight_white_0",
    "atlas": "",
    "rect": {
      "x": 1,
      "y": 3,
      "width": 235,
      "height": 51
    },
    "offset": {
      "x": -9.5,
      "y": 3.5
    },
    "originalSize": {
      "width": 256,
      "height": 64
    },
    "rotated": false,
    "capInsets": [
      0,
      0,
      0,
      0
    ],
    "vertices": {
      "rawPosition": [
        -117.5,
        -25.5,
        0,
        117.5,
        -25.5,
        0,
        -117.5,
        25.5,
        0,
        117.5,
        25.5,
        0
      ],
      "indexes": [
        0,
        1,
        2,
        2,
        1,
        3
      ],
      "uv": [
        1,
        61,
        236,
        61,
        1,
        10,
        236,
        10
      ],
      "nuv": [
        0.00390625,
        0.15625,
        0.921875,
        0.15625,
        0.00390625,
        0.953125,
        0.921875,
        0.953125
      ],
      "minPos": {
        "x": -117.5,
        "y": -25.5,
        "z": 0
      },
      "maxPos": {
        "x": 117.5,
        "y": 25.5,
        "z": 0
      }
    },
    "texture": "9dae54b7-e929-4276-bd2f-82518cb887a9@6c48a",
    "packable": false,
    "pixelsToUnit": 100,
    "pivot": {
      "x": 0.5,
      "y": 0.5
    },
    "meshType": 0
  }
}