{
  "__type__": "cc.SpriteFrame",
  "content": {
    "name": "hero_1101_behit_1",
    "atlas": "",
    "rect": {
      "x": 6,
      "y": 0,
      "width": 2021,
      "height": 907
    },
    "offset": {
      "x": -0.5,
      "y": 18.5
    },
    "originalSize": {
      "width": 2034,
      "height": 944
    },
    "rotated": false,
    "capInsets": [
      0,
      0,
      0,
      0
    ],
    "vertices": {
      "rawPosition": [
        -1010.5,
        -453.5,
        0,
        1010.5,
        -453.5,
        0,
        -1010.5,
        453.5,
        0,
        1010.5,
        453.5,
        0
      ],
      "indexes": [
        0,
        1,
        2,
        2,
        1,
        3
      ],
      "uv": [
        6,
        944,
        2027,
        944,
        6,
        37,
        2027,
        37
      ],
      "nuv": [
        0.0029498525073746312,
        0.03919491525423729,
        0.9965585054080629,
        0.03919491525423729,
        0.0029498525073746312,
        1,
        0.9965585054080629,
        1
      ],
      "minPos": {
        "x": -1010.5,
        "y": -453.5,
        "z": 0
      },
      "maxPos": {
        "x": 1010.5,
        "y": 453.5,
        "z": 0
      }
    },
    "texture": "9dc931e0-aa79-4aa9-b7d2-79b3a2cf5f7e@6c48a",
    "packable": true,
    "pixelsToUnit": 100,
    "pivot": {
      "x": 0.5,
      "y": 0.5
    },
    "meshType": 0
  }
}