{
  "__type__": "cc.SpriteFrame",
  "content": {
    "name": "m_21002",
    "atlas": "",
    "rect": {
      "x": 1,
      "y": 0,
      "width": 1933,
      "height": 1923
    },
    "offset": {
      "x": -2,
      "y": 20.5
    },
    "originalSize": {
      "width": 1939,
      "height": 1964
    },
    "rotated": false,
    "capInsets": [
      0,
      0,
      0,
      0
    ],
    "vertices": {
      "rawPosition": [
        -966.5,
        -961.5,
        0,
        966.5,
        -961.5,
        0,
        -966.5,
        961.5,
        0,
        966.5,
        961.5,
        0
      ],
      "indexes": [
        0,
        1,
        2,
        2,
        1,
        3
      ],
      "uv": [
        1,
        1964,
        1934,
        1964,
        1,
        41,
        1934,
        41
      ],
      "nuv": [
        0.0005157297576070139,
        0.020875763747454174,
        0.997421351211965,
        0.020875763747454174,
        0.0005157297576070139,
        1,
        0.997421351211965,
        1
      ],
      "minPos": {
        "x": -966.5,
        "y": -961.5,
        "z": 0
      },
      "maxPos": {
        "x": 966.5,
        "y": 961.5,
        "z": 0
      }
    },
    "texture": "886802bc-2412-45c3-934e-c20e6b0f9c86@6c48a",
    "packable": true,
    "pixelsToUnit": 100,
    "pivot": {
      "x": 0.5,
      "y": 0.5
    },
    "meshType": 0
  }
}