{
  "__type__": "cc.SpriteFrame",
  "content": {
    "name": "circle_btn",
    "atlas": "",
    "rect": {
      "x": 12,
      "y": 4,
      "width": 65,
      "height": 65
    },
    "offset": {
      "x": 1.5,
      "y": 0
    },
    "originalSize": {
      "width": 86,
      "height": 73
    },
    "rotated": false,
    "capInsets": [
      0,
      0,
      0,
      0
    ],
    "vertices": {
      "rawPosition": [
        -32.5,
        -32.5,
        0,
        32.5,
        -32.5,
        0,
        -32.5,
        32.5,
        0,
        32.5,
        32.5,
        0
      ],
      "indexes": [
        0,
        1,
        2,
        2,
        1,
        3
      ],
      "uv": [
        12,
        69,
        77,
        69,
        12,
        4,
        77,
        4
      ],
      "nuv": [
        0.13953488372093023,
        0.0547945205479452,
        0.8953488372093024,
        0.0547945205479452,
        0.13953488372093023,
        0.9452054794520548,
        0.8953488372093024,
        0.9452054794520548
      ],
      "minPos": {
        "x": -32.5,
        "y": -32.5,
        "z": 0
      },
      "maxPos": {
        "x": 32.5,
        "y": 32.5,
        "z": 0
      }
    },
    "texture": "a69461bc-54ce-454c-b406-3d8fb22252d8@6c48a",
    "packable": true,
    "pixelsToUnit": 100,
    "pivot": {
      "x": 0.5,
      "y": 0.5
    },
    "meshType": 0
  }
}