{
  "__type__": "cc.SpriteFrame",
  "content": {
    "name": "m_10803",
    "atlas": "",
    "rect": {
      "x": 1,
      "y": 1,
      "width": 1891,
      "height": 1112
    },
    "offset": {
      "x": -1.5,
      "y": 7
    },
    "originalSize": {
      "width": 1896,
      "height": 1128
    },
    "rotated": false,
    "capInsets": [
      0,
      0,
      0,
      0
    ],
    "vertices": {
      "rawPosition": [
        -945.5,
        -556,
        0,
        945.5,
        -556,
        0,
        -945.5,
        556,
        0,
        945.5,
        556,
        0
      ],
      "indexes": [
        0,
        1,
        2,
        2,
        1,
        3
      ],
      "uv": [
        1,
        1127,
        1892,
        1127,
        1,
        15,
        1892,
        15
      ],
      "nuv": [
        0.0005274261603375527,
        0.013297872340425532,
        0.9978902953586498,
        0.013297872340425532,
        0.0005274261603375527,
        0.999113475177305,
        0.9978902953586498,
        0.999113475177305
      ],
      "minPos": {
        "x": -945.5,
        "y": -556,
        "z": 0
      },
      "maxPos": {
        "x": 945.5,
        "y": 556,
        "z": 0
      }
    },
    "texture": "a6e44696-e27d-4f05-8dca-0009b36049c5@6c48a",
    "packable": true,
    "pixelsToUnit": 100,
    "pivot": {
      "x": 0.5,
      "y": 0.5
    },
    "meshType": 0
  }
}