{
  "__type__": "cc.SpriteFrame",
  "content": {
    "name": "slj",
    "atlas": "",
    "rect": {
      "x": 0,
      "y": 2,
      "width": 497,
      "height": 506
    },
    "offset": {
      "x": -7.5,
      "y": 1
    },
    "originalSize": {
      "width": 512,
      "height": 512
    },
    "rotated": false,
    "capInsets": [
      0,
      0,
      0,
      0
    ],
    "vertices": {
      "rawPosition": [
        -248.5,
        -253,
        0,
        248.5,
        -253,
        0,
        -248.5,
        253,
        0,
        248.5,
        253,
        0
      ],
      "indexes": [
        0,
        1,
        2,
        2,
        1,
        3
      ],
      "uv": [
        0,
        510,
        497,
        510,
        0,
        4,
        497,
        4
      ],
      "nuv": [
        0,
        0.0078125,
        0.970703125,
        0.0078125,
        0,
        0.99609375,
        0.970703125,
        0.99609375
      ],
      "minPos": {
        "x": -248.5,
        "y": -253,
        "z": 0
      },
      "maxPos": {
        "x": 248.5,
        "y": 253,
        "z": 0
      }
    },
    "texture": "9f46f510-bbb6-409d-b263-c38ce1183775@6c48a",
    "packable": true,
    "pixelsToUnit": 100,
    "pivot": {
      "x": 0.5,
      "y": 0.5
    },
    "meshType": 0
  }
}