{
  "__type__": "cc.SpriteFrame",
  "content": {
    "name": "m_31004_buff",
    "atlas": "",
    "rect": {
      "x": 37,
      "y": 75,
      "width": 1927,
      "height": 647
    },
    "offset": {
      "x": 0.5,
      "y": 1.5
    },
    "originalSize": {
      "width": 2000,
      "height": 800
    },
    "rotated": false,
    "capInsets": [
      0,
      0,
      0,
      0
    ],
    "vertices": {
      "rawPosition": [
        -963.5,
        -323.5,
        0,
        963.5,
        -323.5,
        0,
        -963.5,
        323.5,
        0,
        963.5,
        323.5,
        0
      ],
      "indexes": [
        0,
        1,
        2,
        2,
        1,
        3
      ],
      "uv": [
        37,
        725,
        1964,
        725,
        37,
        78,
        1964,
        78
      ],
      "nuv": [
        0.0185,
        0.0975,
        0.982,
        0.0975,
        0.0185,
        0.90625,
        0.982,
        0.90625
      ],
      "minPos": {
        "x": -963.5,
        "y": -323.5,
        "z": 0
      },
      "maxPos": {
        "x": 963.5,
        "y": 323.5,
        "z": 0
      }
    },
    "texture": "722f621d-0d03-47ed-9b83-aa008acc0609@6c48a",
    "packable": true,
    "pixelsToUnit": 100,
    "pivot": {
      "x": 0.5,
      "y": 0.5
    },
    "meshType": 0
  }
}