{
  "__type__": "cc.SpriteFrame",
  "content": {
    "name": "m_21008",
    "atlas": "",
    "rect": {
      "x": 1,
      "y": 1,
      "width": 1913,
      "height": 2023
    },
    "offset": {
      "x": 0,
      "y": 6
    },
    "originalSize": {
      "width": 1915,
      "height": 2037
    },
    "rotated": false,
    "capInsets": [
      0,
      0,
      0,
      0
    ],
    "vertices": {
      "rawPosition": [
        -956.5,
        -1011.5,
        0,
        956.5,
        -1011.5,
        0,
        -956.5,
        1011.5,
        0,
        956.5,
        1011.5,
        0
      ],
      "indexes": [
        0,
        1,
        2,
        2,
        1,
        3
      ],
      "uv": [
        1,
        2036,
        1914,
        2036,
        1,
        13,
        1914,
        13
      ],
      "nuv": [
        0.0005221932114882506,
        0.006381934216985763,
        0.9994778067885117,
        0.006381934216985763,
        0.0005221932114882506,
        0.9995090819833088,
        0.9994778067885117,
        0.9995090819833088
      ],
      "minPos": {
        "x": -956.5,
        "y": -1011.5,
        "z": 0
      },
      "maxPos": {
        "x": 956.5,
        "y": 1011.5,
        "z": 0
      }
    },
    "texture": "727f8ff4-c4f7-4749-aafd-7cdf807230fa@6c48a",
    "packable": true,
    "pixelsToUnit": 100,
    "pivot": {
      "x": 0.5,
      "y": 0.5
    },
    "meshType": 0
  }
}