{
  "__type__": "cc.SpriteFrame",
  "content": {
    "name": "bookQualityBg_4",
    "atlas": "",
    "rect": {
      "x": 8,
      "y": 5,
      "width": 170,
      "height": 238
    },
    "offset": {
      "x": 2.5,
      "y": -2
    },
    "originalSize": {
      "width": 181,
      "height": 244
    },
    "rotated": false,
    "capInsets": [
      0,
      0,
      0,
      0
    ],
    "vertices": {
      "rawPosition": [
        -85,
        -119,
        0,
        85,
        -119,
        0,
        -85,
        119,
        0,
        85,
        119,
        0
      ],
      "indexes": [
        0,
        1,
        2,
        2,
        1,
        3
      ],
      "uv": [
        8,
        239,
        178,
        239,
        8,
        1,
        178,
        1
      ],
      "nuv": [
        0.04419889502762431,
        0.004098360655737705,
        0.9834254143646409,
        0.004098360655737705,
        0.04419889502762431,
        0.9795081967213115,
        0.9834254143646409,
        0.9795081967213115
      ],
      "minPos": {
        "x": -85,
        "y": -119,
        "z": 0
      },
      "maxPos": {
        "x": 85,
        "y": 119,
        "z": 0
      }
    },
    "texture": "c247e24d-3a5d-441e-863d-fa105c6e5d56@6c48a",
    "packable": true,
    "pixelsToUnit": 100,
    "pivot": {
      "x": 0.5,
      "y": 0.5
    },
    "meshType": 0
  }
}