{
  "__type__": "cc.SpriteFrame",
  "content": {
    "name": "sc001_00013",
    "atlas": "",
    "rect": {
      "x": 17,
      "y": 0,
      "width": 91,
      "height": 117
    },
    "offset": {
      "x": 2.5,
      "y": 1.5
    },
    "originalSize": {
      "width": 120,
      "height": 120
    },
    "rotated": false,
    "capInsets": [
      0,
      0,
      0,
      0
    ],
    "vertices": {
      "rawPosition": [
        -45.5,
        -58.5,
        0,
        45.5,
        -58.5,
        0,
        -45.5,
        58.5,
        0,
        45.5,
        58.5,
        0
      ],
      "indexes": [
        0,
        1,
        2,
        2,
        1,
        3
      ],
      "uv": [
        17,
        120,
        108,
        120,
        17,
        3,
        108,
        3
      ],
      "nuv": [
        0.14166666666666666,
        0.025,
        0.9,
        0.025,
        0.14166666666666666,
        1,
        0.9,
        1
      ],
      "minPos": {
        "x": -45.5,
        "y": -58.5,
        "z": 0
      },
      "maxPos": {
        "x": 45.5,
        "y": 58.5,
        "z": 0
      }
    },
    "texture": "9841ebfb-ce52-4ee7-a528-43ca7e5b0e62@6c48a",
    "packable": true,
    "pixelsToUnit": 100,
    "pivot": {
      "x": 0.5,
      "y": 0.5
    },
    "meshType": 0
  }
}