{
  "__type__": "cc.SpriteFrame",
  "content": {
    "name": "hero_4201_behit_1",
    "atlas": "",
    "rect": {
      "x": 8,
      "y": 26,
      "width": 442,
      "height": 1286
    },
    "offset": {
      "x": 4,
      "y": 15
    },
    "originalSize": {
      "width": 450,
      "height": 1368
    },
    "rotated": false,
    "capInsets": [
      0,
      0,
      0,
      0
    ],
    "vertices": {
      "rawPosition": [
        -221,
        -643,
        0,
        221,
        -643,
        0,
        -221,
        643,
        0,
        221,
        643,
        0
      ],
      "indexes": [
        0,
        1,
        2,
        2,
        1,
        3
      ],
      "uv": [
        8,
        1342,
        450,
        1342,
        8,
        56,
        450,
        56
      ],
      "nuv": [
        0.017777777777777778,
        0.04093567251461988,
        1,
        0.04093567251461988,
        0.017777777777777778,
        0.9809941520467836,
        1,
        0.9809941520467836
      ],
      "minPos": {
        "x": -221,
        "y": -643,
        "z": 0
      },
      "maxPos": {
        "x": 221,
        "y": 643,
        "z": 0
      }
    },
    "texture": "984ae7ce-67d8-4957-977a-846c259b3578@6c48a",
    "packable": true,
    "pixelsToUnit": 100,
    "pivot": {
      "x": 0.5,
      "y": 0.5
    },
    "meshType": 0
  }
}