{
  "__type__": "cc.SpriteFrame",
  "content": {
    "name": "m_10501",
    "atlas": "",
    "rect": {
      "x": 3,
      "y": 2,
      "width": 1990,
      "height": 1067
    },
    "offset": {
      "x": -1,
      "y": 0.5
    },
    "originalSize": {
      "width": 1998,
      "height": 1072
    },
    "rotated": false,
    "capInsets": [
      0,
      0,
      0,
      0
    ],
    "vertices": {
      "rawPosition": [
        -995,
        -533.5,
        0,
        995,
        -533.5,
        0,
        -995,
        533.5,
        0,
        995,
        533.5,
        0
      ],
      "indexes": [
        0,
        1,
        2,
        2,
        1,
        3
      ],
      "uv": [
        3,
        1070,
        1993,
        1070,
        3,
        3,
        1993,
        3
      ],
      "nuv": [
        0.0015015015015015015,
        0.002798507462686567,
        0.9974974974974975,
        0.002798507462686567,
        0.0015015015015015015,
        0.9981343283582089,
        0.9974974974974975,
        0.9981343283582089
      ],
      "minPos": {
        "x": -995,
        "y": -533.5,
        "z": 0
      },
      "maxPos": {
        "x": 995,
        "y": 533.5,
        "z": 0
      }
    },
    "texture": "ef0a5242-8c2a-4eeb-8e76-f79358905287@6c48a",
    "packable": true,
    "pixelsToUnit": 100,
    "pivot": {
      "x": 0.5,
      "y": 0.5
    },
    "meshType": 0
  }
}