{
  "__type__": "cc.SpriteFrame",
  "content": {
    "name": "guide_emoji_think",
    "atlas": "",
    "rect": {
      "x": 29,
      "y": 0,
      "width": 190,
      "height": 226
    },
    "offset": {
      "x": 0,
      "y": 2.5
    },
    "originalSize": {
      "width": 248,
      "height": 231
    },
    "rotated": false,
    "capInsets": [
      0,
      0,
      0,
      0
    ],
    "vertices": {
      "rawPosition": [
        -95,
        -113,
        0,
        95,
        -113,
        0,
        -95,
        113,
        0,
        95,
        113,
        0
      ],
      "indexes": [
        0,
        1,
        2,
        2,
        1,
        3
      ],
      "uv": [
        29,
        231,
        219,
        231,
        29,
        5,
        219,
        5
      ],
      "nuv": [
        0.11693548387096774,
        0.021645021645021644,
        0.8830645161290323,
        0.021645021645021644,
        0.11693548387096774,
        1,
        0.8830645161290323,
        1
      ],
      "minPos": {
        "x": -95,
        "y": -113,
        "z": 0
      },
      "maxPos": {
        "x": 95,
        "y": 113,
        "z": 0
      }
    },
    "texture": "ba557a37-4088-4b7a-bab9-56d27927e185@6c48a",
    "packable": true,
    "pixelsToUnit": 100,
    "pivot": {
      "x": 0.5,
      "y": 0.5
    },
    "meshType": 0
  }
}