{
  "__type__": "cc.SpriteFrame",
  "content": {
    "name": "hero_4403",
    "atlas": "",
    "rect": {
      "x": 1,
      "y": 14,
      "width": 157,
      "height": 125
    },
    "offset": {
      "x": -0.5,
      "y": 3.5
    },
    "originalSize": {
      "width": 160,
      "height": 160
    },
    "rotated": false,
    "capInsets": [
      0,
      0,
      0,
      0
    ],
    "vertices": {
      "rawPosition": [
        -78.5,
        -62.5,
        0,
        78.5,
        -62.5,
        0,
        -78.5,
        62.5,
        0,
        78.5,
        62.5,
        0
      ],
      "indexes": [
        0,
        1,
        2,
        2,
        1,
        3
      ],
      "uv": [
        1,
        146,
        158,
        146,
        1,
        21,
        158,
        21
      ],
      "nuv": [
        0.00625,
        0.13125,
        0.9875,
        0.13125,
        0.00625,
        0.9125,
        0.9875,
        0.9125
      ],
      "minPos": {
        "x": -78.5,
        "y": -62.5,
        "z": 0
      },
      "maxPos": {
        "x": 78.5,
        "y": 62.5,
        "z": 0
      }
    },
    "texture": "baa8e6ee-deb5-4110-b16c-0b1410afee0c@6c48a",
    "packable": true,
    "pixelsToUnit": 100,
    "pivot": {
      "x": 0.5,
      "y": 0.5
    },
    "meshType": 0
  }
}