{
  "__type__": "cc.SpriteFrame",
  "content": {
    "name": "hero_1501",
    "atlas": "",
    "rect": {
      "x": 8,
      "y": 1,
      "width": 50,
      "height": 57
    },
    "offset": {
      "x": 0.5,
      "y": 0.5
    },
    "originalSize": {
      "width": 65,
      "height": 60
    },
    "rotated": false,
    "capInsets": [
      0,
      0,
      0,
      0
    ],
    "vertices": {
      "rawPosition": [
        -25,
        -28.5,
        0,
        25,
        -28.5,
        0,
        -25,
        28.5,
        0,
        25,
        28.5,
        0
      ],
      "indexes": [
        0,
        1,
        2,
        2,
        1,
        3
      ],
      "uv": [
        8,
        59,
        58,
        59,
        8,
        2,
        58,
        2
      ],
      "nuv": [
        0.12307692307692308,
        0.03333333333333333,
        0.8923076923076924,
        0.03333333333333333,
        0.12307692307692308,
        0.9833333333333333,
        0.8923076923076924,
        0.9833333333333333
      ],
      "minPos": {
        "x": -25,
        "y": -28.5,
        "z": 0
      },
      "maxPos": {
        "x": 25,
        "y": 28.5,
        "z": 0
      }
    },
    "texture": "2150137e-a605-45cb-ac72-fe07a2d6db30@6c48a",
    "packable": true,
    "pixelsToUnit": 100,
    "pivot": {
      "x": 0.5,
      "y": 0.5
    },
    "meshType": 0
  }
}