{
  "__type__": "cc.SpriteFrame",
  "content": {
    "name": "hero_4502_behit_2",
    "atlas": "",
    "rect": {
      "x": 3,
      "y": 0,
      "width": 454,
      "height": 250
    },
    "offset": {
      "x": 0.5,
      "y": 1
    },
    "originalSize": {
      "width": 459,
      "height": 252
    },
    "rotated": false,
    "capInsets": [
      0,
      0,
      0,
      0
    ],
    "vertices": {
      "rawPosition": [
        -227,
        -125,
        0,
        227,
        -125,
        0,
        -227,
        125,
        0,
        227,
        125,
        0
      ],
      "indexes": [
        0,
        1,
        2,
        2,
        1,
        3
      ],
      "uv": [
        3,
        252,
        457,
        252,
        3,
        2,
        457,
        2
      ],
      "nuv": [
        0.006535947712418301,
        0.007936507936507936,
        0.9956427015250545,
        0.007936507936507936,
        0.006535947712418301,
        1,
        0.9956427015250545,
        1
      ],
      "minPos": {
        "x": -227,
        "y": -125,
        "z": 0
      },
      "maxPos": {
        "x": 227,
        "y": 125,
        "z": 0
      }
    },
    "texture": "21685a0c-924f-4f8e-a245-fca382a48b2e@6c48a",
    "packable": true,
    "pixelsToUnit": 100,
    "pivot": {
      "x": 0.5,
      "y": 0.5
    },
    "meshType": 0
  }
}