{
  "__type__": "cc.SpriteFrame",
  "content": {
    "name": "tower_hero_025",
    "atlas": "",
    "rect": {
      "x": 2,
      "y": 9,
      "width": 251,
      "height": 242
    },
    "offset": {
      "x": -0.5,
      "y": -2
    },
    "originalSize": {
      "width": 256,
      "height": 256
    },
    "rotated": false,
    "capInsets": [
      0,
      0,
      0,
      0
    ],
    "vertices": {
      "rawPosition": [
        -125.5,
        -121,
        0,
        125.5,
        -121,
        0,
        -125.5,
        121,
        0,
        125.5,
        121,
        0
      ],
      "indexes": [
        0,
        1,
        2,
        2,
        1,
        3
      ],
      "uv": [
        2,
        247,
        253,
        247,
        2,
        5,
        253,
        5
      ],
      "nuv": [
        0.0078125,
        0.01953125,
        0.98828125,
        0.01953125,
        0.0078125,
        0.96484375,
        0.98828125,
        0.96484375
      ],
      "minPos": {
        "x": -125.5,
        "y": -121,
        "z": 0
      },
      "maxPos": {
        "x": 125.5,
        "y": 121,
        "z": 0
      }
    },
    "texture": "703f56b2-a62b-45d5-95e7-2c233cb0fa32@6c48a",
    "packable": true,
    "pixelsToUnit": 100,
    "pivot": {
      "x": 0.5,
      "y": 0.5
    },
    "meshType": 0
  }
}