{
  "__type__": "cc.SpriteFrame",
  "content": {
    "name": "hero_2401",
    "atlas": "",
    "rect": {
      "x": 35,
      "y": 13,
      "width": 117,
      "height": 121
    },
    "offset": {
      "x": 13.5,
      "y": 6.5
    },
    "originalSize": {
      "width": 160,
      "height": 160
    },
    "rotated": false,
    "capInsets": [
      0,
      0,
      0,
      0
    ],
    "vertices": {
      "rawPosition": [
        -58.5,
        -60.5,
        0,
        58.5,
        -60.5,
        0,
        -58.5,
        60.5,
        0,
        58.5,
        60.5,
        0
      ],
      "indexes": [
        0,
        1,
        2,
        2,
        1,
        3
      ],
      "uv": [
        35,
        147,
        152,
        147,
        35,
        26,
        152,
        26
      ],
      "nuv": [
        0.21875,
        0.1625,
        0.95,
        0.1625,
        0.21875,
        0.91875,
        0.95,
        0.91875
      ],
      "minPos": {
        "x": -58.5,
        "y": -60.5,
        "z": 0
      },
      "maxPos": {
        "x": 58.5,
        "y": 60.5,
        "z": 0
      }
    },
    "texture": "2c15241d-945e-4b57-8761-b6a27c9c4eb2@6c48a",
    "packable": true,
    "pixelsToUnit": 100,
    "pivot": {
      "x": 0.5,
      "y": 0.5
    },
    "meshType": 0
  }
}