{
  "__type__": "cc.SpriteFrame",
  "content": {
    "name": "m_10103",
    "atlas": "",
    "rect": {
      "x": 1,
      "y": 1,
      "width": 2009,
      "height": 590
    },
    "offset": {
      "x": -6.5,
      "y": 3
    },
    "originalSize": {
      "width": 2024,
      "height": 598
    },
    "rotated": false,
    "capInsets": [
      0,
      0,
      0,
      0
    ],
    "vertices": {
      "rawPosition": [
        -1004.5,
        -295,
        0,
        1004.5,
        -295,
        0,
        -1004.5,
        295,
        0,
        1004.5,
        295,
        0
      ],
      "indexes": [
        0,
        1,
        2,
        2,
        1,
        3
      ],
      "uv": [
        1,
        597,
        2010,
        597,
        1,
        7,
        2010,
        7
      ],
      "nuv": [
        0.0004940711462450593,
        0.011705685618729096,
        0.9930830039525692,
        0.011705685618729096,
        0.0004940711462450593,
        0.9983277591973244,
        0.9930830039525692,
        0.9983277591973244
      ],
      "minPos": {
        "x": -1004.5,
        "y": -295,
        "z": 0
      },
      "maxPos": {
        "x": 1004.5,
        "y": 295,
        "z": 0
      }
    },
    "texture": "2c318f55-949c-4b5c-a43d-c217d72d9170@6c48a",
    "packable": true,
    "pixelsToUnit": 100,
    "pivot": {
      "x": 0.5,
      "y": 0.5
    },
    "meshType": 0
  }
}