{
  "__type__": "cc.SpriteFrame",
  "content": {
    "name": "m_10703",
    "atlas": "",
    "rect": {
      "x": 3,
      "y": 0,
      "width": 982,
      "height": 1779
    },
    "offset": {
      "x": 0.5,
      "y": 20.5
    },
    "originalSize": {
      "width": 987,
      "height": 1820
    },
    "rotated": false,
    "capInsets": [
      0,
      0,
      0,
      0
    ],
    "vertices": {
      "rawPosition": [
        -491,
        -889.5,
        0,
        491,
        -889.5,
        0,
        -491,
        889.5,
        0,
        491,
        889.5,
        0
      ],
      "indexes": [
        0,
        1,
        2,
        2,
        1,
        3
      ],
      "uv": [
        3,
        1820,
        985,
        1820,
        3,
        41,
        985,
        41
      ],
      "nuv": [
        0.00303951367781155,
        0.022527472527472527,
        0.9979736575481256,
        0.022527472527472527,
        0.00303951367781155,
        1,
        0.9979736575481256,
        1
      ],
      "minPos": {
        "x": -491,
        "y": -889.5,
        "z": 0
      },
      "maxPos": {
        "x": 491,
        "y": 889.5,
        "z": 0
      }
    },
    "texture": "2c821425-aae3-4aef-a070-6f1953052125@6c48a",
    "packable": true,
    "pixelsToUnit": 100,
    "pivot": {
      "x": 0.5,
      "y": 0.5
    },
    "meshType": 0
  }
}