{
  "__type__": "cc.SpriteFrame",
  "content": {
    "name": "m_10702",
    "atlas": "",
    "rect": {
      "x": 2,
      "y": 2,
      "width": 1980,
      "height": 1001
    },
    "offset": {
      "x": -2.5,
      "y": 0
    },
    "originalSize": {
      "width": 1989,
      "height": 1005
    },
    "rotated": false,
    "capInsets": [
      0,
      0,
      0,
      0
    ],
    "vertices": {
      "rawPosition": [
        -990,
        -500.5,
        0,
        990,
        -500.5,
        0,
        -990,
        500.5,
        0,
        990,
        500.5,
        0
      ],
      "indexes": [
        0,
        1,
        2,
        2,
        1,
        3
      ],
      "uv": [
        2,
        1003,
        1982,
        1003,
        2,
        2,
        1982,
        2
      ],
      "nuv": [
        0.001005530417295123,
        0.001990049751243781,
        0.9964806435394671,
        0.001990049751243781,
        0.001005530417295123,
        0.9980099502487563,
        0.9964806435394671,
        0.9980099502487563
      ],
      "minPos": {
        "x": -990,
        "y": -500.5,
        "z": 0
      },
      "maxPos": {
        "x": 990,
        "y": 500.5,
        "z": 0
      }
    },
    "texture": "2c95423d-1fd9-4aa0-848c-e806270e0455@6c48a",
    "packable": true,
    "pixelsToUnit": 100,
    "pivot": {
      "x": 0.5,
      "y": 0.5
    },
    "meshType": 0
  }
}