{
  "__type__": "cc.SpriteFrame",
  "content": {
    "name": "sc001_00015",
    "atlas": "",
    "rect": {
      "x": 23,
      "y": 16,
      "width": 77,
      "height": 101
    },
    "offset": {
      "x": 1.5,
      "y": -6.5
    },
    "originalSize": {
      "width": 120,
      "height": 120
    },
    "rotated": false,
    "capInsets": [
      0,
      0,
      0,
      0
    ],
    "vertices": {
      "rawPosition": [
        -38.5,
        -50.5,
        0,
        38.5,
        -50.5,
        0,
        -38.5,
        50.5,
        0,
        38.5,
        50.5,
        0
      ],
      "indexes": [
        0,
        1,
        2,
        2,
        1,
        3
      ],
      "uv": [
        23,
        104,
        100,
        104,
        23,
        3,
        100,
        3
      ],
      "nuv": [
        0.19166666666666668,
        0.025,
        0.8333333333333334,
        0.025,
        0.19166666666666668,
        0.8666666666666667,
        0.8333333333333334,
        0.8666666666666667
      ],
      "minPos": {
        "x": -38.5,
        "y": -50.5,
        "z": 0
      },
      "maxPos": {
        "x": 38.5,
        "y": 50.5,
        "z": 0
      }
    },
    "texture": "2c983717-1839-4b9f-a3a6-35899a87dba3@6c48a",
    "packable": true,
    "pixelsToUnit": 100,
    "pivot": {
      "x": 0.5,
      "y": 0.5
    },
    "meshType": 0
  }
}