{
  "__type__": "cc.SpriteFrame",
  "content": {
    "name": "m_10009",
    "atlas": "",
    "rect": {
      "x": 1,
      "y": 0,
      "width": 1855,
      "height": 1356
    },
    "offset": {
      "x": -2.5,
      "y": 1
    },
    "originalSize": {
      "width": 1862,
      "height": 1358
    },
    "rotated": false,
    "capInsets": [
      0,
      0,
      0,
      0
    ],
    "vertices": {
      "rawPosition": [
        -927.5,
        -678,
        0,
        927.5,
        -678,
        0,
        -927.5,
        678,
        0,
        927.5,
        678,
        0
      ],
      "indexes": [
        0,
        1,
        2,
        2,
        1,
        3
      ],
      "uv": [
        1,
        1358,
        1856,
        1358,
        1,
        2,
        1856,
        2
      ],
      "nuv": [
        0.0005370569280343716,
        0.0014727540500736377,
        0.9967776584317938,
        0.0014727540500736377,
        0.0005370569280343716,
        1,
        0.9967776584317938,
        1
      ],
      "minPos": {
        "x": -927.5,
        "y": -678,
        "z": 0
      },
      "maxPos": {
        "x": 927.5,
        "y": 678,
        "z": 0
      }
    },
    "texture": "cb345dfd-85e6-40b9-896c-e0cdafdbefaf@6c48a",
    "packable": true,
    "pixelsToUnit": 100,
    "pivot": {
      "x": 0.5,
      "y": 0.5
    },
    "meshType": 0
  }
}