{
  "__type__": "cc.SpriteFrame",
  "content": {
    "name": "hero_common_behit_red",
    "atlas": "",
    "rect": {
      "x": 12,
      "y": 0,
      "width": 872,
      "height": 455
    },
    "offset": {
      "x": -4.5,
      "y": 17
    },
    "originalSize": {
      "width": 905,
      "height": 489
    },
    "rotated": false,
    "capInsets": [
      0,
      0,
      0,
      0
    ],
    "vertices": {
      "rawPosition": [
        -436,
        -227.5,
        0,
        436,
        -227.5,
        0,
        -436,
        227.5,
        0,
        436,
        227.5,
        0
      ],
      "indexes": [
        0,
        1,
        2,
        2,
        1,
        3
      ],
      "uv": [
        12,
        489,
        884,
        489,
        12,
        34,
        884,
        34
      ],
      "nuv": [
        0.013259668508287293,
        0.06952965235173825,
        0.9767955801104973,
        0.06952965235173825,
        0.013259668508287293,
        1,
        0.9767955801104973,
        1
      ],
      "minPos": {
        "x": -436,
        "y": -227.5,
        "z": 0
      },
      "maxPos": {
        "x": 436,
        "y": 227.5,
        "z": 0
      }
    },
    "texture": "207f6470-3f93-4191-8a44-c002de3cb825@6c48a",
    "packable": true,
    "pixelsToUnit": 100,
    "pivot": {
      "x": 0.5,
      "y": 0.5
    },
    "meshType": 0
  }
}