{
  "__type__": "cc.SpriteFrame",
  "content": {
    "name": "hero_1201_bullet_1",
    "atlas": "",
    "rect": {
      "x": 0,
      "y": 29,
      "width": 1881,
      "height": 247
    },
    "offset": {
      "x": -4.5,
      "y": -2.5
    },
    "originalSize": {
      "width": 1890,
      "height": 300
    },
    "rotated": false,
    "capInsets": [
      0,
      0,
      0,
      0
    ],
    "vertices": {
      "rawPosition": [
        -940.5,
        -123.5,
        0,
        940.5,
        -123.5,
        0,
        -940.5,
        123.5,
        0,
        940.5,
        123.5,
        0
      ],
      "indexes": [
        0,
        1,
        2,
        2,
        1,
        3
      ],
      "uv": [
        0,
        271,
        1881,
        271,
        0,
        24,
        1881,
        24
      ],
      "nuv": [
        0,
        0.08,
        0.9952380952380953,
        0.08,
        0,
        0.9033333333333333,
        0.9952380952380953,
        0.9033333333333333
      ],
      "minPos": {
        "x": -940.5,
        "y": -123.5,
        "z": 0
      },
      "maxPos": {
        "x": 940.5,
        "y": 123.5,
        "z": 0
      }
    },
    "texture": "b2def34c-3a7c-4e2c-91c3-9adfe3f83ebf@6c48a",
    "packable": true,
    "pixelsToUnit": 100,
    "pivot": {
      "x": 0.5,
      "y": 0.5
    },
    "meshType": 0
  }
}