{
  "__type__": "cc.SpriteFrame",
  "content": {
    "name": "hero_3201_bullet_2",
    "atlas": "",
    "rect": {
      "x": 68,
      "y": 35,
      "width": 190,
      "height": 222
    },
    "offset": {
      "x": 13,
      "y": 3
    },
    "originalSize": {
      "width": 300,
      "height": 298
    },
    "rotated": false,
    "capInsets": [
      0,
      0,
      0,
      0
    ],
    "vertices": {
      "rawPosition": [
        -95,
        -111,
        0,
        95,
        -111,
        0,
        -95,
        111,
        0,
        95,
        111,
        0
      ],
      "indexes": [
        0,
        1,
        2,
        2,
        1,
        3
      ],
      "uv": [
        68,
        263,
        258,
        263,
        68,
        41,
        258,
        41
      ],
      "nuv": [
        0.22666666666666666,
        0.13758389261744966,
        0.86,
        0.13758389261744966,
        0.22666666666666666,
        0.8825503355704698,
        0.86,
        0.8825503355704698
      ],
      "minPos": {
        "x": -95,
        "y": -111,
        "z": 0
      },
      "maxPos": {
        "x": 95,
        "y": 111,
        "z": 0
      }
    },
    "texture": "2740fb66-24e4-4ef0-aa21-a74771b4532f@6c48a",
    "packable": true,
    "pixelsToUnit": 100,
    "pivot": {
      "x": 0.5,
      "y": 0.5
    },
    "meshType": 0
  }
}