{
  "__type__": "cc.SpriteFrame",
  "content": {
    "name": "shouchong",
    "atlas": "",
    "rect": {
      "x": 6,
      "y": 7,
      "width": 224,
      "height": 219
    },
    "offset": {
      "x": -6,
      "y": -1
    },
    "originalSize": {
      "width": 248,
      "height": 231
    },
    "rotated": false,
    "capInsets": [
      0,
      0,
      0,
      0
    ],
    "vertices": {
      "rawPosition": [
        -112,
        -109.5,
        0,
        112,
        -109.5,
        0,
        -112,
        109.5,
        0,
        112,
        109.5,
        0
      ],
      "indexes": [
        0,
        1,
        2,
        2,
        1,
        3
      ],
      "uv": [
        6,
        224,
        230,
        224,
        6,
        5,
        230,
        5
      ],
      "nuv": [
        0.024193548387096774,
        0.021645021645021644,
        0.9274193548387096,
        0.021645021645021644,
        0.024193548387096774,
        0.9696969696969697,
        0.9274193548387096,
        0.9696969696969697
      ],
      "minPos": {
        "x": -112,
        "y": -109.5,
        "z": 0
      },
      "maxPos": {
        "x": 112,
        "y": 109.5,
        "z": 0
      }
    },
    "texture": "27482b0b-be00-4366-8db9-cd2c049fb01a@6c48a",
    "packable": true,
    "pixelsToUnit": 100,
    "pivot": {
      "x": 0.5,
      "y": 0.5
    },
    "meshType": 0
  }
}