{
  "__type__": "cc.SpriteFrame",
  "content": {
    "name": "boss",
    "atlas": "",
    "rect": {
      "x": 16,
      "y": 9,
      "width": 206,
      "height": 217
    },
    "offset": {
      "x": -5,
      "y": -2
    },
    "originalSize": {
      "width": 248,
      "height": 231
    },
    "rotated": false,
    "capInsets": [
      0,
      0,
      0,
      0
    ],
    "vertices": {
      "rawPosition": [
        -103,
        -108.5,
        0,
        103,
        -108.5,
        0,
        -103,
        108.5,
        0,
        103,
        108.5,
        0
      ],
      "indexes": [
        0,
        1,
        2,
        2,
        1,
        3
      ],
      "uv": [
        16,
        222,
        222,
        222,
        16,
        5,
        222,
        5
      ],
      "nuv": [
        0.06451612903225806,
        0.021645021645021644,
        0.8951612903225806,
        0.021645021645021644,
        0.06451612903225806,
        0.961038961038961,
        0.8951612903225806,
        0.961038961038961
      ],
      "minPos": {
        "x": -103,
        "y": -108.5,
        "z": 0
      },
      "maxPos": {
        "x": 103,
        "y": 108.5,
        "z": 0
      }
    },
    "texture": "278ee5d4-ca40-4d65-9fe4-29cd8da926d6@6c48a",
    "packable": true,
    "pixelsToUnit": 100,
    "pivot": {
      "x": 0.5,
      "y": 0.5
    },
    "meshType": 0
  }
}