{
  "__type__": "cc.SpriteFrame",
  "content": {
    "name": "m_31008",
    "atlas": "",
    "rect": {
      "x": 0,
      "y": 16,
      "width": 512,
      "height": 495
    },
    "offset": {
      "x": 0,
      "y": -7.5
    },
    "originalSize": {
      "width": 512,
      "height": 512
    },
    "rotated": false,
    "capInsets": [
      0,
      0,
      0,
      0
    ],
    "vertices": {
      "rawPosition": [
        -256,
        -247.5,
        0,
        256,
        -247.5,
        0,
        -256,
        247.5,
        0,
        256,
        247.5,
        0
      ],
      "indexes": [
        0,
        1,
        2,
        2,
        1,
        3
      ],
      "uv": [
        0,
        496,
        512,
        496,
        0,
        1,
        512,
        1
      ],
      "nuv": [
        0,
        0.001953125,
        1,
        0.001953125,
        0,
        0.96875,
        1,
        0.96875
      ],
      "minPos": {
        "x": -256,
        "y": -247.5,
        "z": 0
      },
      "maxPos": {
        "x": 256,
        "y": 247.5,
        "z": 0
      }
    },
    "texture": "cd73ae59-0259-4b36-b7d0-151b17536c4a@6c48a",
    "packable": true,
    "pixelsToUnit": 100,
    "pivot": {
      "x": 0.5,
      "y": 0.5
    },
    "meshType": 0
  }
}