{
  "__type__": "cc.SpriteFrame",
  "content": {
    "name": "m_31009_buff",
    "atlas": "",
    "rect": {
      "x": 20,
      "y": 42,
      "width": 861,
      "height": 1393
    },
    "offset": {
      "x": 0.5,
      "y": 11.5
    },
    "originalSize": {
      "width": 900,
      "height": 1500
    },
    "rotated": false,
    "capInsets": [
      0,
      0,
      0,
      0
    ],
    "vertices": {
      "rawPosition": [
        -430.5,
        -696.5,
        0,
        430.5,
        -696.5,
        0,
        -430.5,
        696.5,
        0,
        430.5,
        696.5,
        0
      ],
      "indexes": [
        0,
        1,
        2,
        2,
        1,
        3
      ],
      "uv": [
        20,
        1458,
        881,
        1458,
        20,
        65,
        881,
        65
      ],
      "nuv": [
        0.022222222222222223,
        0.043333333333333335,
        0.9788888888888889,
        0.043333333333333335,
        0.022222222222222223,
        0.972,
        0.9788888888888889,
        0.972
      ],
      "minPos": {
        "x": -430.5,
        "y": -696.5,
        "z": 0
      },
      "maxPos": {
        "x": 430.5,
        "y": 696.5,
        "z": 0
      }
    },
    "texture": "972bbda1-95f2-4b49-b18f-42ea90fded1b@6c48a",
    "packable": true,
    "pixelsToUnit": 100,
    "pivot": {
      "x": 0.5,
      "y": 0.5
    },
    "meshType": 0
  }
}