{
  "__type__": "cc.SpriteFrame",
  "content": {
    "name": "shengXingDaShiTitle",
    "atlas": "",
    "rect": {
      "x": 7,
      "y": 0,
      "width": 260,
      "height": 74
    },
    "offset": {
      "x": 2,
      "y": 0
    },
    "originalSize": {
      "width": 270,
      "height": 74
    },
    "rotated": false,
    "capInsets": [
      0,
      0,
      0,
      0
    ],
    "vertices": {
      "rawPosition": [
        -130,
        -37,
        0,
        130,
        -37,
        0,
        -130,
        37,
        0,
        130,
        37,
        0
      ],
      "indexes": [
        0,
        1,
        2,
        2,
        1,
        3
      ],
      "uv": [
        7,
        74,
        267,
        74,
        7,
        0,
        267,
        0
      ],
      "nuv": [
        0.025925925925925925,
        0,
        0.9888888888888889,
        0,
        0.025925925925925925,
        1,
        0.9888888888888889,
        1
      ],
      "minPos": {
        "x": -130,
        "y": -37,
        "z": 0
      },
      "maxPos": {
        "x": 130,
        "y": 37,
        "z": 0
      }
    },
    "texture": "9730cda0-d01e-4e2a-b713-c7439050194e@6c48a",
    "packable": true,
    "pixelsToUnit": 100,
    "pivot": {
      "x": 0.5,
      "y": 0.5
    },
    "meshType": 0
  }
}