{
  "__type__": "cc.SpriteFrame",
  "content": {
    "name": "jingYing104",
    "atlas": "",
    "rect": {
      "x": 20,
      "y": 28,
      "width": 281,
      "height": 286
    },
    "offset": {
      "x": 0.5,
      "y": -11
    },
    "originalSize": {
      "width": 320,
      "height": 320
    },
    "rotated": false,
    "capInsets": [
      0,
      0,
      0,
      0
    ],
    "vertices": {
      "rawPosition": [
        -140.5,
        -143,
        0,
        140.5,
        -143,
        0,
        -140.5,
        143,
        0,
        140.5,
        143,
        0
      ],
      "indexes": [
        0,
        1,
        2,
        2,
        1,
        3
      ],
      "uv": [
        20,
        292,
        301,
        292,
        20,
        6,
        301,
        6
      ],
      "nuv": [
        0.0625,
        0.01875,
        0.940625,
        0.01875,
        0.0625,
        0.9125,
        0.940625,
        0.9125
      ],
      "minPos": {
        "x": -140.5,
        "y": -143,
        "z": 0
      },
      "maxPos": {
        "x": 140.5,
        "y": 143,
        "z": 0
      }
    },
    "texture": "975958fb-fb2e-402d-b551-c9f83898e964@6c48a",
    "packable": true,
    "pixelsToUnit": 100,
    "pivot": {
      "x": 0.5,
      "y": 0.5
    },
    "meshType": 0
  }
}