{
  "__type__": "cc.SpriteFrame",
  "content": {
    "name": "m_31006",
    "atlas": "",
    "rect": {
      "x": 2,
      "y": 2,
      "width": 499,
      "height": 508
    },
    "offset": {
      "x": -4.5,
      "y": 0
    },
    "originalSize": {
      "width": 512,
      "height": 512
    },
    "rotated": false,
    "capInsets": [
      0,
      0,
      0,
      0
    ],
    "vertices": {
      "rawPosition": [
        -249.5,
        -254,
        0,
        249.5,
        -254,
        0,
        -249.5,
        254,
        0,
        249.5,
        254,
        0
      ],
      "indexes": [
        0,
        1,
        2,
        2,
        1,
        3
      ],
      "uv": [
        2,
        510,
        501,
        510,
        2,
        2,
        501,
        2
      ],
      "nuv": [
        0.00390625,
        0.00390625,
        0.978515625,
        0.00390625,
        0.00390625,
        0.99609375,
        0.978515625,
        0.99609375
      ],
      "minPos": {
        "x": -249.5,
        "y": -254,
        "z": 0
      },
      "maxPos": {
        "x": 249.5,
        "y": 254,
        "z": 0
      }
    },
    "texture": "97a55815-9c01-4a9f-a201-6e103dba8b91@6c48a",
    "packable": true,
    "pixelsToUnit": 100,
    "pivot": {
      "x": 0.5,
      "y": 0.5
    },
    "meshType": 0
  }
}