{
  "__type__": "cc.SpriteFrame",
  "content": {
    "name": "hero_4101_behit_4",
    "atlas": "",
    "rect": {
      "x": 0,
      "y": 11,
      "width": 414,
      "height": 1117
    },
    "offset": {
      "x": 0,
      "y": -5.5
    },
    "originalSize": {
      "width": 414,
      "height": 1128
    },
    "rotated": false,
    "capInsets": [
      0,
      0,
      0,
      0
    ],
    "vertices": {
      "rawPosition": [
        -207,
        -558.5,
        0,
        207,
        -558.5,
        0,
        -207,
        558.5,
        0,
        207,
        558.5,
        0
      ],
      "indexes": [
        0,
        1,
        2,
        2,
        1,
        3
      ],
      "uv": [
        0,
        1117,
        414,
        1117,
        0,
        0,
        414,
        0
      ],
      "nuv": [
        0,
        0,
        1,
        0,
        0,
        0.9902482269503546,
        1,
        0.9902482269503546
      ],
      "minPos": {
        "x": -207,
        "y": -558.5,
        "z": 0
      },
      "maxPos": {
        "x": 207,
        "y": 558.5,
        "z": 0
      }
    },
    "texture": "97fbd565-d869-4986-a8d7-24da21471546@6c48a",
    "packable": true,
    "pixelsToUnit": 100,
    "pivot": {
      "x": 0.5,
      "y": 0.5
    },
    "meshType": 0
  }
}