{
  "__type__": "cc.SpriteFrame",
  "content": {
    "name": "hero_4403",
    "atlas": "",
    "rect": {
      "x": 0,
      "y": 7,
      "width": 64,
      "height": 51
    },
    "offset": {
      "x": -0.5,
      "y": -2.5
    },
    "originalSize": {
      "width": 65,
      "height": 60
    },
    "rotated": false,
    "capInsets": [
      0,
      0,
      0,
      0
    ],
    "vertices": {
      "rawPosition": [
        -32,
        -25.5,
        0,
        32,
        -25.5,
        0,
        -32,
        25.5,
        0,
        32,
        25.5,
        0
      ],
      "indexes": [
        0,
        1,
        2,
        2,
        1,
        3
      ],
      "uv": [
        0,
        53,
        64,
        53,
        0,
        2,
        64,
        2
      ],
      "nuv": [
        0,
        0.03333333333333333,
        0.9846153846153847,
        0.03333333333333333,
        0,
        0.8833333333333333,
        0.9846153846153847,
        0.8833333333333333
      ],
      "minPos": {
        "x": -32,
        "y": -25.5,
        "z": 0
      },
      "maxPos": {
        "x": 32,
        "y": 25.5,
        "z": 0
      }
    },
    "texture": "6cea5b63-5d26-463e-a9b7-a25992448964@6c48a",
    "packable": true,
    "pixelsToUnit": 100,
    "pivot": {
      "x": 0.5,
      "y": 0.5
    },
    "meshType": 0
  }
}