{
  "__type__": "cc.SpriteFrame",
  "content": {
    "name": "hero_4403_behit_4",
    "atlas": "",
    "rect": {
      "x": 0,
      "y": 12,
      "width": 822,
      "height": 957
    },
    "offset": {
      "x": 0,
      "y": 57.5
    },
    "originalSize": {
      "width": 822,
      "height": 1096
    },
    "rotated": false,
    "capInsets": [
      0,
      0,
      0,
      0
    ],
    "vertices": {
      "rawPosition": [
        -411,
        -478.5,
        0,
        411,
        -478.5,
        0,
        -411,
        478.5,
        0,
        411,
        478.5,
        0
      ],
      "indexes": [
        0,
        1,
        2,
        2,
        1,
        3
      ],
      "uv": [
        0,
        1084,
        822,
        1084,
        0,
        127,
        822,
        127
      ],
      "nuv": [
        0,
        0.11587591240875912,
        1,
        0.11587591240875912,
        0,
        0.9890510948905109,
        1,
        0.9890510948905109
      ],
      "minPos": {
        "x": -411,
        "y": -478.5,
        "z": 0
      },
      "maxPos": {
        "x": 411,
        "y": 478.5,
        "z": 0
      }
    },
    "texture": "6cf63d4a-740e-47ea-b0f6-bedb80efdb88@6c48a",
    "packable": true,
    "pixelsToUnit": 100,
    "pivot": {
      "x": 0.5,
      "y": 0.5
    },
    "meshType": 0
  }
}