{
  "__type__": "cc.SpriteFrame",
  "content": {
    "name": "hero_1501",
    "atlas": "",
    "rect": {
      "x": 4,
      "y": 13,
      "width": 152,
      "height": 131
    },
    "offset": {
      "x": 0,
      "y": 1.5
    },
    "originalSize": {
      "width": 160,
      "height": 160
    },
    "rotated": false,
    "capInsets": [
      0,
      0,
      0,
      0
    ],
    "vertices": {
      "rawPosition": [
        -76,
        -65.5,
        0,
        76,
        -65.5,
        0,
        -76,
        65.5,
        0,
        76,
        65.5,
        0
      ],
      "indexes": [
        0,
        1,
        2,
        2,
        1,
        3
      ],
      "uv": [
        4,
        147,
        156,
        147,
        4,
        16,
        156,
        16
      ],
      "nuv": [
        0.025,
        0.1,
        0.975,
        0.1,
        0.025,
        0.91875,
        0.975,
        0.91875
      ],
      "minPos": {
        "x": -76,
        "y": -65.5,
        "z": 0
      },
      "maxPos": {
        "x": 76,
        "y": 65.5,
        "z": 0
      }
    },
    "texture": "547e7f60-e688-48b4-be88-312709d2d964@6c48a",
    "packable": true,
    "pixelsToUnit": 100,
    "pivot": {
      "x": 0.5,
      "y": 0.5
    },
    "meshType": 0
  }
}