{
  "__type__": "cc.SpriteFrame",
  "content": {
    "name": "saoguang4",
    "atlas": "",
    "rect": {
      "x": 2,
      "y": 2,
      "width": 147,
      "height": 256
    },
    "offset": {
      "x": 0,
      "y": 0
    },
    "originalSize": {
      "width": 151,
      "height": 260
    },
    "rotated": false,
    "capInsets": [
      0,
      0,
      0,
      0
    ],
    "vertices": {
      "rawPosition": [
        -73.5,
        -128,
        0,
        73.5,
        -128,
        0,
        -73.5,
        128,
        0,
        73.5,
        128,
        0
      ],
      "indexes": [
        0,
        1,
        2,
        2,
        1,
        3
      ],
      "uv": [
        2,
        258,
        149,
        258,
        2,
        2,
        149,
        2
      ],
      "nuv": [
        0.013245033112582781,
        0.007692307692307693,
        0.9867549668874173,
        0.007692307692307693,
        0.013245033112582781,
        0.9923076923076923,
        0.9867549668874173,
        0.9923076923076923
      ],
      "minPos": {
        "x": -73.5,
        "y": -128,
        "z": 0
      },
      "maxPos": {
        "x": 73.5,
        "y": 128,
        "z": 0
      }
    },
    "texture": "54c14c5f-ce00-454b-9e2c-46be4f60803e@6c48a",
    "packable": true,
    "pixelsToUnit": 100,
    "pivot": {
      "x": 0.5,
      "y": 0.5
    },
    "meshType": 0
  }
}