{
  "__type__": "cc.SpriteFrame",
  "content": {
    "name": "m_31002_behit_1",
    "atlas": "",
    "rect": {
      "x": 22,
      "y": 13,
      "width": 1116,
      "height": 167
    },
    "offset": {
      "x": -20,
      "y": 3.5
    },
    "originalSize": {
      "width": 1200,
      "height": 200
    },
    "rotated": false,
    "capInsets": [
      0,
      0,
      0,
      0
    ],
    "vertices": {
      "rawPosition": [
        -558,
        -83.5,
        0,
        558,
        -83.5,
        0,
        -558,
        83.5,
        0,
        558,
        83.5,
        0
      ],
      "indexes": [
        0,
        1,
        2,
        2,
        1,
        3
      ],
      "uv": [
        22,
        187,
        1138,
        187,
        22,
        20,
        1138,
        20
      ],
      "nuv": [
        0.018333333333333333,
        0.1,
        0.9483333333333334,
        0.1,
        0.018333333333333333,
        0.935,
        0.9483333333333334,
        0.935
      ],
      "minPos": {
        "x": -558,
        "y": -83.5,
        "z": 0
      },
      "maxPos": {
        "x": 558,
        "y": 83.5,
        "z": 0
      }
    },
    "texture": "80b90b90-915b-4cd5-a551-c63aef110849@6c48a",
    "packable": true,
    "pixelsToUnit": 100,
    "pivot": {
      "x": 0.5,
      "y": 0.5
    },
    "meshType": 0
  }
}