{
  "__type__": "cc.SpriteFrame",
  "content": {
    "name": "zhanDouLi",
    "atlas": "",
    "rect": {
      "x": 19,
      "y": 2,
      "width": 36,
      "height": 24
    },
    "offset": {
      "x": 1,
      "y": 0
    },
    "originalSize": {
      "width": 72,
      "height": 28
    },
    "rotated": false,
    "capInsets": [
      0,
      0,
      0,
      0
    ],
    "vertices": {
      "rawPosition": [
        -18,
        -12,
        0,
        18,
        -12,
        0,
        -18,
        12,
        0,
        18,
        12,
        0
      ],
      "indexes": [
        0,
        1,
        2,
        2,
        1,
        3
      ],
      "uv": [
        19,
        26,
        55,
        26,
        19,
        2,
        55,
        2
      ],
      "nuv": [
        0.2638888888888889,
        0.07142857142857142,
        0.7638888888888888,
        0.07142857142857142,
        0.2638888888888889,
        0.9285714285714286,
        0.7638888888888888,
        0.9285714285714286
      ],
      "minPos": {
        "x": -18,
        "y": -12,
        "z": 0
      },
      "maxPos": {
        "x": 18,
        "y": 12,
        "z": 0
      }
    },
    "texture": "80dff9fb-860a-44f7-9f2e-8a2a04c162cb@6c48a",
    "packable": true,
    "pixelsToUnit": 100,
    "pivot": {
      "x": 0.5,
      "y": 0.5
    },
    "meshType": 0
  }
}