{
  "__type__": "cc.SpriteFrame",
  "content": {
    "name": "m_10002",
    "atlas": "",
    "rect": {
      "x": 0,
      "y": 5,
      "width": 222,
      "height": 1810
    },
    "offset": {
      "x": -1.5,
      "y": -2.5
    },
    "originalSize": {
      "width": 225,
      "height": 1815
    },
    "rotated": false,
    "capInsets": [
      0,
      0,
      0,
      0
    ],
    "vertices": {
      "rawPosition": [
        -111,
        -905,
        0,
        111,
        -905,
        0,
        -111,
        905,
        0,
        111,
        905,
        0
      ],
      "indexes": [
        0,
        1,
        2,
        2,
        1,
        3
      ],
      "uv": [
        0,
        1810,
        222,
        1810,
        0,
        0,
        222,
        0
      ],
      "nuv": [
        0,
        0,
        0.9866666666666667,
        0,
        0,
        0.9972451790633609,
        0.9866666666666667,
        0.9972451790633609
      ],
      "minPos": {
        "x": -111,
        "y": -905,
        "z": 0
      },
      "maxPos": {
        "x": 111,
        "y": 905,
        "z": 0
      }
    },
    "texture": "2e222c74-00a3-45bc-b583-16a756b6427e@6c48a",
    "packable": true,
    "pixelsToUnit": 100,
    "pivot": {
      "x": 0.5,
      "y": 0.5
    },
    "meshType": 0
  }
}