{
  "__type__": "cc.SpriteFrame",
  "content": {
    "name": "btn_ShouCang01",
    "atlas": "",
    "rect": {
      "x": 8,
      "y": 7,
      "width": 50,
      "height": 49
    },
    "offset": {
      "x": 0,
      "y": 0.5
    },
    "originalSize": {
      "width": 66,
      "height": 64
    },
    "rotated": false,
    "capInsets": [
      0,
      0,
      0,
      0
    ],
    "vertices": {
      "rawPosition": [
        -25,
        -24.5,
        0,
        25,
        -24.5,
        0,
        -25,
        24.5,
        0,
        25,
        24.5,
        0
      ],
      "indexes": [
        0,
        1,
        2,
        2,
        1,
        3
      ],
      "uv": [
        8,
        57,
        58,
        57,
        8,
        8,
        58,
        8
      ],
      "nuv": [
        0.12121212121212122,
        0.125,
        0.8787878787878788,
        0.125,
        0.12121212121212122,
        0.890625,
        0.8787878787878788,
        0.890625
      ],
      "minPos": {
        "x": -25,
        "y": -24.5,
        "z": 0
      },
      "maxPos": {
        "x": 25,
        "y": 24.5,
        "z": 0
      }
    },
    "texture": "2e5d6b97-1b6d-4756-90c1-7302e857fce0@6c48a",
    "packable": true,
    "pixelsToUnit": 100,
    "pivot": {
      "x": 0.5,
      "y": 0.5
    },
    "meshType": 0
  }
}