{
  "__type__": "cc.SpriteFrame",
  "content": {
    "name": "m_10701",
    "atlas": "",
    "rect": {
      "x": 2,
      "y": 0,
      "width": 2029,
      "height": 694
    },
    "offset": {
      "x": -4,
      "y": 5.5
    },
    "originalSize": {
      "width": 2041,
      "height": 705
    },
    "rotated": false,
    "capInsets": [
      0,
      0,
      0,
      0
    ],
    "vertices": {
      "rawPosition": [
        -1014.5,
        -347,
        0,
        1014.5,
        -347,
        0,
        -1014.5,
        347,
        0,
        1014.5,
        347,
        0
      ],
      "indexes": [
        0,
        1,
        2,
        2,
        1,
        3
      ],
      "uv": [
        2,
        705,
        2031,
        705,
        2,
        11,
        2031,
        11
      ],
      "nuv": [
        0.0009799118079372856,
        0.015602836879432624,
        0.9951004409603136,
        0.015602836879432624,
        0.0009799118079372856,
        1,
        0.9951004409603136,
        1
      ],
      "minPos": {
        "x": -1014.5,
        "y": -347,
        "z": 0
      },
      "maxPos": {
        "x": 1014.5,
        "y": 347,
        "z": 0
      }
    },
    "texture": "7a214ba4-82b0-41d7-878a-166835443f4d@6c48a",
    "packable": true,
    "pixelsToUnit": 100,
    "pivot": {
      "x": 0.5,
      "y": 0.5
    },
    "meshType": 0
  }
}