{
  "__type__": "cc.SpriteFrame",
  "content": {
    "name": "hero_skill_marksman_effect",
    "atlas": "",
    "rect": {
      "x": 2,
      "y": 2,
      "width": 994,
      "height": 1020
    },
    "offset": {
      "x": -13,
      "y": 0
    },
    "originalSize": {
      "width": 1024,
      "height": 1024
    },
    "rotated": false,
    "capInsets": [
      0,
      0,
      0,
      0
    ],
    "vertices": {
      "rawPosition": [
        -497,
        -510,
        0,
        497,
        -510,
        0,
        -497,
        510,
        0,
        497,
        510,
        0
      ],
      "indexes": [
        0,
        1,
        2,
        2,
        1,
        3
      ],
      "uv": [
        2,
        1022,
        996,
        1022,
        2,
        2,
        996,
        2
      ],
      "nuv": [
        0.001953125,
        0.001953125,
        0.97265625,
        0.001953125,
        0.001953125,
        0.998046875,
        0.97265625,
        0.998046875
      ],
      "minPos": {
        "x": -497,
        "y": -510,
        "z": 0
      },
      "maxPos": {
        "x": 497,
        "y": 510,
        "z": 0
      }
    },
    "texture": "7a95b104-df10-484c-8ae5-f70b412d124b@6c48a",
    "packable": true,
    "pixelsToUnit": 100,
    "pivot": {
      "x": 0.5,
      "y": 0.5
    },
    "meshType": 0
  }
}