{
  "__type__": "cc.SpriteFrame",
  "content": {
    "name": "hero_3102",
    "atlas": "",
    "rect": {
      "x": 21,
      "y": 6,
      "width": 111,
      "height": 152
    },
    "offset": {
      "x": -3.5,
      "y": -2
    },
    "originalSize": {
      "width": 160,
      "height": 160
    },
    "rotated": false,
    "capInsets": [
      0,
      0,
      0,
      0
    ],
    "vertices": {
      "rawPosition": [
        -55.5,
        -76,
        0,
        55.5,
        -76,
        0,
        -55.5,
        76,
        0,
        55.5,
        76,
        0
      ],
      "indexes": [
        0,
        1,
        2,
        2,
        1,
        3
      ],
      "uv": [
        21,
        154,
        132,
        154,
        21,
        2,
        132,
        2
      ],
      "nuv": [
        0.13125,
        0.0125,
        0.825,
        0.0125,
        0.13125,
        0.9625,
        0.825,
        0.9625
      ],
      "minPos": {
        "x": -55.5,
        "y": -76,
        "z": 0
      },
      "maxPos": {
        "x": 55.5,
        "y": 76,
        "z": 0
      }
    },
    "texture": "7a975e30-685a-46e2-ae82-eee7afae6e49@6c48a",
    "packable": true,
    "pixelsToUnit": 100,
    "pivot": {
      "x": 0.5,
      "y": 0.5
    },
    "meshType": 0
  }
}