{
  "__type__": "cc.SpriteFrame",
  "content": {
    "name": "hero_4402",
    "atlas": "",
    "rect": {
      "x": 6,
      "y": 0,
      "width": 51,
      "height": 58
    },
    "offset": {
      "x": -1,
      "y": 1
    },
    "originalSize": {
      "width": 65,
      "height": 60
    },
    "rotated": false,
    "capInsets": [
      0,
      0,
      0,
      0
    ],
    "vertices": {
      "rawPosition": [
        -25.5,
        -29,
        0,
        25.5,
        -29,
        0,
        -25.5,
        29,
        0,
        25.5,
        29,
        0
      ],
      "indexes": [
        0,
        1,
        2,
        2,
        1,
        3
      ],
      "uv": [
        6,
        60,
        57,
        60,
        6,
        2,
        57,
        2
      ],
      "nuv": [
        0.09230769230769231,
        0.03333333333333333,
        0.8769230769230769,
        0.03333333333333333,
        0.09230769230769231,
        1,
        0.8769230769230769,
        1
      ],
      "minPos": {
        "x": -25.5,
        "y": -29,
        "z": 0
      },
      "maxPos": {
        "x": 25.5,
        "y": 29,
        "z": 0
      }
    },
    "texture": "7ae63e95-b959-4ad8-9148-6ceb9b9201ee@6c48a",
    "packable": true,
    "pixelsToUnit": 100,
    "pivot": {
      "x": 0.5,
      "y": 0.5
    },
    "meshType": 0
  }
}