{
  "__type__": "cc.SpriteFrame",
  "content": {
    "name": "btn_DaMo02",
    "atlas": "",
    "rect": {
      "x": 1,
      "y": 0,
      "width": 57,
      "height": 57
    },
    "offset": {
      "x": 0.5,
      "y": 0
    },
    "originalSize": {
      "width": 58,
      "height": 57
    },
    "rotated": false,
    "capInsets": [
      0,
      0,
      0,
      0
    ],
    "vertices": {
      "rawPosition": [
        -28.5,
        -28.5,
        0,
        28.5,
        -28.5,
        0,
        -28.5,
        28.5,
        0,
        28.5,
        28.5,
        0
      ],
      "indexes": [
        0,
        1,
        2,
        2,
        1,
        3
      ],
      "uv": [
        1,
        57,
        58,
        57,
        1,
        0,
        58,
        0
      ],
      "nuv": [
        0.017241379310344827,
        0,
        1,
        0,
        0.017241379310344827,
        1,
        1,
        1
      ],
      "minPos": {
        "x": -28.5,
        "y": -28.5,
        "z": 0
      },
      "maxPos": {
        "x": 28.5,
        "y": 28.5,
        "z": 0
      }
    },
    "texture": "7af400de-abdd-4be6-8704-f7754463148a@6c48a",
    "packable": true,
    "pixelsToUnit": 100,
    "pivot": {
      "x": 0.5,
      "y": 0.5
    },
    "meshType": 0
  }
}