{
  "__type__": "cc.SpriteFrame",
  "content": {
    "name": "btn_yellow_M2",
    "atlas": "",
    "rect": {
      "x": 0,
      "y": 1,
      "width": 149,
      "height": 61
    },
    "offset": {
      "x": 0,
      "y": 0
    },
    "originalSize": {
      "width": 149,
      "height": 63
    },
    "rotated": false,
    "capInsets": [
      0,
      0,
      0,
      0
    ],
    "vertices": {
      "rawPosition": [
        -74.5,
        -30.5,
        0,
        74.5,
        -30.5,
        0,
        -74.5,
        30.5,
        0,
        74.5,
        30.5,
        0
      ],
      "indexes": [
        0,
        1,
        2,
        2,
        1,
        3
      ],
      "uv": [
        0,
        62,
        149,
        62,
        0,
        1,
        149,
        1
      ],
      "nuv": [
        0,
        0.015873015873015872,
        1,
        0.015873015873015872,
        0,
        0.9841269841269841,
        1,
        0.9841269841269841
      ],
      "minPos": {
        "x": -74.5,
        "y": -30.5,
        "z": 0
      },
      "maxPos": {
        "x": 74.5,
        "y": 30.5,
        "z": 0
      }
    },
    "texture": "7506d682-504a-496f-9a39-cc521d594473@6c48a",
    "packable": true,
    "pixelsToUnit": 100,
    "pivot": {
      "x": 0.5,
      "y": 0.5
    },
    "meshType": 0
  }
}