{
  "__type__": "cc.SpriteFrame",
  "content": {
    "name": "vipBtn_1_2",
    "atlas": "",
    "rect": {
      "x": 0,
      "y": 0,
      "width": 212,
      "height": 74
    },
    "offset": {
      "x": -5.5,
      "y": 0
    },
    "originalSize": {
      "width": 223,
      "height": 74
    },
    "rotated": false,
    "capInsets": [
      0,
      0,
      0,
      0
    ],
    "vertices": {
      "rawPosition": [
        -106,
        -37,
        0,
        106,
        -37,
        0,
        -106,
        37,
        0,
        106,
        37,
        0
      ],
      "indexes": [
        0,
        1,
        2,
        2,
        1,
        3
      ],
      "uv": [
        0,
        74,
        212,
        74,
        0,
        0,
        212,
        0
      ],
      "nuv": [
        0,
        0,
        0.9506726457399103,
        0,
        0,
        1,
        0.9506726457399103,
        1
      ],
      "minPos": {
        "x": -106,
        "y": -37,
        "z": 0
      },
      "maxPos": {
        "x": 106,
        "y": 37,
        "z": 0
      }
    },
    "texture": "07294334-f818-4346-b25b-ed571f2c9387@6c48a",
    "packable": true,
    "pixelsToUnit": 100,
    "pivot": {
      "x": 0.5,
      "y": 0.5
    },
    "meshType": 0
  }
}