{
  "__type__": "cc.SpriteFrame",
  "content": {
    "name": "tower_hero_003",
    "atlas": "",
    "rect": {
      "x": 2,
      "y": 3,
      "width": 404,
      "height": 104
    },
    "offset": {
      "x": -0.5,
      "y": -0.5
    },
    "originalSize": {
      "width": 409,
      "height": 109
    },
    "rotated": false,
    "capInsets": [
      0,
      0,
      0,
      0
    ],
    "vertices": {
      "rawPosition": [
        -202,
        -52,
        0,
        202,
        -52,
        0,
        -202,
        52,
        0,
        202,
        52,
        0
      ],
      "indexes": [
        0,
        1,
        2,
        2,
        1,
        3
      ],
      "uv": [
        2,
        106,
        406,
        106,
        2,
        2,
        406,
        2
      ],
      "nuv": [
        0.004889975550122249,
        0.01834862385321101,
        0.9926650366748166,
        0.01834862385321101,
        0.004889975550122249,
        0.9724770642201835,
        0.9926650366748166,
        0.9724770642201835
      ],
      "minPos": {
        "x": -202,
        "y": -52,
        "z": 0
      },
      "maxPos": {
        "x": 202,
        "y": 52,
        "z": 0
      }
    },
    "texture": "0750bfa6-d76b-4f31-a03c-97797ffc5052@6c48a",
    "packable": true,
    "pixelsToUnit": 100,
    "pivot": {
      "x": 0.5,
      "y": 0.5
    },
    "meshType": 0
  }
}