{
  "__type__": "cc.SpriteFrame",
  "content": {
    "name": "sc001_00001",
    "atlas": "",
    "rect": {
      "x": 47,
      "y": 16,
      "width": 33,
      "height": 101
    },
    "offset": {
      "x": 3.5,
      "y": -6.5
    },
    "originalSize": {
      "width": 120,
      "height": 120
    },
    "rotated": false,
    "capInsets": [
      0,
      0,
      0,
      0
    ],
    "vertices": {
      "rawPosition": [
        -16.5,
        -50.5,
        0,
        16.5,
        -50.5,
        0,
        -16.5,
        50.5,
        0,
        16.5,
        50.5,
        0
      ],
      "indexes": [
        0,
        1,
        2,
        2,
        1,
        3
      ],
      "uv": [
        47,
        104,
        80,
        104,
        47,
        3,
        80,
        3
      ],
      "nuv": [
        0.39166666666666666,
        0.025,
        0.6666666666666666,
        0.025,
        0.39166666666666666,
        0.8666666666666667,
        0.6666666666666666,
        0.8666666666666667
      ],
      "minPos": {
        "x": -16.5,
        "y": -50.5,
        "z": 0
      },
      "maxPos": {
        "x": 16.5,
        "y": 50.5,
        "z": 0
      }
    },
    "texture": "07c444a9-b72a-4e63-a80c-f77d012134a0@6c48a",
    "packable": true,
    "pixelsToUnit": 100,
    "pivot": {
      "x": 0.5,
      "y": 0.5
    },
    "meshType": 0
  }
}