{
  "__type__": "cc.SpriteFrame",
  "content": {
    "name": "jiFenBtn",
    "atlas": "",
    "rect": {
      "x": 2,
      "y": 0,
      "width": 215,
      "height": 168
    },
    "offset": {
      "x": 1,
      "y": 0
    },
    "originalSize": {
      "width": 217,
      "height": 168
    },
    "rotated": false,
    "capInsets": [
      0,
      0,
      0,
      0
    ],
    "vertices": {
      "rawPosition": [
        -107.5,
        -84,
        0,
        107.5,
        -84,
        0,
        -107.5,
        84,
        0,
        107.5,
        84,
        0
      ],
      "indexes": [
        0,
        1,
        2,
        2,
        1,
        3
      ],
      "uv": [
        2,
        168,
        217,
        168,
        2,
        0,
        217,
        0
      ],
      "nuv": [
        0.009216589861751152,
        0,
        1,
        0,
        0.009216589861751152,
        1,
        1,
        1
      ],
      "minPos": {
        "x": -107.5,
        "y": -84,
        "z": 0
      },
      "maxPos": {
        "x": 107.5,
        "y": 84,
        "z": 0
      }
    },
    "texture": "6b1a6ba9-cc2e-41c4-89c2-d5b5d50b2e44@6c48a",
    "packable": true,
    "pixelsToUnit": 100,
    "pivot": {
      "x": 0.5,
      "y": 0.5
    },
    "meshType": 0
  }
}