{
  "__type__": "cc.SpriteFrame",
  "content": {
    "name": "hero_4101",
    "atlas": "",
    "rect": {
      "x": 8,
      "y": 2,
      "width": 52,
      "height": 56
    },
    "offset": {
      "x": 1.5,
      "y": 0
    },
    "originalSize": {
      "width": 65,
      "height": 60
    },
    "rotated": false,
    "capInsets": [
      0,
      0,
      0,
      0
    ],
    "vertices": {
      "rawPosition": [
        -26,
        -28,
        0,
        26,
        -28,
        0,
        -26,
        28,
        0,
        26,
        28,
        0
      ],
      "indexes": [
        0,
        1,
        2,
        2,
        1,
        3
      ],
      "uv": [
        8,
        58,
        60,
        58,
        8,
        2,
        60,
        2
      ],
      "nuv": [
        0.12307692307692308,
        0.03333333333333333,
        0.9230769230769231,
        0.03333333333333333,
        0.12307692307692308,
        0.9666666666666667,
        0.9230769230769231,
        0.9666666666666667
      ],
      "minPos": {
        "x": -26,
        "y": -28,
        "z": 0
      },
      "maxPos": {
        "x": 26,
        "y": 28,
        "z": 0
      }
    },
    "texture": "6b201681-d2a9-484b-8a25-24ed0aae6bdb@6c48a",
    "packable": true,
    "pixelsToUnit": 100,
    "pivot": {
      "x": 0.5,
      "y": 0.5
    },
    "meshType": 0
  }
}