{
  "__type__": "cc.SpriteFrame",
  "content": {
    "name": "hero_4302_bullet_2",
    "atlas": "",
    "rect": {
      "x": 16,
      "y": 33,
      "width": 766,
      "height": 11
    },
    "offset": {
      "x": -13.5,
      "y": -1.5
    },
    "originalSize": {
      "width": 825,
      "height": 74
    },
    "rotated": false,
    "capInsets": [
      0,
      0,
      0,
      0
    ],
    "vertices": {
      "rawPosition": [
        -383,
        -5.5,
        0,
        383,
        -5.5,
        0,
        -383,
        5.5,
        0,
        383,
        5.5,
        0
      ],
      "indexes": [
        0,
        1,
        2,
        2,
        1,
        3
      ],
      "uv": [
        16,
        41,
        782,
        41,
        16,
        30,
        782,
        30
      ],
      "nuv": [
        0.019393939393939394,
        0.40540540540540543,
        0.9478787878787879,
        0.40540540540540543,
        0.019393939393939394,
        0.5540540540540541,
        0.9478787878787879,
        0.5540540540540541
      ],
      "minPos": {
        "x": -383,
        "y": -5.5,
        "z": 0
      },
      "maxPos": {
        "x": 383,
        "y": 5.5,
        "z": 0
      }
    },
    "texture": "6b606bd0-116b-4ea3-b458-54f69c60954b@6c48a",
    "packable": true,
    "pixelsToUnit": 100,
    "pivot": {
      "x": 0.5,
      "y": 0.5
    },
    "meshType": 0
  }
}