{
  "__type__": "cc.SpriteFrame",
  "content": {
    "name": "serverListBg",
    "atlas": "",
    "rect": {
      "x": 1,
      "y": 0,
      "width": 457,
      "height": 50
    },
    "offset": {
      "x": -0.5,
      "y": 0
    },
    "originalSize": {
      "width": 460,
      "height": 50
    },
    "rotated": false,
    "capInsets": [
      0,
      0,
      0,
      0
    ],
    "vertices": {
      "rawPosition": [
        -228.5,
        -25,
        0,
        228.5,
        -25,
        0,
        -228.5,
        25,
        0,
        228.5,
        25,
        0
      ],
      "indexes": [
        0,
        1,
        2,
        2,
        1,
        3
      ],
      "uv": [
        1,
        50,
        458,
        50,
        1,
        0,
        458,
        0
      ],
      "nuv": [
        0.002173913043478261,
        0,
        0.9956521739130435,
        0,
        0.002173913043478261,
        1,
        0.9956521739130435,
        1
      ],
      "minPos": {
        "x": -228.5,
        "y": -25,
        "z": 0
      },
      "maxPos": {
        "x": 228.5,
        "y": 25,
        "z": 0
      }
    },
    "texture": "6bae1d89-3a03-4ddb-9447-06a37b6c3c19@6c48a",
    "packable": true,
    "pixelsToUnit": 100,
    "pivot": {
      "x": 0.5,
      "y": 0.5
    },
    "meshType": 0
  }
}