{
  "__type__": "cc.SpriteFrame",
  "content": {
    "name": "hero_2201_bullet_1",
    "atlas": "",
    "rect": {
      "x": 7,
      "y": 7,
      "width": 456,
      "height": 456
    },
    "offset": {
      "x": 2.5,
      "y": 2.5
    },
    "originalSize": {
      "width": 465,
      "height": 475
    },
    "rotated": false,
    "capInsets": [
      0,
      0,
      0,
      0
    ],
    "vertices": {
      "rawPosition": [
        -228,
        -228,
        0,
        228,
        -228,
        0,
        -228,
        228,
        0,
        228,
        228,
        0
      ],
      "indexes": [
        0,
        1,
        2,
        2,
        1,
        3
      ],
      "uv": [
        7,
        468,
        463,
        468,
        7,
        12,
        463,
        12
      ],
      "nuv": [
        0.015053763440860216,
        0.02526315789473684,
        0.9956989247311828,
        0.02526315789473684,
        0.015053763440860216,
        0.9852631578947368,
        0.9956989247311828,
        0.9852631578947368
      ],
      "minPos": {
        "x": -228,
        "y": -228,
        "z": 0
      },
      "maxPos": {
        "x": 228,
        "y": 228,
        "z": 0
      }
    },
    "texture": "6becdd36-9f86-49b6-b6be-e71efd48e46a@6c48a",
    "packable": true,
    "pixelsToUnit": 100,
    "pivot": {
      "x": 0.5,
      "y": 0.5
    },
    "meshType": 0
  }
}