{
  "__type__": "cc.SpriteFrame",
  "content": {
    "name": "hero_4201",
    "atlas": "",
    "rect": {
      "x": 8,
      "y": 1,
      "width": 49,
      "height": 57
    },
    "offset": {
      "x": 0,
      "y": 0.5
    },
    "originalSize": {
      "width": 65,
      "height": 60
    },
    "rotated": false,
    "capInsets": [
      0,
      0,
      0,
      0
    ],
    "vertices": {
      "rawPosition": [
        -24.5,
        -28.5,
        0,
        24.5,
        -28.5,
        0,
        -24.5,
        28.5,
        0,
        24.5,
        28.5,
        0
      ],
      "indexes": [
        0,
        1,
        2,
        2,
        1,
        3
      ],
      "uv": [
        8,
        59,
        57,
        59,
        8,
        2,
        57,
        2
      ],
      "nuv": [
        0.12307692307692308,
        0.03333333333333333,
        0.8769230769230769,
        0.03333333333333333,
        0.12307692307692308,
        0.9833333333333333,
        0.8769230769230769,
        0.9833333333333333
      ],
      "minPos": {
        "x": -24.5,
        "y": -28.5,
        "z": 0
      },
      "maxPos": {
        "x": 24.5,
        "y": 28.5,
        "z": 0
      }
    },
    "texture": "f31ea47f-564b-4f7a-b1f3-a5aefb674ed7@6c48a",
    "packable": true,
    "pixelsToUnit": 100,
    "pivot": {
      "x": 0.5,
      "y": 0.5
    },
    "meshType": 0
  }
}