{
  "__type__": "cc.SpriteFrame",
  "content": {
    "name": "m_32003_buff_2",
    "atlas": "",
    "rect": {
      "x": 2,
      "y": 2,
      "width": 37,
      "height": 80
    },
    "offset": {
      "x": -43.5,
      "y": 22
    },
    "originalSize": {
      "width": 128,
      "height": 128
    },
    "rotated": false,
    "capInsets": [
      0,
      0,
      0,
      0
    ],
    "vertices": {
      "rawPosition": [
        -18.5,
        -40,
        0,
        18.5,
        -40,
        0,
        -18.5,
        40,
        0,
        18.5,
        40,
        0
      ],
      "indexes": [
        0,
        1,
        2,
        2,
        1,
        3
      ],
      "uv": [
        2,
        126,
        39,
        126,
        2,
        46,
        39,
        46
      ],
      "nuv": [
        0.015625,
        0.359375,
        0.3046875,
        0.359375,
        0.015625,
        0.984375,
        0.3046875,
        0.984375
      ],
      "minPos": {
        "x": -18.5,
        "y": -40,
        "z": 0
      },
      "maxPos": {
        "x": 18.5,
        "y": 40,
        "z": 0
      }
    },
    "texture": "f3841fe1-5f12-48f3-ad81-d2dcabf16917@6c48a",
    "packable": true,
    "pixelsToUnit": 100,
    "pivot": {
      "x": 0.5,
      "y": 0.5
    },
    "meshType": 0
  }
}