{
  "__type__": "cc.SpriteFrame",
  "content": {
    "name": "tower_hero_021",
    "atlas": "",
    "rect": {
      "x": 1,
      "y": 8,
      "width": 252,
      "height": 243
    },
    "offset": {
      "x": -1,
      "y": -1.5
    },
    "originalSize": {
      "width": 256,
      "height": 256
    },
    "rotated": false,
    "capInsets": [
      0,
      0,
      0,
      0
    ],
    "vertices": {
      "rawPosition": [
        -126,
        -121.5,
        0,
        126,
        -121.5,
        0,
        -126,
        121.5,
        0,
        126,
        121.5,
        0
      ],
      "indexes": [
        0,
        1,
        2,
        2,
        1,
        3
      ],
      "uv": [
        1,
        248,
        253,
        248,
        1,
        5,
        253,
        5
      ],
      "nuv": [
        0.00390625,
        0.01953125,
        0.98828125,
        0.01953125,
        0.00390625,
        0.96875,
        0.98828125,
        0.96875
      ],
      "minPos": {
        "x": -126,
        "y": -121.5,
        "z": 0
      },
      "maxPos": {
        "x": 126,
        "y": 121.5,
        "z": 0
      }
    },
    "texture": "c5ada6aa-8eb9-48dd-ab24-c8231a706993@6c48a",
    "packable": true,
    "pixelsToUnit": 100,
    "pivot": {
      "x": 0.5,
      "y": 0.5
    },
    "meshType": 0
  }
}