{
  "__type__": "cc.SpriteFrame",
  "content": {
    "name": "hero_4301_bullet_2",
    "atlas": "",
    "rect": {
      "x": 1,
      "y": 0,
      "width": 416,
      "height": 695
    },
    "offset": {
      "x": 0.5,
      "y": 0
    },
    "originalSize": {
      "width": 417,
      "height": 695
    },
    "rotated": false,
    "capInsets": [
      0,
      0,
      0,
      0
    ],
    "vertices": {
      "rawPosition": [
        -208,
        -347.5,
        0,
        208,
        -347.5,
        0,
        -208,
        347.5,
        0,
        208,
        347.5,
        0
      ],
      "indexes": [
        0,
        1,
        2,
        2,
        1,
        3
      ],
      "uv": [
        1,
        695,
        417,
        695,
        1,
        0,
        417,
        0
      ],
      "nuv": [
        0.002398081534772182,
        0,
        1,
        0,
        0.002398081534772182,
        1,
        1,
        1
      ],
      "minPos": {
        "x": -208,
        "y": -347.5,
        "z": 0
      },
      "maxPos": {
        "x": 208,
        "y": 347.5,
        "z": 0
      }
    },
    "texture": "ed6969c9-43ec-4bf9-96c1-0500c3efa10c@6c48a",
    "packable": true,
    "pixelsToUnit": 100,
    "pivot": {
      "x": 0.5,
      "y": 0.5
    },
    "meshType": 0
  }
}