{
  "__type__": "cc.SpriteFrame",
  "content": {
    "name": "title_SignIn1",
    "atlas": "",
    "rect": {
      "x": 13,
      "y": 1,
      "width": 376,
      "height": 110
    },
    "offset": {
      "x": -2,
      "y": -0.5
    },
    "originalSize": {
      "width": 406,
      "height": 111
    },
    "rotated": false,
    "capInsets": [
      0,
      0,
      0,
      0
    ],
    "vertices": {
      "rawPosition": [
        -188,
        -55,
        0,
        188,
        -55,
        0,
        -188,
        55,
        0,
        188,
        55,
        0
      ],
      "indexes": [
        0,
        1,
        2,
        2,
        1,
        3
      ],
      "uv": [
        13,
        110,
        389,
        110,
        13,
        0,
        389,
        0
      ],
      "nuv": [
        0.03201970443349754,
        0,
        0.958128078817734,
        0,
        0.03201970443349754,
        0.990990990990991,
        0.958128078817734,
        0.990990990990991
      ],
      "minPos": {
        "x": -188,
        "y": -55,
        "z": 0
      },
      "maxPos": {
        "x": 188,
        "y": 55,
        "z": 0
      }
    },
    "texture": "ed83a2ad-04ce-4991-845b-01cad2c52ba2@6c48a",
    "packable": true,
    "pixelsToUnit": 100,
    "pivot": {
      "x": 0.5,
      "y": 0.5
    },
    "meshType": 0
  }
}