{
  "__type__": "cc.SpriteFrame",
  "content": {
    "name": "kasaoguang",
    "atlas": "",
    "rect": {
      "x": 2,
      "y": 2,
      "width": 625,
      "height": 265
    },
    "offset": {
      "x": 0,
      "y": 0
    },
    "originalSize": {
      "width": 629,
      "height": 269
    },
    "rotated": false,
    "capInsets": [
      0,
      0,
      0,
      0
    ],
    "vertices": {
      "rawPosition": [
        -312.5,
        -132.5,
        0,
        312.5,
        -132.5,
        0,
        -312.5,
        132.5,
        0,
        312.5,
        132.5,
        0
      ],
      "indexes": [
        0,
        1,
        2,
        2,
        1,
        3
      ],
      "uv": [
        2,
        267,
        627,
        267,
        2,
        2,
        627,
        2
      ],
      "nuv": [
        0.003179650238473768,
        0.007434944237918215,
        0.9968203497615262,
        0.007434944237918215,
        0.003179650238473768,
        0.9925650557620818,
        0.9968203497615262,
        0.9925650557620818
      ],
      "minPos": {
        "x": -312.5,
        "y": -132.5,
        "z": 0
      },
      "maxPos": {
        "x": 312.5,
        "y": 132.5,
        "z": 0
      }
    },
    "texture": "eda4e745-b6b4-473c-a7b5-88785ab379c2@6c48a",
    "packable": true,
    "pixelsToUnit": 100,
    "pivot": {
      "x": 0.5,
      "y": 0.5
    },
    "meshType": 0
  }
}