{
  "__type__": "cc.SpriteFrame",
  "content": {
    "name": "sc001_00016",
    "atlas": "",
    "rect": {
      "x": 25,
      "y": 16,
      "width": 75,
      "height": 101
    },
    "offset": {
      "x": 2.5,
      "y": -6.5
    },
    "originalSize": {
      "width": 120,
      "height": 120
    },
    "rotated": false,
    "capInsets": [
      0,
      0,
      0,
      0
    ],
    "vertices": {
      "rawPosition": [
        -37.5,
        -50.5,
        0,
        37.5,
        -50.5,
        0,
        -37.5,
        50.5,
        0,
        37.5,
        50.5,
        0
      ],
      "indexes": [
        0,
        1,
        2,
        2,
        1,
        3
      ],
      "uv": [
        25,
        104,
        100,
        104,
        25,
        3,
        100,
        3
      ],
      "nuv": [
        0.20833333333333334,
        0.025,
        0.8333333333333334,
        0.025,
        0.20833333333333334,
        0.8666666666666667,
        0.8333333333333334,
        0.8666666666666667
      ],
      "minPos": {
        "x": -37.5,
        "y": -50.5,
        "z": 0
      },
      "maxPos": {
        "x": 37.5,
        "y": 50.5,
        "z": 0
      }
    },
    "texture": "edddc99f-98e6-4371-92af-3db9eb671538@6c48a",
    "packable": true,
    "pixelsToUnit": 100,
    "pivot": {
      "x": 0.5,
      "y": 0.5
    },
    "meshType": 0
  }
}