{
  "__type__": "cc.SpriteFrame",
  "content": {
    "name": "zhanShi",
    "atlas": "",
    "rect": {
      "x": 0,
      "y": 15,
      "width": 954,
      "height": 195
    },
    "offset": {
      "x": 0,
      "y": -7.5
    },
    "originalSize": {
      "width": 954,
      "height": 210
    },
    "rotated": false,
    "capInsets": [
      0,
      0,
      0,
      0
    ],
    "vertices": {
      "rawPosition": [
        -477,
        -97.5,
        0,
        477,
        -97.5,
        0,
        -477,
        97.5,
        0,
        477,
        97.5,
        0
      ],
      "indexes": [
        0,
        1,
        2,
        2,
        1,
        3
      ],
      "uv": [
        0,
        195,
        954,
        195,
        0,
        0,
        954,
        0
      ],
      "nuv": [
        0,
        0,
        1,
        0,
        0,
        0.9285714285714286,
        1,
        0.9285714285714286
      ],
      "minPos": {
        "x": -477,
        "y": -97.5,
        "z": 0
      },
      "maxPos": {
        "x": 477,
        "y": 97.5,
        "z": 0
      }
    },
    "texture": "da5a2dc7-29c9-4db3-8c8b-cf0072ac93f1@6c48a",
    "packable": true,
    "pixelsToUnit": 100,
    "pivot": {
      "x": 0.5,
      "y": 0.5
    },
    "meshType": 0
  }
}