{
  "__type__": "cc.SpriteFrame",
  "content": {
    "name": "tower_hero_034",
    "atlas": "",
    "rect": {
      "x": 2,
      "y": 2,
      "width": 899,
      "height": 265
    },
    "offset": {
      "x": -0.5,
      "y": 0
    },
    "originalSize": {
      "width": 904,
      "height": 269
    },
    "rotated": false,
    "capInsets": [
      0,
      0,
      0,
      0
    ],
    "vertices": {
      "rawPosition": [
        -449.5,
        -132.5,
        0,
        449.5,
        -132.5,
        0,
        -449.5,
        132.5,
        0,
        449.5,
        132.5,
        0
      ],
      "indexes": [
        0,
        1,
        2,
        2,
        1,
        3
      ],
      "uv": [
        2,
        267,
        901,
        267,
        2,
        2,
        901,
        2
      ],
      "nuv": [
        0.0022123893805309734,
        0.007434944237918215,
        0.9966814159292036,
        0.007434944237918215,
        0.0022123893805309734,
        0.9925650557620818,
        0.9966814159292036,
        0.9925650557620818
      ],
      "minPos": {
        "x": -449.5,
        "y": -132.5,
        "z": 0
      },
      "maxPos": {
        "x": 449.5,
        "y": 132.5,
        "z": 0
      }
    },
    "texture": "dacbe703-7b95-44c8-8412-204a2d549bc1@6c48a",
    "packable": true,
    "pixelsToUnit": 100,
    "pivot": {
      "x": 0.5,
      "y": 0.5
    },
    "meshType": 0
  }
}