{
  "__type__": "cc.SpriteFrame",
  "content": {
    "name": "tower_hero_035",
    "atlas": "",
    "rect": {
      "x": 3,
      "y": 2,
      "width": 439,
      "height": 138
    },
    "offset": {
      "x": 0,
      "y": 0
    },
    "originalSize": {
      "width": 445,
      "height": 142
    },
    "rotated": false,
    "capInsets": [
      0,
      0,
      0,
      0
    ],
    "vertices": {
      "rawPosition": [
        -219.5,
        -69,
        0,
        219.5,
        -69,
        0,
        -219.5,
        69,
        0,
        219.5,
        69,
        0
      ],
      "indexes": [
        0,
        1,
        2,
        2,
        1,
        3
      ],
      "uv": [
        3,
        140,
        442,
        140,
        3,
        2,
        442,
        2
      ],
      "nuv": [
        0.006741573033707865,
        0.014084507042253521,
        0.9932584269662922,
        0.014084507042253521,
        0.006741573033707865,
        0.9859154929577465,
        0.9932584269662922,
        0.9859154929577465
      ],
      "minPos": {
        "x": -219.5,
        "y": -69,
        "z": 0
      },
      "maxPos": {
        "x": 219.5,
        "y": 69,
        "z": 0
      }
    },
    "texture": "191d0329-2bc9-4432-9248-bb03f7cf48bb@6c48a",
    "packable": true,
    "pixelsToUnit": 100,
    "pivot": {
      "x": 0.5,
      "y": 0.5
    },
    "meshType": 0
  }
}