{
  "__type__": "cc.SpriteFrame",
  "content": {
    "name": "hero_4203_bullet_4",
    "atlas": "",
    "rect": {
      "x": 0,
      "y": 5,
      "width": 483,
      "height": 455
    },
    "offset": {
      "x": 0,
      "y": -2.5
    },
    "originalSize": {
      "width": 483,
      "height": 460
    },
    "rotated": false,
    "capInsets": [
      0,
      0,
      0,
      0
    ],
    "vertices": {
      "rawPosition": [
        -241.5,
        -227.5,
        0,
        241.5,
        -227.5,
        0,
        -241.5,
        227.5,
        0,
        241.5,
        227.5,
        0
      ],
      "indexes": [
        0,
        1,
        2,
        2,
        1,
        3
      ],
      "uv": [
        0,
        455,
        483,
        455,
        0,
        0,
        483,
        0
      ],
      "nuv": [
        0,
        0,
        1,
        0,
        0,
        0.9891304347826086,
        1,
        0.9891304347826086
      ],
      "minPos": {
        "x": -241.5,
        "y": -227.5,
        "z": 0
      },
      "maxPos": {
        "x": 241.5,
        "y": 227.5,
        "z": 0
      }
    },
    "texture": "19255896-224b-497a-a04d-9daa350ba92c@6c48a",
    "packable": true,
    "pixelsToUnit": 100,
    "pivot": {
      "x": 0.5,
      "y": 0.5
    },
    "meshType": 0
  }
}