{
  "__type__": "cc.SpriteFrame",
  "content": {
    "name": "star_4",
    "atlas": "",
    "rect": {
      "x": 28,
      "y": 10,
      "width": 359,
      "height": 750
    },
    "offset": {
      "x": 0.5,
      "y": 0
    },
    "originalSize": {
      "width": 414,
      "height": 770
    },
    "rotated": false,
    "capInsets": [
      0,
      0,
      0,
      0
    ],
    "vertices": {
      "rawPosition": [
        -179.5,
        -375,
        0,
        179.5,
        -375,
        0,
        -179.5,
        375,
        0,
        179.5,
        375,
        0
      ],
      "indexes": [
        0,
        1,
        2,
        2,
        1,
        3
      ],
      "uv": [
        28,
        760,
        387,
        760,
        28,
        10,
        387,
        10
      ],
      "nuv": [
        0.06763285024154589,
        0.012987012987012988,
        0.9347826086956522,
        0.012987012987012988,
        0.06763285024154589,
        0.987012987012987,
        0.9347826086956522,
        0.987012987012987
      ],
      "minPos": {
        "x": -179.5,
        "y": -375,
        "z": 0
      },
      "maxPos": {
        "x": 179.5,
        "y": 375,
        "z": 0
      }
    },
    "texture": "1945d549-31d4-463f-a85c-ea4caa5bc8e6@6c48a",
    "packable": true,
    "pixelsToUnit": 100,
    "pivot": {
      "x": 0.5,
      "y": 0.5
    },
    "meshType": 0
  }
}