{
  "__type__": "cc.SpriteFrame",
  "content": {
    "name": "hero_3201",
    "atlas": "",
    "rect": {
      "x": 10,
      "y": 10,
      "width": 146,
      "height": 133
    },
    "offset": {
      "x": 5,
      "y": 3.5
    },
    "originalSize": {
      "width": 156,
      "height": 160
    },
    "rotated": false,
    "capInsets": [
      0,
      0,
      0,
      0
    ],
    "vertices": {
      "rawPosition": [
        -73,
        -66.5,
        0,
        73,
        -66.5,
        0,
        -73,
        66.5,
        0,
        73,
        66.5,
        0
      ],
      "indexes": [
        0,
        1,
        2,
        2,
        1,
        3
      ],
      "uv": [
        10,
        150,
        156,
        150,
        10,
        17,
        156,
        17
      ],
      "nuv": [
        0.0641025641025641,
        0.10625,
        1,
        0.10625,
        0.0641025641025641,
        0.9375,
        1,
        0.9375
      ],
      "minPos": {
        "x": -73,
        "y": -66.5,
        "z": 0
      },
      "maxPos": {
        "x": 73,
        "y": 66.5,
        "z": 0
      }
    },
    "texture": "196ec39e-f9ff-41f6-bf59-a504dcd90858@6c48a",
    "packable": true,
    "pixelsToUnit": 100,
    "pivot": {
      "x": 0.5,
      "y": 0.5
    },
    "meshType": 0
  }
}