{
  "__type__": "cc.SpriteFrame",
  "content": {
    "name": "star_5",
    "atlas": "",
    "rect": {
      "x": 3,
      "y": 13,
      "width": 926,
      "height": 482
    },
    "offset": {
      "x": -2,
      "y": 1
    },
    "originalSize": {
      "width": 936,
      "height": 510
    },
    "rotated": false,
    "capInsets": [
      0,
      0,
      0,
      0
    ],
    "vertices": {
      "rawPosition": [
        -463,
        -241,
        0,
        463,
        -241,
        0,
        -463,
        241,
        0,
        463,
        241,
        0
      ],
      "indexes": [
        0,
        1,
        2,
        2,
        1,
        3
      ],
      "uv": [
        3,
        497,
        929,
        497,
        3,
        15,
        929,
        15
      ],
      "nuv": [
        0.003205128205128205,
        0.029411764705882353,
        0.9925213675213675,
        0.029411764705882353,
        0.003205128205128205,
        0.9745098039215686,
        0.9925213675213675,
        0.9745098039215686
      ],
      "minPos": {
        "x": -463,
        "y": -241,
        "z": 0
      },
      "maxPos": {
        "x": 463,
        "y": 241,
        "z": 0
      }
    },
    "texture": "67ddc8d9-7710-4457-b8f5-194982d18794@6c48a",
    "packable": true,
    "pixelsToUnit": 100,
    "pivot": {
      "x": 0.5,
      "y": 0.5
    },
    "meshType": 0
  }
}