{
  "__type__": "cc.SpriteFrame",
  "content": {
    "name": "m_21019",
    "atlas": "",
    "rect": {
      "x": 2,
      "y": 1,
      "width": 1873,
      "height": 1453
    },
    "offset": {
      "x": -6.5,
      "y": 11
    },
    "originalSize": {
      "width": 1890,
      "height": 1477
    },
    "rotated": false,
    "capInsets": [
      0,
      0,
      0,
      0
    ],
    "vertices": {
      "rawPosition": [
        -936.5,
        -726.5,
        0,
        936.5,
        -726.5,
        0,
        -936.5,
        726.5,
        0,
        936.5,
        726.5,
        0
      ],
      "indexes": [
        0,
        1,
        2,
        2,
        1,
        3
      ],
      "uv": [
        2,
        1476,
        1875,
        1476,
        2,
        23,
        1875,
        23
      ],
      "nuv": [
        0.0010582010582010583,
        0.015572105619498984,
        0.9920634920634921,
        0.015572105619498984,
        0.0010582010582010583,
        0.999322951929587,
        0.9920634920634921,
        0.999322951929587
      ],
      "minPos": {
        "x": -936.5,
        "y": -726.5,
        "z": 0
      },
      "maxPos": {
        "x": 936.5,
        "y": 726.5,
        "z": 0
      }
    },
    "texture": "e39a308d-aafb-4b9f-9087-44f9a6cd8e7b@6c48a",
    "packable": true,
    "pixelsToUnit": 100,
    "pivot": {
      "x": 0.5,
      "y": 0.5
    },
    "meshType": 0
  }
}