{
  "__type__": "cc.SpriteFrame",
  "content": {
    "name": "hero_1201",
    "atlas": "",
    "rect": {
      "x": 8,
      "y": 8,
      "width": 52,
      "height": 50
    },
    "offset": {
      "x": 1.5,
      "y": -3
    },
    "originalSize": {
      "width": 65,
      "height": 60
    },
    "rotated": false,
    "capInsets": [
      0,
      0,
      0,
      0
    ],
    "vertices": {
      "rawPosition": [
        -26,
        -25,
        0,
        26,
        -25,
        0,
        -26,
        25,
        0,
        26,
        25,
        0
      ],
      "indexes": [
        0,
        1,
        2,
        2,
        1,
        3
      ],
      "uv": [
        8,
        52,
        60,
        52,
        8,
        2,
        60,
        2
      ],
      "nuv": [
        0.12307692307692308,
        0.03333333333333333,
        0.9230769230769231,
        0.03333333333333333,
        0.12307692307692308,
        0.8666666666666667,
        0.9230769230769231,
        0.8666666666666667
      ],
      "minPos": {
        "x": -26,
        "y": -25,
        "z": 0
      },
      "maxPos": {
        "x": 26,
        "y": 25,
        "z": 0
      }
    },
    "texture": "e3beb9a5-7885-43c5-bbef-f38f2cca8164@6c48a",
    "packable": true,
    "pixelsToUnit": 100,
    "pivot": {
      "x": 0.5,
      "y": 0.5
    },
    "meshType": 0
  }
}