{
  "__type__": "cc.SpriteFrame",
  "content": {
    "name": "m_31002_behit_2",
    "atlas": "",
    "rect": {
      "x": 48,
      "y": 61,
      "width": 1704,
      "height": 1237
    },
    "offset": {
      "x": 0,
      "y": -4.5
    },
    "originalSize": {
      "width": 1800,
      "height": 1350
    },
    "rotated": false,
    "capInsets": [
      0,
      0,
      0,
      0
    ],
    "vertices": {
      "rawPosition": [
        -852,
        -618.5,
        0,
        852,
        -618.5,
        0,
        -852,
        618.5,
        0,
        852,
        618.5,
        0
      ],
      "indexes": [
        0,
        1,
        2,
        2,
        1,
        3
      ],
      "uv": [
        48,
        1289,
        1752,
        1289,
        48,
        52,
        1752,
        52
      ],
      "nuv": [
        0.02666666666666667,
        0.03851851851851852,
        0.9733333333333334,
        0.03851851851851852,
        0.02666666666666667,
        0.9548148148148148,
        0.9733333333333334,
        0.9548148148148148
      ],
      "minPos": {
        "x": -852,
        "y": -618.5,
        "z": 0
      },
      "maxPos": {
        "x": 852,
        "y": 618.5,
        "z": 0
      }
    },
    "texture": "bd5ebd36-09ba-497c-9147-6b77f9bdf91a@6c48a",
    "packable": true,
    "pixelsToUnit": 100,
    "pivot": {
      "x": 0.5,
      "y": 0.5
    },
    "meshType": 0
  }
}