{
  "__type__": "cc.SpriteFrame",
  "content": {
    "name": "m_31015",
    "atlas": "",
    "rect": {
      "x": 0,
      "y": 51,
      "width": 503,
      "height": 451
    },
    "offset": {
      "x": -4.5,
      "y": -20.5
    },
    "originalSize": {
      "width": 512,
      "height": 512
    },
    "rotated": false,
    "capInsets": [
      0,
      0,
      0,
      0
    ],
    "vertices": {
      "rawPosition": [
        -251.5,
        -225.5,
        0,
        251.5,
        -225.5,
        0,
        -251.5,
        225.5,
        0,
        251.5,
        225.5,
        0
      ],
      "indexes": [
        0,
        1,
        2,
        2,
        1,
        3
      ],
      "uv": [
        0,
        461,
        503,
        461,
        0,
        10,
        503,
        10
      ],
      "nuv": [
        0,
        0.01953125,
        0.982421875,
        0.01953125,
        0,
        0.900390625,
        0.982421875,
        0.900390625
      ],
      "minPos": {
        "x": -251.5,
        "y": -225.5,
        "z": 0
      },
      "maxPos": {
        "x": 251.5,
        "y": 225.5,
        "z": 0
      }
    },
    "texture": "bdd1a623-c2bb-484d-b2d7-0e46bc046461@6c48a",
    "packable": true,
    "pixelsToUnit": 100,
    "pivot": {
      "x": 0.5,
      "y": 0.5
    },
    "meshType": 0
  }
}