{
  "__type__": "cc.SpriteFrame",
  "content": {
    "name": "m_21019_bullet",
    "atlas": "",
    "rect": {
      "x": 31,
      "y": 0,
      "width": 1611,
      "height": 131
    },
    "offset": {
      "x": -2,
      "y": 0
    },
    "originalSize": {
      "width": 1677,
      "height": 131
    },
    "rotated": false,
    "capInsets": [
      0,
      0,
      0,
      0
    ],
    "vertices": {
      "rawPosition": [
        -805.5,
        -65.5,
        0,
        805.5,
        -65.5,
        0,
        -805.5,
        65.5,
        0,
        805.5,
        65.5,
        0
      ],
      "indexes": [
        0,
        1,
        2,
        2,
        1,
        3
      ],
      "uv": [
        31,
        131,
        1642,
        131,
        31,
        0,
        1642,
        0
      ],
      "nuv": [
        0.018485390578413835,
        0,
        0.979129397734049,
        0,
        0.018485390578413835,
        1,
        0.979129397734049,
        1
      ],
      "minPos": {
        "x": -805.5,
        "y": -65.5,
        "z": 0
      },
      "maxPos": {
        "x": 805.5,
        "y": 65.5,
        "z": 0
      }
    },
    "texture": "bdff2d8c-d010-4399-9974-5474992c3173@6c48a",
    "packable": true,
    "pixelsToUnit": 100,
    "pivot": {
      "x": 0.5,
      "y": 0.5
    },
    "meshType": 0
  }
}