{
  "__type__": "cc.SpriteFrame",
  "content": {
    "name": "6zhe",
    "atlas": "",
    "rect": {
      "x": 2,
      "y": 5,
      "width": 56,
      "height": 62
    },
    "offset": {
      "x": 0,
      "y": -2
    },
    "originalSize": {
      "width": 60,
      "height": 68
    },
    "rotated": false,
    "capInsets": [
      0,
      0,
      0,
      0
    ],
    "vertices": {
      "rawPosition": [
        -28,
        -31,
        0,
        28,
        -31,
        0,
        -28,
        31,
        0,
        28,
        31,
        0
      ],
      "indexes": [
        0,
        1,
        2,
        2,
        1,
        3
      ],
      "uv": [
        2,
        63,
        58,
        63,
        2,
        1,
        58,
        1
      ],
      "nuv": [
        0.03333333333333333,
        0.014705882352941176,
        0.9666666666666667,
        0.014705882352941176,
        0.03333333333333333,
        0.9264705882352942,
        0.9666666666666667,
        0.9264705882352942
      ],
      "minPos": {
        "x": -28,
        "y": -31,
        "z": 0
      },
      "maxPos": {
        "x": 28,
        "y": 31,
        "z": 0
      }
    },
    "texture": "44542449-b1c6-4720-a11f-cf436cf0e5e3@6c48a",
    "packable": true,
    "pixelsToUnit": 100,
    "pivot": {
      "x": 0.5,
      "y": 0.5
    },
    "meshType": 0
  }
}