{
  "__type__": "cc.SpriteFrame",
  "content": {
    "name": "hero_4203_behit_1",
    "atlas": "",
    "rect": {
      "x": 0,
      "y": 21,
      "width": 446,
      "height": 1659
    },
    "offset": {
      "x": 0,
      "y": 5.5
    },
    "originalSize": {
      "width": 446,
      "height": 1712
    },
    "rotated": false,
    "capInsets": [
      0,
      0,
      0,
      0
    ],
    "vertices": {
      "rawPosition": [
        -223,
        -829.5,
        0,
        223,
        -829.5,
        0,
        -223,
        829.5,
        0,
        223,
        829.5,
        0
      ],
      "indexes": [
        0,
        1,
        2,
        2,
        1,
        3
      ],
      "uv": [
        0,
        1691,
        446,
        1691,
        0,
        32,
        446,
        32
      ],
      "nuv": [
        0,
        0.018691588785046728,
        1,
        0.018691588785046728,
        0,
        0.9877336448598131,
        1,
        0.9877336448598131
      ],
      "minPos": {
        "x": -223,
        "y": -829.5,
        "z": 0
      },
      "maxPos": {
        "x": 223,
        "y": 829.5,
        "z": 0
      }
    },
    "texture": "5b4eb392-fff8-41d5-bf62-67bb6d339cb7@6c48a",
    "packable": true,
    "pixelsToUnit": 100,
    "pivot": {
      "x": 0.5,
      "y": 0.5
    },
    "meshType": 0
  }
}