{
  "__type__": "cc.SpriteFrame",
  "content": {
    "name": "m_31005",
    "atlas": "",
    "rect": {
      "x": 2,
      "y": 2,
      "width": 820,
      "height": 201
    },
    "offset": {
      "x": 0,
      "y": 0
    },
    "originalSize": {
      "width": 824,
      "height": 205
    },
    "rotated": false,
    "capInsets": [
      0,
      0,
      0,
      0
    ],
    "vertices": {
      "rawPosition": [
        -410,
        -100.5,
        0,
        410,
        -100.5,
        0,
        -410,
        100.5,
        0,
        410,
        100.5,
        0
      ],
      "indexes": [
        0,
        1,
        2,
        2,
        1,
        3
      ],
      "uv": [
        2,
        203,
        822,
        203,
        2,
        2,
        822,
        2
      ],
      "nuv": [
        0.0024271844660194173,
        0.00975609756097561,
        0.9975728155339806,
        0.00975609756097561,
        0.0024271844660194173,
        0.9902439024390244,
        0.9975728155339806,
        0.9902439024390244
      ],
      "minPos": {
        "x": -410,
        "y": -100.5,
        "z": 0
      },
      "maxPos": {
        "x": 410,
        "y": 100.5,
        "z": 0
      }
    },
    "texture": "5b5f9ed1-e812-48d0-b356-28f16fcf180e@6c48a",
    "packable": true,
    "pixelsToUnit": 100,
    "pivot": {
      "x": 0.5,
      "y": 0.5
    },
    "meshType": 0
  }
}