{
  "__type__": "cc.SpriteFrame",
  "content": {
    "name": "m_31016_behit_1",
    "atlas": "",
    "rect": {
      "x": 5,
      "y": 2,
      "width": 1816,
      "height": 522
    },
    "offset": {
      "x": -10,
      "y": -1
    },
    "originalSize": {
      "width": 1846,
      "height": 524
    },
    "rotated": false,
    "capInsets": [
      0,
      0,
      0,
      0
    ],
    "vertices": {
      "rawPosition": [
        -908,
        -261,
        0,
        908,
        -261,
        0,
        -908,
        261,
        0,
        908,
        261,
        0
      ],
      "indexes": [
        0,
        1,
        2,
        2,
        1,
        3
      ],
      "uv": [
        5,
        522,
        1821,
        522,
        5,
        0,
        1821,
        0
      ],
      "nuv": [
        0.0027085590465872156,
        0,
        0.9864572047670639,
        0,
        0.0027085590465872156,
        0.9961832061068703,
        0.9864572047670639,
        0.9961832061068703
      ],
      "minPos": {
        "x": -908,
        "y": -261,
        "z": 0
      },
      "maxPos": {
        "x": 908,
        "y": 261,
        "z": 0
      }
    },
    "texture": "3b7dc5a1-c45b-4aac-b245-6d5fff5411d5@6c48a",
    "packable": true,
    "pixelsToUnit": 100,
    "pivot": {
      "x": 0.5,
      "y": 0.5
    },
    "meshType": 0
  }
}