{
  "__type__": "cc.SpriteFrame",
  "content": {
    "name": "rank_1",
    "atlas": "",
    "rect": {
      "x": 1,
      "y": 0,
      "width": 578,
      "height": 86
    },
    "offset": {
      "x": 0.5,
      "y": 0
    },
    "originalSize": {
      "width": 579,
      "height": 86
    },
    "rotated": false,
    "capInsets": [
      0,
      0,
      0,
      0
    ],
    "vertices": {
      "rawPosition": [
        -289,
        -43,
        0,
        289,
        -43,
        0,
        -289,
        43,
        0,
        289,
        43,
        0
      ],
      "indexes": [
        0,
        1,
        2,
        2,
        1,
        3
      ],
      "uv": [
        1,
        86,
        579,
        86,
        1,
        0,
        579,
        0
      ],
      "nuv": [
        0.0017271157167530224,
        0,
        1,
        0,
        0.0017271157167530224,
        1,
        1,
        1
      ],
      "minPos": {
        "x": -289,
        "y": -43,
        "z": 0
      },
      "maxPos": {
        "x": 289,
        "y": 43,
        "z": 0
      }
    },
    "texture": "3bf3b19c-d3dc-48f6-a23e-2786fff77a99@6c48a",
    "packable": true,
    "pixelsToUnit": 100,
    "pivot": {
      "x": 0.5,
      "y": 0.5
    },
    "meshType": 0
  }
}