{
  "__type__": "cc.SpriteFrame",
  "content": {
    "name": "hero_3502",
    "atlas": "",
    "rect": {
      "x": 8,
      "y": 3,
      "width": 50,
      "height": 56
    },
    "offset": {
      "x": 0.5,
      "y": -1
    },
    "originalSize": {
      "width": 65,
      "height": 60
    },
    "rotated": false,
    "capInsets": [
      0,
      0,
      0,
      0
    ],
    "vertices": {
      "rawPosition": [
        -25,
        -28,
        0,
        25,
        -28,
        0,
        -25,
        28,
        0,
        25,
        28,
        0
      ],
      "indexes": [
        0,
        1,
        2,
        2,
        1,
        3
      ],
      "uv": [
        8,
        57,
        58,
        57,
        8,
        1,
        58,
        1
      ],
      "nuv": [
        0.12307692307692308,
        0.016666666666666666,
        0.8923076923076924,
        0.016666666666666666,
        0.12307692307692308,
        0.95,
        0.8923076923076924,
        0.95
      ],
      "minPos": {
        "x": -25,
        "y": -28,
        "z": 0
      },
      "maxPos": {
        "x": 25,
        "y": 28,
        "z": 0
      }
    },
    "texture": "451fa571-59e4-4be5-8dc0-fe37f4a24d89@6c48a",
    "packable": true,
    "pixelsToUnit": 100,
    "pivot": {
      "x": 0.5,
      "y": 0.5
    },
    "meshType": 0
  }
}