{
  "__type__": "cc.SpriteFrame",
  "content": {
    "name": "btn_2",
    "atlas": "",
    "rect": {
      "x": 6,
      "y": 2,
      "width": 263,
      "height": 123
    },
    "offset": {
      "x": 0.5,
      "y": 2
    },
    "originalSize": {
      "width": 274,
      "height": 131
    },
    "rotated": false,
    "capInsets": [
      0,
      0,
      0,
      0
    ],
    "vertices": {
      "rawPosition": [
        -131.5,
        -61.5,
        0,
        131.5,
        -61.5,
        0,
        -131.5,
        61.5,
        0,
        131.5,
        61.5,
        0
      ],
      "indexes": [
        0,
        1,
        2,
        2,
        1,
        3
      ],
      "uv": [
        6,
        129,
        269,
        129,
        6,
        6,
        269,
        6
      ],
      "nuv": [
        0.021897810218978103,
        0.04580152671755725,
        0.9817518248175182,
        0.04580152671755725,
        0.021897810218978103,
        0.9847328244274809,
        0.9817518248175182,
        0.9847328244274809
      ],
      "minPos": {
        "x": -131.5,
        "y": -61.5,
        "z": 0
      },
      "maxPos": {
        "x": 131.5,
        "y": 61.5,
        "z": 0
      }
    },
    "texture": "453c772d-687b-4281-819b-cbba5c12aad3@6c48a",
    "packable": true,
    "pixelsToUnit": 100,
    "pivot": {
      "x": 0.5,
      "y": 0.5
    },
    "meshType": 0
  }
}