{
  "__type__": "cc.SpriteFrame",
  "content": {
    "name": "hero_skill_priest_effect",
    "atlas": "",
    "rect": {
      "x": 2,
      "y": 2,
      "width": 999,
      "height": 1013
    },
    "offset": {
      "x": -10.5,
      "y": 3.5
    },
    "originalSize": {
      "width": 1024,
      "height": 1024
    },
    "rotated": false,
    "capInsets": [
      0,
      0,
      0,
      0
    ],
    "vertices": {
      "rawPosition": [
        -499.5,
        -506.5,
        0,
        499.5,
        -506.5,
        0,
        -499.5,
        506.5,
        0,
        499.5,
        506.5,
        0
      ],
      "indexes": [
        0,
        1,
        2,
        2,
        1,
        3
      ],
      "uv": [
        2,
        1022,
        1001,
        1022,
        2,
        9,
        1001,
        9
      ],
      "nuv": [
        0.001953125,
        0.0087890625,
        0.9775390625,
        0.0087890625,
        0.001953125,
        0.998046875,
        0.9775390625,
        0.998046875
      ],
      "minPos": {
        "x": -499.5,
        "y": -506.5,
        "z": 0
      },
      "maxPos": {
        "x": 499.5,
        "y": 506.5,
        "z": 0
      }
    },
    "texture": "9018ed0f-3be6-4135-9c27-2656903c8a20@6c48a",
    "packable": true,
    "pixelsToUnit": 100,
    "pivot": {
      "x": 0.5,
      "y": 0.5
    },
    "meshType": 0
  }
}