{
  "__type__": "cc.SpriteFrame",
  "content": {
    "name": "m_21020_idle",
    "atlas": "",
    "rect": {
      "x": 0,
      "y": 1,
      "width": 485,
      "height": 1566
    },
    "offset": {
      "x": -2.5,
      "y": 2.5
    },
    "originalSize": {
      "width": 490,
      "height": 1573
    },
    "rotated": false,
    "capInsets": [
      0,
      0,
      0,
      0
    ],
    "vertices": {
      "rawPosition": [
        -242.5,
        -783,
        0,
        242.5,
        -783,
        0,
        -242.5,
        783,
        0,
        242.5,
        783,
        0
      ],
      "indexes": [
        0,
        1,
        2,
        2,
        1,
        3
      ],
      "uv": [
        0,
        1572,
        485,
        1572,
        0,
        6,
        485,
        6
      ],
      "nuv": [
        0,
        0.003814367450731087,
        0.9897959183673469,
        0.003814367450731087,
        0,
        0.9993642720915448,
        0.9897959183673469,
        0.9993642720915448
      ],
      "minPos": {
        "x": -242.5,
        "y": -783,
        "z": 0
      },
      "maxPos": {
        "x": 242.5,
        "y": 783,
        "z": 0
      }
    },
    "texture": "9086042b-47ea-4448-b627-4526001aa03f@6c48a",
    "packable": true,
    "pixelsToUnit": 100,
    "pivot": {
      "x": 0.5,
      "y": 0.5
    },
    "meshType": 0
  }
}