{
  "__type__": "cc.SpriteFrame",
  "content": {
    "name": "tower_hero_028",
    "atlas": "",
    "rect": {
      "x": 1,
      "y": 1,
      "width": 230,
      "height": 139
    },
    "offset": {
      "x": 0,
      "y": 0
    },
    "originalSize": {
      "width": 232,
      "height": 141
    },
    "rotated": false,
    "capInsets": [
      0,
      0,
      0,
      0
    ],
    "vertices": {
      "rawPosition": [
        -115,
        -69.5,
        0,
        115,
        -69.5,
        0,
        -115,
        69.5,
        0,
        115,
        69.5,
        0
      ],
      "indexes": [
        0,
        1,
        2,
        2,
        1,
        3
      ],
      "uv": [
        1,
        140,
        231,
        140,
        1,
        1,
        231,
        1
      ],
      "nuv": [
        0.004310344827586207,
        0.0070921985815602835,
        0.9956896551724138,
        0.0070921985815602835,
        0.004310344827586207,
        0.9929078014184397,
        0.9956896551724138,
        0.9929078014184397
      ],
      "minPos": {
        "x": -115,
        "y": -69.5,
        "z": 0
      },
      "maxPos": {
        "x": 115,
        "y": 69.5,
        "z": 0
      }
    },
    "texture": "0e297e53-5d33-4f30-aa24-e3c194580728@6c48a",
    "packable": true,
    "pixelsToUnit": 100,
    "pivot": {
      "x": 0.5,
      "y": 0.5
    },
    "meshType": 0
  }
}