{
  "__type__": "cc.SpriteFrame",
  "content": {
    "name": "btn_ShouCang02",
    "atlas": "",
    "rect": {
      "x": 6,
      "y": 5,
      "width": 54,
      "height": 53
    },
    "offset": {
      "x": 0,
      "y": 0.5
    },
    "originalSize": {
      "width": 66,
      "height": 64
    },
    "rotated": false,
    "capInsets": [
      0,
      0,
      0,
      0
    ],
    "vertices": {
      "rawPosition": [
        -27,
        -26.5,
        0,
        27,
        -26.5,
        0,
        -27,
        26.5,
        0,
        27,
        26.5,
        0
      ],
      "indexes": [
        0,
        1,
        2,
        2,
        1,
        3
      ],
      "uv": [
        6,
        59,
        60,
        59,
        6,
        6,
        60,
        6
      ],
      "nuv": [
        0.09090909090909091,
        0.09375,
        0.9090909090909091,
        0.09375,
        0.09090909090909091,
        0.921875,
        0.9090909090909091,
        0.921875
      ],
      "minPos": {
        "x": -27,
        "y": -26.5,
        "z": 0
      },
      "maxPos": {
        "x": 27,
        "y": 26.5,
        "z": 0
      }
    },
    "texture": "0e8cc7f8-dd19-4b36-8499-0e8dc9700b6a@6c48a",
    "packable": true,
    "pixelsToUnit": 100,
    "pivot": {
      "x": 0.5,
      "y": 0.5
    },
    "meshType": 0
  }
}