{
  "__type__": "cc.SpriteFrame",
  "content": {
    "name": "m_10202",
    "atlas": "",
    "rect": {
      "x": 1,
      "y": 0,
      "width": 977,
      "height": 921
    },
    "offset": {
      "x": -4,
      "y": 7
    },
    "originalSize": {
      "width": 987,
      "height": 935
    },
    "rotated": false,
    "capInsets": [
      0,
      0,
      0,
      0
    ],
    "vertices": {
      "rawPosition": [
        -488.5,
        -460.5,
        0,
        488.5,
        -460.5,
        0,
        -488.5,
        460.5,
        0,
        488.5,
        460.5,
        0
      ],
      "indexes": [
        0,
        1,
        2,
        2,
        1,
        3
      ],
      "uv": [
        1,
        935,
        978,
        935,
        1,
        14,
        978,
        14
      ],
      "nuv": [
        0.0010131712259371835,
        0.014973262032085561,
        0.9908814589665653,
        0.014973262032085561,
        0.0010131712259371835,
        1,
        0.9908814589665653,
        1
      ],
      "minPos": {
        "x": -488.5,
        "y": -460.5,
        "z": 0
      },
      "maxPos": {
        "x": 488.5,
        "y": 460.5,
        "z": 0
      }
    },
    "texture": "62976e79-7dbd-470f-a0f7-e776ae455ce9@6c48a",
    "packable": true,
    "pixelsToUnit": 100,
    "pivot": {
      "x": 0.5,
      "y": 0.5
    },
    "meshType": 0
  }
}