{
  "__type__": "cc.SpriteFrame",
  "content": {
    "name": "tower_hero_005",
    "atlas": "",
    "rect": {
      "x": 2,
      "y": 2,
      "width": 252,
      "height": 252
    },
    "offset": {
      "x": 0,
      "y": 0
    },
    "originalSize": {
      "width": 256,
      "height": 256
    },
    "rotated": false,
    "capInsets": [
      0,
      0,
      0,
      0
    ],
    "vertices": {
      "rawPosition": [
        -126,
        -126,
        0,
        126,
        -126,
        0,
        -126,
        126,
        0,
        126,
        126,
        0
      ],
      "indexes": [
        0,
        1,
        2,
        2,
        1,
        3
      ],
      "uv": [
        2,
        254,
        254,
        254,
        2,
        2,
        254,
        2
      ],
      "nuv": [
        0.0078125,
        0.0078125,
        0.9921875,
        0.0078125,
        0.0078125,
        0.9921875,
        0.9921875,
        0.9921875
      ],
      "minPos": {
        "x": -126,
        "y": -126,
        "z": 0
      },
      "maxPos": {
        "x": 126,
        "y": 126,
        "z": 0
      }
    },
    "texture": "47179da4-750a-4256-8b97-831d6e0a3eef@6c48a",
    "packable": true,
    "pixelsToUnit": 100,
    "pivot": {
      "x": 0.5,
      "y": 0.5
    },
    "meshType": 0
  }
}