{
  "__type__": "cc.SpriteFrame",
  "content": {
    "name": "tower_hero_013",
    "atlas": "",
    "rect": {
      "x": 2,
      "y": 56,
      "width": 508,
      "height": 452
    },
    "offset": {
      "x": 0,
      "y": -26
    },
    "originalSize": {
      "width": 512,
      "height": 512
    },
    "rotated": false,
    "capInsets": [
      0,
      0,
      0,
      0
    ],
    "vertices": {
      "rawPosition": [
        -254,
        -226,
        0,
        254,
        -226,
        0,
        -254,
        226,
        0,
        254,
        226,
        0
      ],
      "indexes": [
        0,
        1,
        2,
        2,
        1,
        3
      ],
      "uv": [
        2,
        456,
        510,
        456,
        2,
        4,
        510,
        4
      ],
      "nuv": [
        0.00390625,
        0.0078125,
        0.99609375,
        0.0078125,
        0.00390625,
        0.890625,
        0.99609375,
        0.890625
      ],
      "minPos": {
        "x": -254,
        "y": -226,
        "z": 0
      },
      "maxPos": {
        "x": 254,
        "y": 226,
        "z": 0
      }
    },
    "texture": "4729feb9-c1c0-4d40-a93b-fb9a2a5e0b01@6c48a",
    "packable": true,
    "pixelsToUnit": 100,
    "pivot": {
      "x": 0.5,
      "y": 0.5
    },
    "meshType": 0
  }
}