{
  "__type__": "cc.SpriteFrame",
  "content": {
    "name": "hero_4403_bullet_4",
    "atlas": "",
    "rect": {
      "x": 3,
      "y": 0,
      "width": 774,
      "height": 753
    },
    "offset": {
      "x": 1.5,
      "y": 1
    },
    "originalSize": {
      "width": 777,
      "height": 755
    },
    "rotated": false,
    "capInsets": [
      0,
      0,
      0,
      0
    ],
    "vertices": {
      "rawPosition": [
        -387,
        -376.5,
        0,
        387,
        -376.5,
        0,
        -387,
        376.5,
        0,
        387,
        376.5,
        0
      ],
      "indexes": [
        0,
        1,
        2,
        2,
        1,
        3
      ],
      "uv": [
        3,
        755,
        777,
        755,
        3,
        2,
        777,
        2
      ],
      "nuv": [
        0.003861003861003861,
        0.0026490066225165563,
        1,
        0.0026490066225165563,
        0.003861003861003861,
        1,
        1,
        1
      ],
      "minPos": {
        "x": -387,
        "y": -376.5,
        "z": 0
      },
      "maxPos": {
        "x": 387,
        "y": 376.5,
        "z": 0
      }
    },
    "texture": "47d57055-d9e0-4a5e-bc53-a4c553ca2cb1@6c48a",
    "packable": true,
    "pixelsToUnit": 100,
    "pivot": {
      "x": 0.5,
      "y": 0.5
    },
    "meshType": 0
  }
}