{
  "__type__": "cc.SpriteFrame",
  "content": {
    "name": "titlebg_blue",
    "atlas": "",
    "rect": {
      "x": 0,
      "y": 0,
      "width": 228,
      "height": 67
    },
    "offset": {
      "x": 0,
      "y": 0.5
    },
    "originalSize": {
      "width": 228,
      "height": 68
    },
    "rotated": false,
    "capInsets": [
      20,
      16,
      61,
      24
    ],
    "vertices": {
      "rawPosition": [
        -114,
        -33.5,
        0,
        114,
        -33.5,
        0,
        -114,
        33.5,
        0,
        114,
        33.5,
        0
      ],
      "indexes": [
        0,
        1,
        2,
        2,
        1,
        3
      ],
      "uv": [
        0,
        68,
        228,
        68,
        0,
        1,
        228,
        1
      ],
      "nuv": [
        0,
        0.014705882352941176,
        1,
        0.014705882352941176,
        0,
        1,
        1,
        1
      ],
      "minPos": {
        "x": -114,
        "y": -33.5,
        "z": 0
      },
      "maxPos": {
        "x": 114,
        "y": 33.5,
        "z": 0
      }
    },
    "texture": "24e251d2-aba5-47a8-a806-18e68f29ba2d@6c48a",
    "packable": true,
    "pixelsToUnit": 100,
    "pivot": {
      "x": 0.5,
      "y": 0.5
    },
    "meshType": 0
  }
}