{
  "__type__": "cc.SpriteFrame",
  "content": {
    "name": "btn_Mulu02",
    "atlas": "",
    "rect": {
      "x": 4,
      "y": 3,
      "width": 58,
      "height": 57
    },
    "offset": {
      "x": 0,
      "y": 0.5
    },
    "originalSize": {
      "width": 66,
      "height": 64
    },
    "rotated": false,
    "capInsets": [
      0,
      0,
      0,
      0
    ],
    "vertices": {
      "rawPosition": [
        -29,
        -28.5,
        0,
        29,
        -28.5,
        0,
        -29,
        28.5,
        0,
        29,
        28.5,
        0
      ],
      "indexes": [
        0,
        1,
        2,
        2,
        1,
        3
      ],
      "uv": [
        4,
        61,
        62,
        61,
        4,
        4,
        62,
        4
      ],
      "nuv": [
        0.06060606060606061,
        0.0625,
        0.9393939393939394,
        0.0625,
        0.06060606060606061,
        0.953125,
        0.9393939393939394,
        0.953125
      ],
      "minPos": {
        "x": -29,
        "y": -28.5,
        "z": 0
      },
      "maxPos": {
        "x": 29,
        "y": 28.5,
        "z": 0
      }
    },
    "texture": "a3d392c7-fd86-4d3e-b01d-c9c52e68a01d@6c48a",
    "packable": true,
    "pixelsToUnit": 100,
    "pivot": {
      "x": 0.5,
      "y": 0.5
    },
    "meshType": 0
  }
}