{
  "__type__": "cc.SpriteFrame",
  "content": {
    "name": "diamond6",
    "atlas": "",
    "rect": {
      "x": 6,
      "y": 9,
      "width": 149,
      "height": 132
    },
    "offset": {
      "x": 0.5,
      "y": 5
    },
    "originalSize": {
      "width": 160,
      "height": 160
    },
    "rotated": false,
    "capInsets": [
      0,
      0,
      0,
      0
    ],
    "vertices": {
      "rawPosition": [
        -74.5,
        -66,
        0,
        74.5,
        -66,
        0,
        -74.5,
        66,
        0,
        74.5,
        66,
        0
      ],
      "indexes": [
        0,
        1,
        2,
        2,
        1,
        3
      ],
      "uv": [
        6,
        151,
        155,
        151,
        6,
        19,
        155,
        19
      ],
      "nuv": [
        0.0375,
        0.11875,
        0.96875,
        0.11875,
        0.0375,
        0.94375,
        0.96875,
        0.94375
      ],
      "minPos": {
        "x": -74.5,
        "y": -66,
        "z": 0
      },
      "maxPos": {
        "x": 74.5,
        "y": 66,
        "z": 0
      }
    },
    "texture": "93aa6824-120b-4955-ad20-b162bccfe297@6c48a",
    "packable": true,
    "pixelsToUnit": 100,
    "pivot": {
      "x": 0.5,
      "y": 0.5
    },
    "meshType": 0
  }
}