{
  "__type__": "cc.SpriteFrame",
  "content": {
    "name": "m_21027",
    "atlas": "",
    "rect": {
      "x": 1,
      "y": 21,
      "width": 1895,
      "height": 1793
    },
    "offset": {
      "x": 0,
      "y": -10
    },
    "originalSize": {
      "width": 1897,
      "height": 1815
    },
    "rotated": false,
    "capInsets": [
      0,
      0,
      0,
      0
    ],
    "vertices": {
      "rawPosition": [
        -947.5,
        -896.5,
        0,
        947.5,
        -896.5,
        0,
        -947.5,
        896.5,
        0,
        947.5,
        896.5,
        0
      ],
      "indexes": [
        0,
        1,
        2,
        2,
        1,
        3
      ],
      "uv": [
        1,
        1794,
        1896,
        1794,
        1,
        1,
        1896,
        1
      ],
      "nuv": [
        0.0005271481286241434,
        0.0005509641873278236,
        0.9994728518713759,
        0.0005509641873278236,
        0.0005271481286241434,
        0.9884297520661157,
        0.9994728518713759,
        0.9884297520661157
      ],
      "minPos": {
        "x": -947.5,
        "y": -896.5,
        "z": 0
      },
      "maxPos": {
        "x": 947.5,
        "y": 896.5,
        "z": 0
      }
    },
    "texture": "11468767-fee3-473c-93a1-4d8d5ebe4505@6c48a",
    "packable": true,
    "pixelsToUnit": 100,
    "pivot": {
      "x": 0.5,
      "y": 0.5
    },
    "meshType": 0
  }
}