{
  "__type__": "cc.SpriteFrame",
  "content": {
    "name": "time_bar",
    "atlas": "",
    "rect": {
      "x": 2,
      "y": 2,
      "width": 16,
      "height": 15
    },
    "offset": {
      "x": 0,
      "y": 0
    },
    "originalSize": {
      "width": 20,
      "height": 19
    },
    "rotated": false,
    "capInsets": [
      7,
      0,
      8,
      0
    ],
    "vertices": {
      "rawPosition": [
        -8,
        -7.5,
        0,
        8,
        -7.5,
        0,
        -8,
        7.5,
        0,
        8,
        7.5,
        0
      ],
      "indexes": [
        0,
        1,
        2,
        2,
        1,
        3
      ],
      "uv": [
        2,
        17,
        18,
        17,
        2,
        2,
        18,
        2
      ],
      "nuv": [
        0.1,
        0.10526315789473684,
        0.9,
        0.10526315789473684,
        0.1,
        0.8947368421052632,
        0.9,
        0.8947368421052632
      ],
      "minPos": {
        "x": -8,
        "y": -7.5,
        "z": 0
      },
      "maxPos": {
        "x": 8,
        "y": 7.5,
        "z": 0
      }
    },
    "texture": "15033002-3ba4-4c1c-855a-be7b4df0e36f@6c48a",
    "packable": true,
    "pixelsToUnit": 100,
    "pivot": {
      "x": 0.5,
      "y": 0.5
    },
    "meshType": 0
  }
}