{
  "__type__": "cc.SpriteFrame",
  "content": {
    "name": "m_10303",
    "atlas": "",
    "rect": {
      "x": 0,
      "y": 2,
      "width": 986,
      "height": 1287
    },
    "offset": {
      "x": -13,
      "y": -0.5
    },
    "originalSize": {
      "width": 1012,
      "height": 1290
    },
    "rotated": false,
    "capInsets": [
      0,
      0,
      0,
      0
    ],
    "vertices": {
      "rawPosition": [
        -493,
        -643.5,
        0,
        493,
        -643.5,
        0,
        -493,
        643.5,
        0,
        493,
        643.5,
        0
      ],
      "indexes": [
        0,
        1,
        2,
        2,
        1,
        3
      ],
      "uv": [
        0,
        1288,
        986,
        1288,
        0,
        1,
        986,
        1
      ],
      "nuv": [
        0,
        0.0007751937984496124,
        0.974308300395257,
        0.0007751937984496124,
        0,
        0.9984496124031008,
        0.974308300395257,
        0.9984496124031008
      ],
      "minPos": {
        "x": -493,
        "y": -643.5,
        "z": 0
      },
      "maxPos": {
        "x": 493,
        "y": 643.5,
        "z": 0
      }
    },
    "texture": "15137fac-4571-4dc3-adcb-44fb10492329@6c48a",
    "packable": true,
    "pixelsToUnit": 100,
    "pivot": {
      "x": 0.5,
      "y": 0.5
    },
    "meshType": 0
  }
}