{
  "__type__": "cc.SpriteFrame",
  "content": {
    "name": "star_3",
    "atlas": "",
    "rect": {
      "x": 14,
      "y": 2,
      "width": 1700,
      "height": 80
    },
    "offset": {
      "x": 4,
      "y": 0.5
    },
    "originalSize": {
      "width": 1720,
      "height": 85
    },
    "rotated": false,
    "capInsets": [
      0,
      0,
      0,
      0
    ],
    "vertices": {
      "rawPosition": [
        -850,
        -40,
        0,
        850,
        -40,
        0,
        -850,
        40,
        0,
        850,
        40,
        0
      ],
      "indexes": [
        0,
        1,
        2,
        2,
        1,
        3
      ],
      "uv": [
        14,
        83,
        1714,
        83,
        14,
        3,
        1714,
        3
      ],
      "nuv": [
        0.00813953488372093,
        0.03529411764705882,
        0.9965116279069768,
        0.03529411764705882,
        0.00813953488372093,
        0.9764705882352941,
        0.9965116279069768,
        0.9764705882352941
      ],
      "minPos": {
        "x": -850,
        "y": -40,
        "z": 0
      },
      "maxPos": {
        "x": 850,
        "y": 40,
        "z": 0
      }
    },
    "texture": "1520ff0b-8599-4d7b-8d0d-1760f61de84a@6c48a",
    "packable": true,
    "pixelsToUnit": 100,
    "pivot": {
      "x": 0.5,
      "y": 0.5
    },
    "meshType": 0
  }
}