{
  "__type__": "cc.SpriteFrame",
  "content": {
    "name": "hero_2501",
    "atlas": "",
    "rect": {
      "x": 28,
      "y": 10,
      "width": 121,
      "height": 130
    },
    "offset": {
      "x": 8.5,
      "y": 5
    },
    "originalSize": {
      "width": 160,
      "height": 160
    },
    "rotated": false,
    "capInsets": [
      0,
      0,
      0,
      0
    ],
    "vertices": {
      "rawPosition": [
        -60.5,
        -65,
        0,
        60.5,
        -65,
        0,
        -60.5,
        65,
        0,
        60.5,
        65,
        0
      ],
      "indexes": [
        0,
        1,
        2,
        2,
        1,
        3
      ],
      "uv": [
        28,
        150,
        149,
        150,
        28,
        20,
        149,
        20
      ],
      "nuv": [
        0.175,
        0.125,
        0.93125,
        0.125,
        0.175,
        0.9375,
        0.93125,
        0.9375
      ],
      "minPos": {
        "x": -60.5,
        "y": -65,
        "z": 0
      },
      "maxPos": {
        "x": 60.5,
        "y": 65,
        "z": 0
      }
    },
    "texture": "1531e184-6c8b-4b69-b6c6-435e4e0f0def@6c48a",
    "packable": true,
    "pixelsToUnit": 100,
    "pivot": {
      "x": 0.5,
      "y": 0.5
    },
    "meshType": 0
  }
}