{
  "__type__": "cc.SpriteFrame",
  "content": {
    "name": "hero_3502",
    "atlas": "",
    "rect": {
      "x": 1,
      "y": 12,
      "width": 154,
      "height": 133
    },
    "offset": {
      "x": -2,
      "y": 1.5
    },
    "originalSize": {
      "width": 160,
      "height": 160
    },
    "rotated": false,
    "capInsets": [
      0,
      0,
      0,
      0
    ],
    "vertices": {
      "rawPosition": [
        -77,
        -66.5,
        0,
        77,
        -66.5,
        0,
        -77,
        66.5,
        0,
        77,
        66.5,
        0
      ],
      "indexes": [
        0,
        1,
        2,
        2,
        1,
        3
      ],
      "uv": [
        1,
        148,
        155,
        148,
        1,
        15,
        155,
        15
      ],
      "nuv": [
        0.00625,
        0.09375,
        0.96875,
        0.09375,
        0.00625,
        0.925,
        0.96875,
        0.925
      ],
      "minPos": {
        "x": -77,
        "y": -66.5,
        "z": 0
      },
      "maxPos": {
        "x": 77,
        "y": 66.5,
        "z": 0
      }
    },
    "texture": "7b067060-b8bd-40fb-b656-4e339a8ae8d5@6c48a",
    "packable": true,
    "pixelsToUnit": 100,
    "pivot": {
      "x": 0.5,
      "y": 0.5
    },
    "meshType": 0
  }
}