{
  "__type__": "cc.SpriteFrame",
  "content": {
    "name": "hero_common_critdmg",
    "atlas": "",
    "rect": {
      "x": 78,
      "y": 96,
      "width": 1641,
      "height": 1304
    },
    "offset": {
      "x": -1.5,
      "y": 2
    },
    "originalSize": {
      "width": 1800,
      "height": 1500
    },
    "rotated": false,
    "capInsets": [
      0,
      0,
      0,
      0
    ],
    "vertices": {
      "rawPosition": [
        -820.5,
        -652,
        0,
        820.5,
        -652,
        0,
        -820.5,
        652,
        0,
        820.5,
        652,
        0
      ],
      "indexes": [
        0,
        1,
        2,
        2,
        1,
        3
      ],
      "uv": [
        78,
        1404,
        1719,
        1404,
        78,
        100,
        1719,
        100
      ],
      "nuv": [
        0.043333333333333335,
        0.06666666666666667,
        0.955,
        0.06666666666666667,
        0.043333333333333335,
        0.936,
        0.955,
        0.936
      ],
      "minPos": {
        "x": -820.5,
        "y": -652,
        "z": 0
      },
      "maxPos": {
        "x": 820.5,
        "y": 652,
        "z": 0
      }
    },
    "texture": "7be3ffa7-7126-410b-9681-fab872884191@6c48a",
    "packable": true,
    "pixelsToUnit": 100,
    "pivot": {
      "x": 0.5,
      "y": 0.5
    },
    "meshType": 0
  }
}