{
  "__type__": "cc.SpriteFrame",
  "content": {
    "name": "6xing",
    "atlas": "",
    "rect": {
      "x": 48,
      "y": 2,
      "width": 18,
      "height": 18
    },
    "offset": {
      "x": 8.5,
      "y": 7
    },
    "originalSize": {
      "width": 97,
      "height": 36
    },
    "rotated": false,
    "capInsets": [
      0,
      0,
      0,
      0
    ],
    "vertices": {
      "rawPosition": [
        -9,
        -9,
        0,
        9,
        -9,
        0,
        -9,
        9,
        0,
        9,
        9,
        0
      ],
      "indexes": [
        0,
        1,
        2,
        2,
        1,
        3
      ],
      "uv": [
        48,
        34,
        66,
        34,
        48,
        16,
        66,
        16
      ],
      "nuv": [
        0.4948453608247423,
        0.4444444444444444,
        0.6804123711340206,
        0.4444444444444444,
        0.4948453608247423,
        0.9444444444444444,
        0.6804123711340206,
        0.9444444444444444
      ],
      "minPos": {
        "x": -9,
        "y": -9,
        "z": 0
      },
      "maxPos": {
        "x": 9,
        "y": 9,
        "z": 0
      }
    },
    "texture": "6614b45e-adc5-45d7-939b-70726f7d1229@6c48a",
    "packable": true,
    "pixelsToUnit": 100,
    "pivot": {
      "x": 0.5,
      "y": 0.5
    },
    "meshType": 0
  }
}