{
  "__type__": "cc.SpriteFrame",
  "content": {
    "name": "buff",
    "atlas": "",
    "rect": {
      "x": 11,
      "y": 0,
      "width": 24,
      "height": 40
    },
    "offset": {
      "x": 2.5,
      "y": 0
    },
    "originalSize": {
      "width": 41,
      "height": 40
    },
    "rotated": false,
    "capInsets": [
      0,
      0,
      0,
      0
    ],
    "vertices": {
      "rawPosition": [
        -12,
        -20,
        0,
        12,
        -20,
        0,
        -12,
        20,
        0,
        12,
        20,
        0
      ],
      "indexes": [
        0,
        1,
        2,
        2,
        1,
        3
      ],
      "uv": [
        11,
        40,
        35,
        40,
        11,
        0,
        35,
        0
      ],
      "nuv": [
        0.2682926829268293,
        0,
        0.8536585365853658,
        0,
        0.2682926829268293,
        1,
        0.8536585365853658,
        1
      ],
      "minPos": {
        "x": -12,
        "y": -20,
        "z": 0
      },
      "maxPos": {
        "x": 12,
        "y": 20,
        "z": 0
      }
    },
    "texture": "66ad664b-c2c4-4c7c-b2e3-a67bde3d8a87@6c48a",
    "packable": true,
    "pixelsToUnit": 100,
    "pivot": {
      "x": 0.5,
      "y": 0.5
    },
    "meshType": 0
  }
}