{
  "__type__": "cc.SpriteFrame",
  "content": {
    "name": "shouchou",
    "atlas": "",
    "rect": {
      "x": 2,
      "y": 1,
      "width": 246,
      "height": 230
    },
    "offset": {
      "x": 1,
      "y": -0.5
    },
    "originalSize": {
      "width": 248,
      "height": 231
    },
    "rotated": false,
    "capInsets": [
      0,
      0,
      0,
      0
    ],
    "vertices": {
      "rawPosition": [
        -123,
        -115,
        0,
        123,
        -115,
        0,
        -123,
        115,
        0,
        123,
        115,
        0
      ],
      "indexes": [
        0,
        1,
        2,
        2,
        1,
        3
      ],
      "uv": [
        2,
        230,
        248,
        230,
        2,
        0,
        248,
        0
      ],
      "nuv": [
        0.008064516129032258,
        0,
        1,
        0,
        0.008064516129032258,
        0.9956709956709957,
        1,
        0.9956709956709957
      ],
      "minPos": {
        "x": -123,
        "y": -115,
        "z": 0
      },
      "maxPos": {
        "x": 123,
        "y": 115,
        "z": 0
      }
    },
    "texture": "66dcc2fb-3aef-4f01-8a35-d0009b940cc9@6c48a",
    "packable": true,
    "pixelsToUnit": 100,
    "pivot": {
      "x": 0.5,
      "y": 0.5
    },
    "meshType": 0
  }
}