{
  "__type__": "cc.SpriteFrame",
  "content": {
    "name": "m_10802",
    "atlas": "",
    "rect": {
      "x": 1,
      "y": 0,
      "width": 1905,
      "height": 550
    },
    "offset": {
      "x": -12.5,
      "y": 0.5
    },
    "originalSize": {
      "width": 1932,
      "height": 551
    },
    "rotated": false,
    "capInsets": [
      0,
      0,
      0,
      0
    ],
    "vertices": {
      "rawPosition": [
        -952.5,
        -275,
        0,
        952.5,
        -275,
        0,
        -952.5,
        275,
        0,
        952.5,
        275,
        0
      ],
      "indexes": [
        0,
        1,
        2,
        2,
        1,
        3
      ],
      "uv": [
        1,
        551,
        1906,
        551,
        1,
        1,
        1906,
        1
      ],
      "nuv": [
        0.0005175983436853002,
        0.0018148820326678765,
        0.9865424430641822,
        0.0018148820326678765,
        0.0005175983436853002,
        1,
        0.9865424430641822,
        1
      ],
      "minPos": {
        "x": -952.5,
        "y": -275,
        "z": 0
      },
      "maxPos": {
        "x": 952.5,
        "y": 275,
        "z": 0
      }
    },
    "texture": "df39edb3-eacb-4ea4-b723-31a78a362755@6c48a",
    "packable": true,
    "pixelsToUnit": 100,
    "pivot": {
      "x": 0.5,
      "y": 0.5
    },
    "meshType": 0
  }
}