{
  "__type__": "cc.SpriteFrame",
  "content": {
    "name": "activityCenter",
    "atlas": "",
    "rect": {
      "x": 2,
      "y": 1,
      "width": 83,
      "height": 85
    },
    "offset": {
      "x": 0.5,
      "y": -0.5
    },
    "originalSize": {
      "width": 86,
      "height": 86
    },
    "rotated": false,
    "capInsets": [
      0,
      0,
      0,
      0
    ],
    "vertices": {
      "rawPosition": [
        -41.5,
        -42.5,
        0,
        41.5,
        -42.5,
        0,
        -41.5,
        42.5,
        0,
        41.5,
        42.5,
        0
      ],
      "indexes": [
        0,
        1,
        2,
        2,
        1,
        3
      ],
      "uv": [
        2,
        85,
        85,
        85,
        2,
        0,
        85,
        0
      ],
      "nuv": [
        0.023255813953488372,
        0,
        0.9883720930232558,
        0,
        0.023255813953488372,
        0.9883720930232558,
        0.9883720930232558,
        0.9883720930232558
      ],
      "minPos": {
        "x": -41.5,
        "y": -42.5,
        "z": 0
      },
      "maxPos": {
        "x": 41.5,
        "y": 42.5,
        "z": 0
      }
    },
    "texture": "df9351ad-eb50-4449-8d6f-1c23cb7ad25d@6c48a",
    "packable": true,
    "pixelsToUnit": 100,
    "pivot": {
      "x": 0.5,
      "y": 0.5
    },
    "meshType": 0
  }
}