{
  "__type__": "cc.SpriteFrame",
  "content": {
    "name": "hero_4201",
    "atlas": "",
    "rect": {
      "x": 22,
      "y": 12,
      "width": 125,
      "height": 127
    },
    "offset": {
      "x": 4.5,
      "y": 4.5
    },
    "originalSize": {
      "width": 160,
      "height": 160
    },
    "rotated": false,
    "capInsets": [
      0,
      0,
      0,
      0
    ],
    "vertices": {
      "rawPosition": [
        -62.5,
        -63.5,
        0,
        62.5,
        -63.5,
        0,
        -62.5,
        63.5,
        0,
        62.5,
        63.5,
        0
      ],
      "indexes": [
        0,
        1,
        2,
        2,
        1,
        3
      ],
      "uv": [
        22,
        148,
        147,
        148,
        22,
        21,
        147,
        21
      ],
      "nuv": [
        0.1375,
        0.13125,
        0.91875,
        0.13125,
        0.1375,
        0.925,
        0.91875,
        0.925
      ],
      "minPos": {
        "x": -62.5,
        "y": -63.5,
        "z": 0
      },
      "maxPos": {
        "x": 62.5,
        "y": 63.5,
        "z": 0
      }
    },
    "texture": "39901c31-57f1-4ab1-939b-03163a35e186@6c48a",
    "packable": true,
    "pixelsToUnit": 100,
    "pivot": {
      "x": 0.5,
      "y": 0.5
    },
    "meshType": 0
  }
}