{
  "__type__": "cc.SpriteFrame",
  "content": {
    "name": "m_21004_effect",
    "atlas": "",
    "rect": {
      "x": 4,
      "y": 8,
      "width": 895,
      "height": 1398
    },
    "offset": {
      "x": 0,
      "y": 0
    },
    "originalSize": {
      "width": 903,
      "height": 1414
    },
    "rotated": false,
    "capInsets": [
      0,
      0,
      0,
      0
    ],
    "vertices": {
      "rawPosition": [
        -447.5,
        -699,
        0,
        447.5,
        -699,
        0,
        -447.5,
        699,
        0,
        447.5,
        699,
        0
      ],
      "indexes": [
        0,
        1,
        2,
        2,
        1,
        3
      ],
      "uv": [
        4,
        1406,
        899,
        1406,
        4,
        8,
        899,
        8
      ],
      "nuv": [
        0.004429678848283499,
        0.005657708628005658,
        0.9955703211517165,
        0.005657708628005658,
        0.004429678848283499,
        0.9943422913719944,
        0.9955703211517165,
        0.9943422913719944
      ],
      "minPos": {
        "x": -447.5,
        "y": -699,
        "z": 0
      },
      "maxPos": {
        "x": 447.5,
        "y": 699,
        "z": 0
      }
    },
    "texture": "39db8409-6712-4df3-a905-02522dddec43@6c48a",
    "packable": true,
    "pixelsToUnit": 100,
    "pivot": {
      "x": 0.5,
      "y": 0.5
    },
    "meshType": 0
  }
}