{
  "__type__": "cc.SpriteFrame",
  "content": {
    "name": "m_21013_3",
    "atlas": "",
    "rect": {
      "x": 43,
      "y": 56,
      "width": 824,
      "height": 831
    },
    "offset": {
      "x": 17.5,
      "y": -27.5
    },
    "originalSize": {
      "width": 875,
      "height": 888
    },
    "rotated": false,
    "capInsets": [
      0,
      0,
      0,
      0
    ],
    "vertices": {
      "rawPosition": [
        -412,
        -415.5,
        0,
        412,
        -415.5,
        0,
        -412,
        415.5,
        0,
        412,
        415.5,
        0
      ],
      "indexes": [
        0,
        1,
        2,
        2,
        1,
        3
      ],
      "uv": [
        43,
        832,
        867,
        832,
        43,
        1,
        867,
        1
      ],
      "nuv": [
        0.04914285714285714,
        0.0011261261261261261,
        0.9908571428571429,
        0.0011261261261261261,
        0.04914285714285714,
        0.9369369369369369,
        0.9908571428571429,
        0.9369369369369369
      ],
      "minPos": {
        "x": -412,
        "y": -415.5,
        "z": 0
      },
      "maxPos": {
        "x": 412,
        "y": 415.5,
        "z": 0
      }
    },
    "texture": "39ebb946-cec9-43bf-9593-e655d95708c4@6c48a",
    "packable": true,
    "pixelsToUnit": 100,
    "pivot": {
      "x": 0.5,
      "y": 0.5
    },
    "meshType": 0
  }
}