{
  "__type__": "cc.SpriteFrame",
  "content": {
    "name": "hero_4302",
    "atlas": "",
    "rect": {
      "x": 13,
      "y": 8,
      "width": 134,
      "height": 133
    },
    "offset": {
      "x": 0,
      "y": 5.5
    },
    "originalSize": {
      "width": 160,
      "height": 160
    },
    "rotated": false,
    "capInsets": [
      0,
      0,
      0,
      0
    ],
    "vertices": {
      "rawPosition": [
        -67,
        -66.5,
        0,
        67,
        -66.5,
        0,
        -67,
        66.5,
        0,
        67,
        66.5,
        0
      ],
      "indexes": [
        0,
        1,
        2,
        2,
        1,
        3
      ],
      "uv": [
        13,
        152,
        147,
        152,
        13,
        19,
        147,
        19
      ],
      "nuv": [
        0.08125,
        0.11875,
        0.91875,
        0.11875,
        0.08125,
        0.95,
        0.91875,
        0.95
      ],
      "minPos": {
        "x": -67,
        "y": -66.5,
        "z": 0
      },
      "maxPos": {
        "x": 67,
        "y": 66.5,
        "z": 0
      }
    },
    "texture": "5c0af4b8-ae73-4ebc-89a0-bf2ea5a6f527@6c48a",
    "packable": true,
    "pixelsToUnit": 100,
    "pivot": {
      "x": 0.5,
      "y": 0.5
    },
    "meshType": 0
  }
}