{
  "__type__": "cc.SpriteFrame",
  "content": {
    "name": "m_10008",
    "atlas": "",
    "rect": {
      "x": 2,
      "y": 1,
      "width": 1967,
      "height": 1050
    },
    "offset": {
      "x": -0.5,
      "y": 10
    },
    "originalSize": {
      "width": 1972,
      "height": 1072
    },
    "rotated": false,
    "capInsets": [
      0,
      0,
      0,
      0
    ],
    "vertices": {
      "rawPosition": [
        -983.5,
        -525,
        0,
        983.5,
        -525,
        0,
        -983.5,
        525,
        0,
        983.5,
        525,
        0
      ],
      "indexes": [
        0,
        1,
        2,
        2,
        1,
        3
      ],
      "uv": [
        2,
        1071,
        1969,
        1071,
        2,
        21,
        1969,
        21
      ],
      "nuv": [
        0.0010141987829614604,
        0.01958955223880597,
        0.9984787018255578,
        0.01958955223880597,
        0.0010141987829614604,
        0.9990671641791045,
        0.9984787018255578,
        0.9990671641791045
      ],
      "minPos": {
        "x": -983.5,
        "y": -525,
        "z": 0
      },
      "maxPos": {
        "x": 983.5,
        "y": 525,
        "z": 0
      }
    },
    "texture": "5cc8aaa9-4a4a-4e2c-b45d-b0d3f9f4c551@6c48a",
    "packable": true,
    "pixelsToUnit": 100,
    "pivot": {
      "x": 0.5,
      "y": 0.5
    },
    "meshType": 0
  }
}