{
  "__type__": "cc.SpriteFrame",
  "content": {
    "name": "jingYing09",
    "atlas": "",
    "rect": {
      "x": 33,
      "y": 40,
      "width": 255,
      "height": 261
    },
    "offset": {
      "x": 0.5,
      "y": -10.5
    },
    "originalSize": {
      "width": 320,
      "height": 320
    },
    "rotated": false,
    "capInsets": [
      0,
      0,
      0,
      0
    ],
    "vertices": {
      "rawPosition": [
        -127.5,
        -130.5,
        0,
        127.5,
        -130.5,
        0,
        -127.5,
        130.5,
        0,
        127.5,
        130.5,
        0
      ],
      "indexes": [
        0,
        1,
        2,
        2,
        1,
        3
      ],
      "uv": [
        33,
        280,
        288,
        280,
        33,
        19,
        288,
        19
      ],
      "nuv": [
        0.103125,
        0.059375,
        0.9,
        0.059375,
        0.103125,
        0.875,
        0.9,
        0.875
      ],
      "minPos": {
        "x": -127.5,
        "y": -130.5,
        "z": 0
      },
      "maxPos": {
        "x": 127.5,
        "y": 130.5,
        "z": 0
      }
    },
    "texture": "5ce30ab0-14ac-49d8-83a2-b718c8200296@6c48a",
    "packable": true,
    "pixelsToUnit": 100,
    "pivot": {
      "x": 0.5,
      "y": 0.5
    },
    "meshType": 0
  }
}