{
  "__type__": "cc.SpriteFrame",
  "content": {
    "name": "hero_4503_bullet_3",
    "atlas": "",
    "rect": {
      "x": 19,
      "y": 29,
      "width": 273,
      "height": 1936
    },
    "offset": {
      "x": 5.5,
      "y": 3
    },
    "originalSize": {
      "width": 300,
      "height": 2000
    },
    "rotated": false,
    "capInsets": [
      0,
      0,
      0,
      0
    ],
    "vertices": {
      "rawPosition": [
        -136.5,
        -968,
        0,
        136.5,
        -968,
        0,
        -136.5,
        968,
        0,
        136.5,
        968,
        0
      ],
      "indexes": [
        0,
        1,
        2,
        2,
        1,
        3
      ],
      "uv": [
        19,
        1971,
        292,
        1971,
        19,
        35,
        292,
        35
      ],
      "nuv": [
        0.06333333333333334,
        0.0175,
        0.9733333333333334,
        0.0175,
        0.06333333333333334,
        0.9855,
        0.9733333333333334,
        0.9855
      ],
      "minPos": {
        "x": -136.5,
        "y": -968,
        "z": 0
      },
      "maxPos": {
        "x": 136.5,
        "y": 968,
        "z": 0
      }
    },
    "texture": "3fb39282-8435-475e-9332-f7b5025cda19@6c48a",
    "packable": true,
    "pixelsToUnit": 100,
    "pivot": {
      "x": 0.5,
      "y": 0.5
    },
    "meshType": 0
  }
}