{
  "__type__": "cc.SpriteFrame",
  "content": {
    "name": "hero_4202",
    "atlas": "",
    "rect": {
      "x": 3,
      "y": 4,
      "width": 60,
      "height": 54
    },
    "offset": {
      "x": 0.5,
      "y": -1
    },
    "originalSize": {
      "width": 65,
      "height": 60
    },
    "rotated": false,
    "capInsets": [
      0,
      0,
      0,
      0
    ],
    "vertices": {
      "rawPosition": [
        -30,
        -27,
        0,
        30,
        -27,
        0,
        -30,
        27,
        0,
        30,
        27,
        0
      ],
      "indexes": [
        0,
        1,
        2,
        2,
        1,
        3
      ],
      "uv": [
        3,
        56,
        63,
        56,
        3,
        2,
        63,
        2
      ],
      "nuv": [
        0.046153846153846156,
        0.03333333333333333,
        0.9692307692307692,
        0.03333333333333333,
        0.046153846153846156,
        0.9333333333333333,
        0.9692307692307692,
        0.9333333333333333
      ],
      "minPos": {
        "x": -30,
        "y": -27,
        "z": 0
      },
      "maxPos": {
        "x": 30,
        "y": 27,
        "z": 0
      }
    },
    "texture": "5f4ed9e1-c1ce-48a2-a225-e5f48e8e7f85@6c48a",
    "packable": true,
    "pixelsToUnit": 100,
    "pivot": {
      "x": 0.5,
      "y": 0.5
    },
    "meshType": 0
  }
}