{
  "__type__": "cc.SpriteFrame",
  "content": {
    "name": "fnt_fight_yellow_0",
    "atlas": "",
    "rect": {
      "x": 4,
      "y": 1,
      "width": 243,
      "height": 53
    },
    "offset": {
      "x": -2.5,
      "y": 4.5
    },
    "originalSize": {
      "width": 256,
      "height": 64
    },
    "rotated": false,
    "capInsets": [
      0,
      0,
      0,
      0
    ],
    "vertices": {
      "rawPosition": [
        -121.5,
        -26.5,
        0,
        121.5,
        -26.5,
        0,
        -121.5,
        26.5,
        0,
        121.5,
        26.5,
        0
      ],
      "indexes": [
        0,
        1,
        2,
        2,
        1,
        3
      ],
      "uv": [
        4,
        63,
        247,
        63,
        4,
        10,
        247,
        10
      ],
      "nuv": [
        0.015625,
        0.15625,
        0.96484375,
        0.15625,
        0.015625,
        0.984375,
        0.96484375,
        0.984375
      ],
      "minPos": {
        "x": -121.5,
        "y": -26.5,
        "z": 0
      },
      "maxPos": {
        "x": 121.5,
        "y": 26.5,
        "z": 0
      }
    },
    "texture": "4177a111-a21f-4f5b-8c36-3fa7b00372ac@6c48a",
    "packable": false,
    "pixelsToUnit": 100,
    "pivot": {
      "x": 0.5,
      "y": 0.5
    },
    "meshType": 0
  }
}