{
  "__type__": "cc.SpriteFrame",
  "content": {
    "name": "hero_4501_behit_2",
    "atlas": "",
    "rect": {
      "x": 0,
      "y": 12,
      "width": 166,
      "height": 2027
    },
    "offset": {
      "x": 0,
      "y": -5.5
    },
    "originalSize": {
      "width": 166,
      "height": 2040
    },
    "rotated": false,
    "capInsets": [
      0,
      0,
      0,
      0
    ],
    "vertices": {
      "rawPosition": [
        -83,
        -1013.5,
        0,
        83,
        -1013.5,
        0,
        -83,
        1013.5,
        0,
        83,
        1013.5,
        0
      ],
      "indexes": [
        0,
        1,
        2,
        2,
        1,
        3
      ],
      "uv": [
        0,
        2028,
        166,
        2028,
        0,
        1,
        166,
        1
      ],
      "nuv": [
        0,
        0.0004901960784313725,
        1,
        0.0004901960784313725,
        0,
        0.9941176470588236,
        1,
        0.9941176470588236
      ],
      "minPos": {
        "x": -83,
        "y": -1013.5,
        "z": 0
      },
      "maxPos": {
        "x": 83,
        "y": 1013.5,
        "z": 0
      }
    },
    "texture": "418eb219-f3e0-40f8-862e-4c00fa4a7871@6c48a",
    "packable": true,
    "pixelsToUnit": 100,
    "pivot": {
      "x": 0.5,
      "y": 0.5
    },
    "meshType": 0
  }
}