{
  "__type__": "cc.SpriteFrame",
  "content": {
    "name": "frame_000",
    "atlas": "",
    "rect": {
      "x": 19,
      "y": 19,
      "width": 112,
      "height": 112
    },
    "offset": {
      "x": 0,
      "y": 0
    },
    "originalSize": {
      "width": 150,
      "height": 150
    },
    "rotated": false,
    "capInsets": [
      0,
      0,
      0,
      0
    ],
    "vertices": {
      "rawPosition": [
        -56,
        -56,
        0,
        56,
        -56,
        0,
        -56,
        56,
        0,
        56,
        56,
        0
      ],
      "indexes": [
        0,
        1,
        2,
        2,
        1,
        3
      ],
      "uv": [
        19,
        131,
        131,
        131,
        19,
        19,
        131,
        19
      ],
      "nuv": [
        0.12666666666666668,
        0.12666666666666668,
        0.8733333333333333,
        0.12666666666666668,
        0.12666666666666668,
        0.8733333333333333,
        0.8733333333333333,
        0.8733333333333333
      ],
      "minPos": {
        "x": -56,
        "y": -56,
        "z": 0
      },
      "maxPos": {
        "x": 56,
        "y": 56,
        "z": 0
      }
    },
    "texture": "a406bebf-731c-445c-a8fc-c236fe0474e7@6c48a",
    "packable": true,
    "pixelsToUnit": 100,
    "pivot": {
      "x": 0.5,
      "y": 0.5
    },
    "meshType": 0
  }
}