{
  "__type__": "cc.SpriteFrame",
  "content": {
    "name": "sc001_00000",
    "atlas": "",
    "rect": {
      "x": 62,
      "y": 16,
      "width": 3,
      "height": 101
    },
    "offset": {
      "x": 3.5,
      "y": -6.5
    },
    "originalSize": {
      "width": 120,
      "height": 120
    },
    "rotated": false,
    "capInsets": [
      0,
      0,
      0,
      0
    ],
    "vertices": {
      "rawPosition": [
        -1.5,
        -50.5,
        0,
        1.5,
        -50.5,
        0,
        -1.5,
        50.5,
        0,
        1.5,
        50.5,
        0
      ],
      "indexes": [
        0,
        1,
        2,
        2,
        1,
        3
      ],
      "uv": [
        62,
        104,
        65,
        104,
        62,
        3,
        65,
        3
      ],
      "nuv": [
        0.5166666666666667,
        0.025,
        0.5416666666666666,
        0.025,
        0.5166666666666667,
        0.8666666666666667,
        0.5416666666666666,
        0.8666666666666667
      ],
      "minPos": {
        "x": -1.5,
        "y": -50.5,
        "z": 0
      },
      "maxPos": {
        "x": 1.5,
        "y": 50.5,
        "z": 0
      }
    },
    "texture": "a4ddc216-1633-416b-9fe7-edea69762c49@6c48a",
    "packable": true,
    "pixelsToUnit": 100,
    "pivot": {
      "x": 0.5,
      "y": 0.5
    },
    "meshType": 0
  }
}