{
  "__type__": "cc.SpriteFrame",
  "content": {
    "name": "hero_4102_behit_3",
    "atlas": "",
    "rect": {
      "x": 73,
      "y": 36,
      "width": 1678,
      "height": 497
    },
    "offset": {
      "x": 12,
      "y": 15.5
    },
    "originalSize": {
      "width": 1800,
      "height": 600
    },
    "rotated": false,
    "capInsets": [
      0,
      0,
      0,
      0
    ],
    "vertices": {
      "rawPosition": [
        -839,
        -248.5,
        0,
        839,
        -248.5,
        0,
        -839,
        248.5,
        0,
        839,
        248.5,
        0
      ],
      "indexes": [
        0,
        1,
        2,
        2,
        1,
        3
      ],
      "uv": [
        73,
        564,
        1751,
        564,
        73,
        67,
        1751,
        67
      ],
      "nuv": [
        0.04055555555555555,
        0.11166666666666666,
        0.9727777777777777,
        0.11166666666666666,
        0.04055555555555555,
        0.94,
        0.9727777777777777,
        0.94
      ],
      "minPos": {
        "x": -839,
        "y": -248.5,
        "z": 0
      },
      "maxPos": {
        "x": 839,
        "y": 248.5,
        "z": 0
      }
    },
    "texture": "a4eb77ec-0c1f-44e5-bb84-41f02a379509@6c48a",
    "packable": true,
    "pixelsToUnit": 100,
    "pivot": {
      "x": 0.5,
      "y": 0.5
    },
    "meshType": 0
  }
}