{
  "__type__": "cc.SpriteFrame",
  "content": {
    "name": "hero_4202_bullet_2",
    "atlas": "",
    "rect": {
      "x": 36,
      "y": 54,
      "width": 372,
      "height": 644
    },
    "offset": {
      "x": -3,
      "y": -1
    },
    "originalSize": {
      "width": 450,
      "height": 750
    },
    "rotated": false,
    "capInsets": [
      0,
      0,
      0,
      0
    ],
    "vertices": {
      "rawPosition": [
        -186,
        -322,
        0,
        186,
        -322,
        0,
        -186,
        322,
        0,
        186,
        322,
        0
      ],
      "indexes": [
        0,
        1,
        2,
        2,
        1,
        3
      ],
      "uv": [
        36,
        696,
        408,
        696,
        36,
        52,
        408,
        52
      ],
      "nuv": [
        0.08,
        0.06933333333333333,
        0.9066666666666666,
        0.06933333333333333,
        0.08,
        0.928,
        0.9066666666666666,
        0.928
      ],
      "minPos": {
        "x": -186,
        "y": -322,
        "z": 0
      },
      "maxPos": {
        "x": 186,
        "y": 322,
        "z": 0
      }
    },
    "texture": "1a22bfd5-0da8-40e3-8e7f-fe3b039e49b1@6c48a",
    "packable": true,
    "pixelsToUnit": 100,
    "pivot": {
      "x": 0.5,
      "y": 0.5
    },
    "meshType": 0
  }
}