{
  "__type__": "cc.SpriteFrame",
  "content": {
    "name": "hero_1501_behit_1",
    "atlas": "",
    "rect": {
      "x": 25,
      "y": 9,
      "width": 1337,
      "height": 83
    },
    "offset": {
      "x": -6.5,
      "y": -0.5
    },
    "originalSize": {
      "width": 1400,
      "height": 100
    },
    "rotated": false,
    "capInsets": [
      0,
      0,
      0,
      0
    ],
    "vertices": {
      "rawPosition": [
        -668.5,
        -41.5,
        0,
        668.5,
        -41.5,
        0,
        -668.5,
        41.5,
        0,
        668.5,
        41.5,
        0
      ],
      "indexes": [
        0,
        1,
        2,
        2,
        1,
        3
      ],
      "uv": [
        25,
        91,
        1362,
        91,
        25,
        8,
        1362,
        8
      ],
      "nuv": [
        0.017857142857142856,
        0.08,
        0.9728571428571429,
        0.08,
        0.017857142857142856,
        0.91,
        0.9728571428571429,
        0.91
      ],
      "minPos": {
        "x": -668.5,
        "y": -41.5,
        "z": 0
      },
      "maxPos": {
        "x": 668.5,
        "y": 41.5,
        "z": 0
      }
    },
    "texture": "76bf411a-74ec-40ac-b286-04f927695ea4@6c48a",
    "packable": true,
    "pixelsToUnit": 100,
    "pivot": {
      "x": 0.5,
      "y": 0.5
    },
    "meshType": 0
  }
}