{
  "__type__": "cc.SpriteFrame",
  "content": {
    "name": "hero_4301_bullet_4",
    "atlas": "",
    "rect": {
      "x": 2,
      "y": 0,
      "width": 418,
      "height": 705
    },
    "offset": {
      "x": 1,
      "y": 0
    },
    "originalSize": {
      "width": 420,
      "height": 705
    },
    "rotated": false,
    "capInsets": [
      0,
      0,
      0,
      0
    ],
    "vertices": {
      "rawPosition": [
        -209,
        -352.5,
        0,
        209,
        -352.5,
        0,
        -209,
        352.5,
        0,
        209,
        352.5,
        0
      ],
      "indexes": [
        0,
        1,
        2,
        2,
        1,
        3
      ],
      "uv": [
        2,
        705,
        420,
        705,
        2,
        0,
        420,
        0
      ],
      "nuv": [
        0.004761904761904762,
        0,
        1,
        0,
        0.004761904761904762,
        1,
        1,
        1
      ],
      "minPos": {
        "x": -209,
        "y": -352.5,
        "z": 0
      },
      "maxPos": {
        "x": 209,
        "y": 352.5,
        "z": 0
      }
    },
    "texture": "78fc09e9-02b6-4f16-9939-89465e4be823@6c48a",
    "packable": true,
    "pixelsToUnit": 100,
    "pivot": {
      "x": 0.5,
      "y": 0.5
    },
    "meshType": 0
  }
}