{
  "__type__": "cc.SpriteFrame",
  "content": {
    "name": "tower_hero_004",
    "atlas": "",
    "rect": {
      "x": 0,
      "y": 1,
      "width": 256,
      "height": 253
    },
    "offset": {
      "x": 0,
      "y": 0.5
    },
    "originalSize": {
      "width": 256,
      "height": 256
    },
    "rotated": false,
    "capInsets": [
      0,
      0,
      0,
      0
    ],
    "vertices": {
      "rawPosition": [
        -128,
        -126.5,
        0,
        128,
        -126.5,
        0,
        -128,
        126.5,
        0,
        128,
        126.5,
        0
      ],
      "indexes": [
        0,
        1,
        2,
        2,
        1,
        3
      ],
      "uv": [
        0,
        255,
        256,
        255,
        0,
        2,
        256,
        2
      ],
      "nuv": [
        0,
        0.0078125,
        1,
        0.0078125,
        0,
        0.99609375,
        1,
        0.99609375
      ],
      "minPos": {
        "x": -128,
        "y": -126.5,
        "z": 0
      },
      "maxPos": {
        "x": 128,
        "y": 126.5,
        "z": 0
      }
    },
    "texture": "bc0a020c-c03c-4378-8fc7-8706d71b8d98@6c48a",
    "packable": true,
    "pixelsToUnit": 100,
    "pivot": {
      "x": 0.5,
      "y": 0.5
    },
    "meshType": 0
  }
}