{
  "__type__": "cc.SpriteFrame",
  "content": {
    "name": "hero_3402",
    "atlas": "",
    "rect": {
      "x": 5,
      "y": 2,
      "width": 52,
      "height": 56
    },
    "offset": {
      "x": -1.5,
      "y": 0
    },
    "originalSize": {
      "width": 65,
      "height": 60
    },
    "rotated": false,
    "capInsets": [
      0,
      0,
      0,
      0
    ],
    "vertices": {
      "rawPosition": [
        -26,
        -28,
        0,
        26,
        -28,
        0,
        -26,
        28,
        0,
        26,
        28,
        0
      ],
      "indexes": [
        0,
        1,
        2,
        2,
        1,
        3
      ],
      "uv": [
        5,
        58,
        57,
        58,
        5,
        2,
        57,
        2
      ],
      "nuv": [
        0.07692307692307693,
        0.03333333333333333,
        0.8769230769230769,
        0.03333333333333333,
        0.07692307692307693,
        0.9666666666666667,
        0.8769230769230769,
        0.9666666666666667
      ],
      "minPos": {
        "x": -26,
        "y": -28,
        "z": 0
      },
      "maxPos": {
        "x": 26,
        "y": 28,
        "z": 0
      }
    },
    "texture": "bcac6c5b-cce4-4962-88f3-ad38bca2bb87@6c48a",
    "packable": true,
    "pixelsToUnit": 100,
    "pivot": {
      "x": 0.5,
      "y": 0.5
    },
    "meshType": 0
  }
}