{
  "__type__": "cc.SpriteFrame",
  "content": {
    "name": "blooding_effect",
    "atlas": "",
    "rect": {
      "x": 20,
      "y": 30,
      "width": 1743,
      "height": 36
    },
    "offset": {
      "x": 0.5,
      "y": -5
    },
    "originalSize": {
      "width": 1782,
      "height": 86
    },
    "rotated": false,
    "capInsets": [
      0,
      0,
      0,
      0
    ],
    "vertices": {
      "rawPosition": [
        -871.5,
        -18,
        0,
        871.5,
        -18,
        0,
        -871.5,
        18,
        0,
        871.5,
        18,
        0
      ],
      "indexes": [
        0,
        1,
        2,
        2,
        1,
        3
      ],
      "uv": [
        20,
        56,
        1763,
        56,
        20,
        20,
        1763,
        20
      ],
      "nuv": [
        0.01122334455667789,
        0.23255813953488372,
        0.989337822671156,
        0.23255813953488372,
        0.01122334455667789,
        0.6511627906976745,
        0.989337822671156,
        0.6511627906976745
      ],
      "minPos": {
        "x": -871.5,
        "y": -18,
        "z": 0
      },
      "maxPos": {
        "x": 871.5,
        "y": 18,
        "z": 0
      }
    },
    "texture": "feed29af-9714-49be-89ac-fa2fcdc2f79b@6c48a",
    "packable": true,
    "pixelsToUnit": 100,
    "pivot": {
      "x": 0.5,
      "y": 0.5
    },
    "meshType": 0
  }
}