{
  "__type__": "cc.SpriteFrame",
  "content": {
    "name": "7zhe",
    "atlas": "",
    "rect": {
      "x": 2,
      "y": 1,
      "width": 56,
      "height": 66
    },
    "offset": {
      "x": 0,
      "y": 0
    },
    "originalSize": {
      "width": 60,
      "height": 68
    },
    "rotated": false,
    "capInsets": [
      0,
      0,
      0,
      0
    ],
    "vertices": {
      "rawPosition": [
        -28,
        -33,
        0,
        28,
        -33,
        0,
        -28,
        33,
        0,
        28,
        33,
        0
      ],
      "indexes": [
        0,
        1,
        2,
        2,
        1,
        3
      ],
      "uv": [
        2,
        67,
        58,
        67,
        2,
        1,
        58,
        1
      ],
      "nuv": [
        0.03333333333333333,
        0.014705882352941176,
        0.9666666666666667,
        0.014705882352941176,
        0.03333333333333333,
        0.9852941176470589,
        0.9666666666666667,
        0.9852941176470589
      ],
      "minPos": {
        "x": -28,
        "y": -33,
        "z": 0
      },
      "maxPos": {
        "x": 28,
        "y": 33,
        "z": 0
      }
    },
    "texture": "f1b89d04-9ef2-449a-ae69-1319e81f340c@6c48a",
    "packable": true,
    "pixelsToUnit": 100,
    "pivot": {
      "x": 0.5,
      "y": 0.5
    },
    "meshType": 0
  }
}