{
  "__type__": "cc.SpriteFrame",
  "content": {
    "name": "hero_3101_bullet_2",
    "atlas": "",
    "rect": {
      "x": 18,
      "y": 12,
      "width": 277,
      "height": 29
    },
    "offset": {
      "x": 6.5,
      "y": -1.5
    },
    "originalSize": {
      "width": 300,
      "height": 50
    },
    "rotated": false,
    "capInsets": [
      0,
      0,
      0,
      0
    ],
    "vertices": {
      "rawPosition": [
        -138.5,
        -14.5,
        0,
        138.5,
        -14.5,
        0,
        -138.5,
        14.5,
        0,
        138.5,
        14.5,
        0
      ],
      "indexes": [
        0,
        1,
        2,
        2,
        1,
        3
      ],
      "uv": [
        18,
        38,
        295,
        38,
        18,
        9,
        295,
        9
      ],
      "nuv": [
        0.06,
        0.18,
        0.9833333333333333,
        0.18,
        0.06,
        0.76,
        0.9833333333333333,
        0.76
      ],
      "minPos": {
        "x": -138.5,
        "y": -14.5,
        "z": 0
      },
      "maxPos": {
        "x": 138.5,
        "y": 14.5,
        "z": 0
      }
    },
    "texture": "9b95cf24-45f8-4243-a6e8-ac131fb2a267@6c48a",
    "packable": true,
    "pixelsToUnit": 100,
    "pivot": {
      "x": 0.5,
      "y": 0.5
    },
    "meshType": 0
  }
}