{
  "__type__": "cc.SpriteFrame",
  "content": {
    "name": "hero_2101_behit_1",
    "atlas": "",
    "rect": {
      "x": 17,
      "y": 0,
      "width": 1776,
      "height": 147
    },
    "offset": {
      "x": 5,
      "y": 0
    },
    "originalSize": {
      "width": 1800,
      "height": 147
    },
    "rotated": false,
    "capInsets": [
      0,
      0,
      0,
      0
    ],
    "vertices": {
      "rawPosition": [
        -888,
        -73.5,
        0,
        888,
        -73.5,
        0,
        -888,
        73.5,
        0,
        888,
        73.5,
        0
      ],
      "indexes": [
        0,
        1,
        2,
        2,
        1,
        3
      ],
      "uv": [
        17,
        147,
        1793,
        147,
        17,
        0,
        1793,
        0
      ],
      "nuv": [
        0.009444444444444445,
        0,
        0.9961111111111111,
        0,
        0.009444444444444445,
        1,
        0.9961111111111111,
        1
      ],
      "minPos": {
        "x": -888,
        "y": -73.5,
        "z": 0
      },
      "maxPos": {
        "x": 888,
        "y": 73.5,
        "z": 0
      }
    },
    "texture": "adafdee5-34ae-43b8-9f3d-f01907ed467a@6c48a",
    "packable": true,
    "pixelsToUnit": 100,
    "pivot": {
      "x": 0.5,
      "y": 0.5
    },
    "meshType": 0
  }
}