{
  "__type__": "cc.SpriteFrame",
  "content": {
    "name": "lvUpNum_0",
    "atlas": "",
    "rect": {
      "x": 2,
      "y": 1,
      "width": 245,
      "height": 105
    },
    "offset": {
      "x": -3.5,
      "y": 10.5
    },
    "originalSize": {
      "width": 256,
      "height": 128
    },
    "rotated": false,
    "capInsets": [
      0,
      0,
      0,
      0
    ],
    "vertices": {
      "rawPosition": [
        -122.5,
        -52.5,
        0,
        122.5,
        -52.5,
        0,
        -122.5,
        52.5,
        0,
        122.5,
        52.5,
        0
      ],
      "indexes": [
        0,
        1,
        2,
        2,
        1,
        3
      ],
      "uv": [
        2,
        127,
        247,
        127,
        2,
        22,
        247,
        22
      ],
      "nuv": [
        0.0078125,
        0.171875,
        0.96484375,
        0.171875,
        0.0078125,
        0.9921875,
        0.96484375,
        0.9921875
      ],
      "minPos": {
        "x": -122.5,
        "y": -52.5,
        "z": 0
      },
      "maxPos": {
        "x": 122.5,
        "y": 52.5,
        "z": 0
      }
    },
    "texture": "f9275873-8ccf-4d00-81d3-512671050fe4@6c48a",
    "packable": true,
    "pixelsToUnit": 100,
    "pivot": {
      "x": 0.5,
      "y": 0.5
    },
    "meshType": 0
  }
}