{
  "__type__": "cc.SpriteFrame",
  "content": {
    "name": "m_10902_bullet",
    "atlas": "",
    "rect": {
      "x": 3,
      "y": 0,
      "width": 340,
      "height": 26
    },
    "offset": {
      "x": 1.5,
      "y": 0
    },
    "originalSize": {
      "width": 343,
      "height": 26
    },
    "rotated": false,
    "capInsets": [
      0,
      0,
      0,
      0
    ],
    "vertices": {
      "rawPosition": [
        -170,
        -13,
        0,
        170,
        -13,
        0,
        -170,
        13,
        0,
        170,
        13,
        0
      ],
      "indexes": [
        0,
        1,
        2,
        2,
        1,
        3
      ],
      "uv": [
        3,
        26,
        343,
        26,
        3,
        0,
        343,
        0
      ],
      "nuv": [
        0.008746355685131196,
        0,
        1,
        0,
        0.008746355685131196,
        1,
        1,
        1
      ],
      "minPos": {
        "x": -170,
        "y": -13,
        "z": 0
      },
      "maxPos": {
        "x": 170,
        "y": 13,
        "z": 0
      }
    },
    "texture": "f92b7981-2ef4-45a6-9c0a-ce5bc0a8f809@6c48a",
    "packable": true,
    "pixelsToUnit": 100,
    "pivot": {
      "x": 0.5,
      "y": 0.5
    },
    "meshType": 0
  }
}