{
  "__type__": "cc.SpriteFrame",
  "content": {
    "name": "hero_skill_warrior_effect",
    "atlas": "",
    "rect": {
      "x": 2,
      "y": 2,
      "width": 1010,
      "height": 502
    },
    "offset": {
      "x": -5,
      "y": 3
    },
    "originalSize": {
      "width": 1024,
      "height": 512
    },
    "rotated": false,
    "capInsets": [
      0,
      0,
      0,
      0
    ],
    "vertices": {
      "rawPosition": [
        -505,
        -251,
        0,
        505,
        -251,
        0,
        -505,
        251,
        0,
        505,
        251,
        0
      ],
      "indexes": [
        0,
        1,
        2,
        2,
        1,
        3
      ],
      "uv": [
        2,
        510,
        1012,
        510,
        2,
        8,
        1012,
        8
      ],
      "nuv": [
        0.001953125,
        0.015625,
        0.98828125,
        0.015625,
        0.001953125,
        0.99609375,
        0.98828125,
        0.99609375
      ],
      "minPos": {
        "x": -505,
        "y": -251,
        "z": 0
      },
      "maxPos": {
        "x": 505,
        "y": 251,
        "z": 0
      }
    },
    "texture": "f9d490f6-472f-44eb-94e6-32b8c28bf0ce@6c48a",
    "packable": true,
    "pixelsToUnit": 100,
    "pivot": {
      "x": 0.5,
      "y": 0.5
    },
    "meshType": 0
  }
}