{
  "__type__": "cc.SpriteFrame",
  "content": {
    "name": "3xing",
    "atlas": "",
    "rect": {
      "x": 34,
      "y": 2,
      "width": 47,
      "height": 18
    },
    "offset": {
      "x": 9,
      "y": 7
    },
    "originalSize": {
      "width": 97,
      "height": 36
    },
    "rotated": false,
    "capInsets": [
      0,
      0,
      0,
      0
    ],
    "vertices": {
      "rawPosition": [
        -23.5,
        -9,
        0,
        23.5,
        -9,
        0,
        -23.5,
        9,
        0,
        23.5,
        9,
        0
      ],
      "indexes": [
        0,
        1,
        2,
        2,
        1,
        3
      ],
      "uv": [
        34,
        34,
        81,
        34,
        34,
        16,
        81,
        16
      ],
      "nuv": [
        0.35051546391752575,
        0.4444444444444444,
        0.8350515463917526,
        0.4444444444444444,
        0.35051546391752575,
        0.9444444444444444,
        0.8350515463917526,
        0.9444444444444444
      ],
      "minPos": {
        "x": -23.5,
        "y": -9,
        "z": 0
      },
      "maxPos": {
        "x": 23.5,
        "y": 9,
        "z": 0
      }
    },
    "texture": "5039ee7a-75d1-4a44-aa14-46fa69801ba1@6c48a",
    "packable": true,
    "pixelsToUnit": 100,
    "pivot": {
      "x": 0.5,
      "y": 0.5
    },
    "meshType": 0
  }
}