{
  "__type__": "cc.SpriteFrame",
  "content": {
    "name": "hero_4101_behit_2",
    "atlas": "",
    "rect": {
      "x": 0,
      "y": 11,
      "width": 433,
      "height": 1140
    },
    "offset": {
      "x": -0.5,
      "y": -5
    },
    "originalSize": {
      "width": 434,
      "height": 1152
    },
    "rotated": false,
    "capInsets": [
      0,
      0,
      0,
      0
    ],
    "vertices": {
      "rawPosition": [
        -216.5,
        -570,
        0,
        216.5,
        -570,
        0,
        -216.5,
        570,
        0,
        216.5,
        570,
        0
      ],
      "indexes": [
        0,
        1,
        2,
        2,
        1,
        3
      ],
      "uv": [
        0,
        1141,
        433,
        1141,
        0,
        1,
        433,
        1
      ],
      "nuv": [
        0,
        0.0008680555555555555,
        0.9976958525345622,
        0.0008680555555555555,
        0,
        0.9904513888888888,
        0.9976958525345622,
        0.9904513888888888
      ],
      "minPos": {
        "x": -216.5,
        "y": -570,
        "z": 0
      },
      "maxPos": {
        "x": 216.5,
        "y": 570,
        "z": 0
      }
    },
    "texture": "503ae06c-f942-47f3-a052-07b32824cc12@6c48a",
    "packable": true,
    "pixelsToUnit": 100,
    "pivot": {
      "x": 0.5,
      "y": 0.5
    },
    "meshType": 0
  }
}