{
  "__type__": "cc.SpriteFrame",
  "content": {
    "name": "m_31011",
    "atlas": "",
    "rect": {
      "x": 2,
      "y": 2,
      "width": 1001,
      "height": 999
    },
    "offset": {
      "x": -9.5,
      "y": 10.5
    },
    "originalSize": {
      "width": 1024,
      "height": 1024
    },
    "rotated": false,
    "capInsets": [
      0,
      0,
      0,
      0
    ],
    "vertices": {
      "rawPosition": [
        -500.5,
        -499.5,
        0,
        500.5,
        -499.5,
        0,
        -500.5,
        499.5,
        0,
        500.5,
        499.5,
        0
      ],
      "indexes": [
        0,
        1,
        2,
        2,
        1,
        3
      ],
      "uv": [
        2,
        1022,
        1003,
        1022,
        2,
        23,
        1003,
        23
      ],
      "nuv": [
        0.001953125,
        0.0224609375,
        0.9794921875,
        0.0224609375,
        0.001953125,
        0.998046875,
        0.9794921875,
        0.998046875
      ],
      "minPos": {
        "x": -500.5,
        "y": -499.5,
        "z": 0
      },
      "maxPos": {
        "x": 500.5,
        "y": 499.5,
        "z": 0
      }
    },
    "texture": "8b34110e-934c-4d40-a34d-76ccb8c95cc3@6c48a",
    "packable": true,
    "pixelsToUnit": 100,
    "pivot": {
      "x": 0.5,
      "y": 0.5
    },
    "meshType": 0
  }
}