{
  "__type__": "cc.SpriteFrame",
  "content": {
    "name": "11xing",
    "atlas": "",
    "rect": {
      "x": 48,
      "y": 0,
      "width": 20,
      "height": 21
    },
    "offset": {
      "x": 9.5,
      "y": 7.5
    },
    "originalSize": {
      "width": 97,
      "height": 36
    },
    "rotated": false,
    "capInsets": [
      0,
      0,
      0,
      0
    ],
    "vertices": {
      "rawPosition": [
        -10,
        -10.5,
        0,
        10,
        -10.5,
        0,
        -10,
        10.5,
        0,
        10,
        10.5,
        0
      ],
      "indexes": [
        0,
        1,
        2,
        2,
        1,
        3
      ],
      "uv": [
        48,
        36,
        68,
        36,
        48,
        15,
        68,
        15
      ],
      "nuv": [
        0.4948453608247423,
        0.4166666666666667,
        0.7010309278350515,
        0.4166666666666667,
        0.4948453608247423,
        1,
        0.7010309278350515,
        1
      ],
      "minPos": {
        "x": -10,
        "y": -10.5,
        "z": 0
      },
      "maxPos": {
        "x": 10,
        "y": 10.5,
        "z": 0
      }
    },
    "texture": "ffffd2cd-a078-4751-8235-54157cce9009@6c48a",
    "packable": true,
    "pixelsToUnit": 100,
    "pivot": {
      "x": 0.5,
      "y": 0.5
    },
    "meshType": 0
  }
}