{
  "__type__": "cc.SpriteFrame",
  "content": {
    "name": "jingYing15",
    "atlas": "",
    "rect": {
      "x": 11,
      "y": 19,
      "width": 298,
      "height": 282
    },
    "offset": {
      "x": 0,
      "y": 0
    },
    "originalSize": {
      "width": 320,
      "height": 320
    },
    "rotated": false,
    "capInsets": [
      0,
      0,
      0,
      0
    ],
    "vertices": {
      "rawPosition": [
        -149,
        -141,
        0,
        149,
        -141,
        0,
        -149,
        141,
        0,
        149,
        141,
        0
      ],
      "indexes": [
        0,
        1,
        2,
        2,
        1,
        3
      ],
      "uv": [
        11,
        301,
        309,
        301,
        11,
        19,
        309,
        19
      ],
      "nuv": [
        0.034375,
        0.059375,
        0.965625,
        0.059375,
        0.034375,
        0.940625,
        0.965625,
        0.940625
      ],
      "minPos": {
        "x": -149,
        "y": -141,
        "z": 0
      },
      "maxPos": {
        "x": 149,
        "y": 141,
        "z": 0
      }
    },
    "texture": "38053f20-b602-44c1-9b0a-8147dabea07e@6c48a",
    "packable": true,
    "pixelsToUnit": 100,
    "pivot": {
      "x": 0.5,
      "y": 0.5
    },
    "meshType": 0
  }
}