{
  "__type__": "cc.SpriteFrame",
  "content": {
    "name": "hero_common_charge2",
    "atlas": "",
    "rect": {
      "x": 76,
      "y": 155,
      "width": 662,
      "height": 1433
    },
    "offset": {
      "x": 1,
      "y": -77.5
    },
    "originalSize": {
      "width": 812,
      "height": 1588
    },
    "rotated": false,
    "capInsets": [
      0,
      0,
      0,
      0
    ],
    "vertices": {
      "rawPosition": [
        -331,
        -716.5,
        0,
        331,
        -716.5,
        0,
        -331,
        716.5,
        0,
        331,
        716.5,
        0
      ],
      "indexes": [
        0,
        1,
        2,
        2,
        1,
        3
      ],
      "uv": [
        76,
        1433,
        738,
        1433,
        76,
        0,
        738,
        0
      ],
      "nuv": [
        0.09359605911330049,
        0,
        0.9088669950738916,
        0,
        0.09359605911330049,
        0.9023929471032746,
        0.9088669950738916,
        0.9023929471032746
      ],
      "minPos": {
        "x": -331,
        "y": -716.5,
        "z": 0
      },
      "maxPos": {
        "x": 331,
        "y": 716.5,
        "z": 0
      }
    },
    "texture": "381897b5-0564-4881-a8f3-4c119127d84a@6c48a",
    "packable": true,
    "pixelsToUnit": 100,
    "pivot": {
      "x": 0.5,
      "y": 0.5
    },
    "meshType": 0
  }
}