{
  "__type__": "cc.SpriteFrame",
  "content": {
    "name": "boss_right",
    "atlas": "",
    "rect": {
      "x": 0,
      "y": 0,
      "width": 1609,
      "height": 163
    },
    "offset": {
      "x": 0,
      "y": 0.5
    },
    "originalSize": {
      "width": 1609,
      "height": 164
    },
    "rotated": false,
    "capInsets": [
      0,
      0,
      0,
      0
    ],
    "vertices": {
      "rawPosition": [
        -804.5,
        -81.5,
        0,
        804.5,
        -81.5,
        0,
        -804.5,
        81.5,
        0,
        804.5,
        81.5,
        0
      ],
      "indexes": [
        0,
        1,
        2,
        2,
        1,
        3
      ],
      "uv": [
        0,
        164,
        1609,
        164,
        0,
        1,
        1609,
        1
      ],
      "nuv": [
        0,
        0.006097560975609756,
        1,
        0.006097560975609756,
        0,
        1,
        1,
        1
      ],
      "minPos": {
        "x": -804.5,
        "y": -81.5,
        "z": 0
      },
      "maxPos": {
        "x": 804.5,
        "y": 81.5,
        "z": 0
      }
    },
    "texture": "26463d01-e0a6-46e8-a53d-f3b223fb611b@6c48a",
    "packable": true,
    "pixelsToUnit": 100,
    "pivot": {
      "x": 0.5,
      "y": 0.5
    },
    "meshType": 0
  }
}