{
  "__type__": "cc.SpriteFrame",
  "content": {
    "name": "block",
    "atlas": "",
    "rect": {
      "x": 0,
      "y": 1,
      "width": 50,
      "height": 153
    },
    "offset": {
      "x": 0,
      "y": -0.5
    },
    "originalSize": {
      "width": 50,
      "height": 154
    },
    "rotated": false,
    "capInsets": [
      24,
      0,
      26,
      0
    ],
    "vertices": {
      "rawPosition": [
        -25,
        -76.5,
        0,
        25,
        -76.5,
        0,
        -25,
        76.5,
        0,
        25,
        76.5,
        0
      ],
      "indexes": [
        0,
        1,
        2,
        2,
        1,
        3
      ],
      "uv": [
        0,
        153,
        50,
        153,
        0,
        0,
        50,
        0
      ],
      "nuv": [
        0,
        0,
        1,
        0,
        0,
        0.9935064935064936,
        1,
        0.9935064935064936
      ],
      "minPos": {
        "x": -25,
        "y": -76.5,
        "z": 0
      },
      "maxPos": {
        "x": 25,
        "y": 76.5,
        "z": 0
      }
    },
    "texture": "265c978f-cf11-4e57-8f42-f49989b94db6@6c48a",
    "packable": true,
    "pixelsToUnit": 100,
    "pivot": {
      "x": 0.5,
      "y": 0.5
    },
    "meshType": 0
  }
}