{
  "__type__": "cc.SpriteFrame",
  "content": {
    "name": "diamond2",
    "atlas": "",
    "rect": {
      "x": 31,
      "y": 37,
      "width": 93,
      "height": 105
    },
    "offset": {
      "x": -2.5,
      "y": -9.5
    },
    "originalSize": {
      "width": 160,
      "height": 160
    },
    "rotated": false,
    "capInsets": [
      0,
      0,
      0,
      0
    ],
    "vertices": {
      "rawPosition": [
        -46.5,
        -52.5,
        0,
        46.5,
        -52.5,
        0,
        -46.5,
        52.5,
        0,
        46.5,
        52.5,
        0
      ],
      "indexes": [
        0,
        1,
        2,
        2,
        1,
        3
      ],
      "uv": [
        31,
        123,
        124,
        123,
        31,
        18,
        124,
        18
      ],
      "nuv": [
        0.19375,
        0.1125,
        0.775,
        0.1125,
        0.19375,
        0.76875,
        0.775,
        0.76875
      ],
      "minPos": {
        "x": -46.5,
        "y": -52.5,
        "z": 0
      },
      "maxPos": {
        "x": 46.5,
        "y": 52.5,
        "z": 0
      }
    },
    "texture": "2669a595-381d-4fb5-8999-158cd457140b@6c48a",
    "packable": true,
    "pixelsToUnit": 100,
    "pivot": {
      "x": 0.5,
      "y": 0.5
    },
    "meshType": 0
  }
}