{
  "__type__": "cc.SpriteFrame",
  "content": {
    "name": "10xing",
    "atlas": "",
    "rect": {
      "x": 19,
      "y": 2,
      "width": 77,
      "height": 18
    },
    "offset": {
      "x": 9,
      "y": 7
    },
    "originalSize": {
      "width": 97,
      "height": 36
    },
    "rotated": false,
    "capInsets": [
      0,
      0,
      0,
      0
    ],
    "vertices": {
      "rawPosition": [
        -38.5,
        -9,
        0,
        38.5,
        -9,
        0,
        -38.5,
        9,
        0,
        38.5,
        9,
        0
      ],
      "indexes": [
        0,
        1,
        2,
        2,
        1,
        3
      ],
      "uv": [
        19,
        34,
        96,
        34,
        19,
        16,
        96,
        16
      ],
      "nuv": [
        0.1958762886597938,
        0.4444444444444444,
        0.9896907216494846,
        0.4444444444444444,
        0.1958762886597938,
        0.9444444444444444,
        0.9896907216494846,
        0.9444444444444444
      ],
      "minPos": {
        "x": -38.5,
        "y": -9,
        "z": 0
      },
      "maxPos": {
        "x": 38.5,
        "y": 9,
        "z": 0
      }
    },
    "texture": "268d01fe-afb0-42cd-9d3d-91893883acfd@6c48a",
    "packable": true,
    "pixelsToUnit": 100,
    "pivot": {
      "x": 0.5,
      "y": 0.5
    },
    "meshType": 0
  }
}