{
  "__type__": "cc.SpriteFrame",
  "content": {
    "name": "jingYing102",
    "atlas": "",
    "rect": {
      "x": 20,
      "y": 57,
      "width": 281,
      "height": 257
    },
    "offset": {
      "x": 0.5,
      "y": -25.5
    },
    "originalSize": {
      "width": 320,
      "height": 320
    },
    "rotated": false,
    "capInsets": [
      0,
      0,
      0,
      0
    ],
    "vertices": {
      "rawPosition": [
        -140.5,
        -128.5,
        0,
        140.5,
        -128.5,
        0,
        -140.5,
        128.5,
        0,
        140.5,
        128.5,
        0
      ],
      "indexes": [
        0,
        1,
        2,
        2,
        1,
        3
      ],
      "uv": [
        20,
        263,
        301,
        263,
        20,
        6,
        301,
        6
      ],
      "nuv": [
        0.0625,
        0.01875,
        0.940625,
        0.01875,
        0.0625,
        0.821875,
        0.940625,
        0.821875
      ],
      "minPos": {
        "x": -140.5,
        "y": -128.5,
        "z": 0
      },
      "maxPos": {
        "x": 140.5,
        "y": 128.5,
        "z": 0
      }
    },
    "texture": "ab2c0052-8029-44c8-942a-13827c0c05e6@6c48a",
    "packable": true,
    "pixelsToUnit": 100,
    "pivot": {
      "x": 0.5,
      "y": 0.5
    },
    "meshType": 0
  }
}