{
  "__type__": "cc.SpriteFrame",
  "content": {
    "name": "hero_4401_behit_1",
    "atlas": "",
    "rect": {
      "x": 1,
      "y": 0,
      "width": 422,
      "height": 424
    },
    "offset": {
      "x": 0.5,
      "y": 7
    },
    "originalSize": {
      "width": 423,
      "height": 438
    },
    "rotated": false,
    "capInsets": [
      0,
      0,
      0,
      0
    ],
    "vertices": {
      "rawPosition": [
        -211,
        -212,
        0,
        211,
        -212,
        0,
        -211,
        212,
        0,
        211,
        212,
        0
      ],
      "indexes": [
        0,
        1,
        2,
        2,
        1,
        3
      ],
      "uv": [
        1,
        438,
        423,
        438,
        1,
        14,
        423,
        14
      ],
      "nuv": [
        0.002364066193853428,
        0.0319634703196347,
        1,
        0.0319634703196347,
        0.002364066193853428,
        1,
        1,
        1
      ],
      "minPos": {
        "x": -211,
        "y": -212,
        "z": 0
      },
      "maxPos": {
        "x": 211,
        "y": 212,
        "z": 0
      }
    },
    "texture": "ab750196-563c-46bc-afbe-22a0160fa79b@6c48a",
    "packable": true,
    "pixelsToUnit": 100,
    "pivot": {
      "x": 0.5,
      "y": 0.5
    },
    "meshType": 0
  }
}