{
  "__type__": "cc.SpriteFrame",
  "content": {
    "name": "no2",
    "atlas": "",
    "rect": {
      "x": 8,
      "y": 15,
      "width": 214,
      "height": 185
    },
    "offset": {
      "x": -0.5,
      "y": -7.5
    },
    "originalSize": {
      "width": 231,
      "height": 200
    },
    "rotated": false,
    "capInsets": [
      0,
      0,
      0,
      0
    ],
    "vertices": {
      "rawPosition": [
        -107,
        -92.5,
        0,
        107,
        -92.5,
        0,
        -107,
        92.5,
        0,
        107,
        92.5,
        0
      ],
      "indexes": [
        0,
        1,
        2,
        2,
        1,
        3
      ],
      "uv": [
        8,
        185,
        222,
        185,
        8,
        0,
        222,
        0
      ],
      "nuv": [
        0.03463203463203463,
        0,
        0.961038961038961,
        0,
        0.03463203463203463,
        0.925,
        0.961038961038961,
        0.925
      ],
      "minPos": {
        "x": -107,
        "y": -92.5,
        "z": 0
      },
      "maxPos": {
        "x": 107,
        "y": 92.5,
        "z": 0
      }
    },
    "texture": "ab832a4d-7dcf-4831-891e-9859c22851a6@6c48a",
    "packable": true,
    "pixelsToUnit": 100,
    "pivot": {
      "x": 0.5,
      "y": 0.5
    },
    "meshType": 0
  }
}