{
  "__type__": "cc.SpriteFrame",
  "content": {
    "name": "hero_common_behit_blood",
    "atlas": "",
    "rect": {
      "x": 22,
      "y": 0,
      "width": 1791,
      "height": 133
    },
    "offset": {
      "x": -6.5,
      "y": 0
    },
    "originalSize": {
      "width": 1848,
      "height": 133
    },
    "rotated": false,
    "capInsets": [
      0,
      0,
      0,
      0
    ],
    "vertices": {
      "rawPosition": [
        -895.5,
        -66.5,
        0,
        895.5,
        -66.5,
        0,
        -895.5,
        66.5,
        0,
        895.5,
        66.5,
        0
      ],
      "indexes": [
        0,
        1,
        2,
        2,
        1,
        3
      ],
      "uv": [
        22,
        133,
        1813,
        133,
        22,
        0,
        1813,
        0
      ],
      "nuv": [
        0.011904761904761904,
        0,
        0.9810606060606061,
        0,
        0.011904761904761904,
        1,
        0.9810606060606061,
        1
      ],
      "minPos": {
        "x": -895.5,
        "y": -66.5,
        "z": 0
      },
      "maxPos": {
        "x": 895.5,
        "y": 66.5,
        "z": 0
      }
    },
    "texture": "abc02fb6-953b-4696-a9c0-189138c952dc@6c48a",
    "packable": true,
    "pixelsToUnit": 100,
    "pivot": {
      "x": 0.5,
      "y": 0.5
    },
    "meshType": 0
  }
}