{
  "__type__": "cc.SpriteFrame",
  "content": {
    "name": "btn_QiangHua01",
    "atlas": "",
    "rect": {
      "x": 3,
      "y": 2,
      "width": 52,
      "height": 53
    },
    "offset": {
      "x": 0,
      "y": 0
    },
    "originalSize": {
      "width": 58,
      "height": 57
    },
    "rotated": false,
    "capInsets": [
      0,
      0,
      0,
      0
    ],
    "vertices": {
      "rawPosition": [
        -26,
        -26.5,
        0,
        26,
        -26.5,
        0,
        -26,
        26.5,
        0,
        26,
        26.5,
        0
      ],
      "indexes": [
        0,
        1,
        2,
        2,
        1,
        3
      ],
      "uv": [
        3,
        55,
        55,
        55,
        3,
        2,
        55,
        2
      ],
      "nuv": [
        0.05172413793103448,
        0.03508771929824561,
        0.9482758620689655,
        0.03508771929824561,
        0.05172413793103448,
        0.9649122807017544,
        0.9482758620689655,
        0.9649122807017544
      ],
      "minPos": {
        "x": -26,
        "y": -26.5,
        "z": 0
      },
      "maxPos": {
        "x": 26,
        "y": 26.5,
        "z": 0
      }
    },
    "texture": "c4f484c4-b94f-4e3a-8120-0cab03c02480@6c48a",
    "packable": true,
    "pixelsToUnit": 100,
    "pivot": {
      "x": 0.5,
      "y": 0.5
    },
    "meshType": 0
  }
}