{
  "__type__": "cc.SpriteFrame",
  "content": {
    "name": "jingYing10",
    "atlas": "",
    "rect": {
      "x": 32,
      "y": 47,
      "width": 257,
      "height": 254
    },
    "offset": {
      "x": 0.5,
      "y": -14
    },
    "originalSize": {
      "width": 320,
      "height": 320
    },
    "rotated": false,
    "capInsets": [
      0,
      0,
      0,
      0
    ],
    "vertices": {
      "rawPosition": [
        -128.5,
        -127,
        0,
        128.5,
        -127,
        0,
        -128.5,
        127,
        0,
        128.5,
        127,
        0
      ],
      "indexes": [
        0,
        1,
        2,
        2,
        1,
        3
      ],
      "uv": [
        32,
        273,
        289,
        273,
        32,
        19,
        289,
        19
      ],
      "nuv": [
        0.1,
        0.059375,
        0.903125,
        0.059375,
        0.1,
        0.853125,
        0.903125,
        0.853125
      ],
      "minPos": {
        "x": -128.5,
        "y": -127,
        "z": 0
      },
      "maxPos": {
        "x": 128.5,
        "y": 127,
        "z": 0
      }
    },
    "texture": "c1475125-26dd-4a72-ab46-4cc0750bf750@6c48a",
    "packable": true,
    "pixelsToUnit": 100,
    "pivot": {
      "x": 0.5,
      "y": 0.5
    },
    "meshType": 0
  }
}