{
  "__type__": "cc.SpriteFrame",
  "content": {
    "name": "hero_common_behit_sword",
    "atlas": "",
    "rect": {
      "x": 18,
      "y": 0,
      "width": 1428,
      "height": 186
    },
    "offset": {
      "x": -3,
      "y": 0
    },
    "originalSize": {
      "width": 1470,
      "height": 186
    },
    "rotated": false,
    "capInsets": [
      0,
      0,
      0,
      0
    ],
    "vertices": {
      "rawPosition": [
        -714,
        -93,
        0,
        714,
        -93,
        0,
        -714,
        93,
        0,
        714,
        93,
        0
      ],
      "indexes": [
        0,
        1,
        2,
        2,
        1,
        3
      ],
      "uv": [
        18,
        186,
        1446,
        186,
        18,
        0,
        1446,
        0
      ],
      "nuv": [
        0.012244897959183673,
        0,
        0.9836734693877551,
        0,
        0.012244897959183673,
        1,
        0.9836734693877551,
        1
      ],
      "minPos": {
        "x": -714,
        "y": -93,
        "z": 0
      },
      "maxPos": {
        "x": 714,
        "y": 93,
        "z": 0
      }
    },
    "texture": "c1c6f809-0d7a-4a32-89b6-3beec77ad484@6c48a",
    "packable": true,
    "pixelsToUnit": 100,
    "pivot": {
      "x": 0.5,
      "y": 0.5
    },
    "meshType": 0
  }
}