{
  "__type__": "cc.SpriteFrame",
  "content": {
    "name": "m_21010_effect",
    "atlas": "",
    "rect": {
      "x": 31,
      "y": 31,
      "width": 338,
      "height": 1338
    },
    "offset": {
      "x": 0,
      "y": 0
    },
    "originalSize": {
      "width": 400,
      "height": 1400
    },
    "rotated": false,
    "capInsets": [
      0,
      0,
      0,
      0
    ],
    "vertices": {
      "rawPosition": [
        -169,
        -669,
        0,
        169,
        -669,
        0,
        -169,
        669,
        0,
        169,
        669,
        0
      ],
      "indexes": [
        0,
        1,
        2,
        2,
        1,
        3
      ],
      "uv": [
        31,
        1369,
        369,
        1369,
        31,
        31,
        369,
        31
      ],
      "nuv": [
        0.0775,
        0.02214285714285714,
        0.9225,
        0.02214285714285714,
        0.0775,
        0.9778571428571429,
        0.9225,
        0.9778571428571429
      ],
      "minPos": {
        "x": -169,
        "y": -669,
        "z": 0
      },
      "maxPos": {
        "x": 169,
        "y": 669,
        "z": 0
      }
    },
    "texture": "d343643f-5e5f-43cb-8dc1-d52b81bb143c@6c48a",
    "packable": true,
    "pixelsToUnit": 100,
    "pivot": {
      "x": 0.5,
      "y": 0.5
    },
    "meshType": 0
  }
}