{
  "__type__": "cc.SpriteFrame",
  "content": {
    "name": "m_21006",
    "atlas": "",
    "rect": {
      "x": 2,
      "y": 0,
      "width": 933,
      "height": 1902
    },
    "offset": {
      "x": -11.5,
      "y": 0
    },
    "originalSize": {
      "width": 960,
      "height": 1902
    },
    "rotated": false,
    "capInsets": [
      0,
      0,
      0,
      0
    ],
    "vertices": {
      "rawPosition": [
        -466.5,
        -951,
        0,
        466.5,
        -951,
        0,
        -466.5,
        951,
        0,
        466.5,
        951,
        0
      ],
      "indexes": [
        0,
        1,
        2,
        2,
        1,
        3
      ],
      "uv": [
        2,
        1902,
        935,
        1902,
        2,
        0,
        935,
        0
      ],
      "nuv": [
        0.0020833333333333333,
        0,
        0.9739583333333334,
        0,
        0.0020833333333333333,
        1,
        0.9739583333333334,
        1
      ],
      "minPos": {
        "x": -466.5,
        "y": -951,
        "z": 0
      },
      "maxPos": {
        "x": 466.5,
        "y": 951,
        "z": 0
      }
    },
    "texture": "d35850cd-929d-45d2-adcf-906e47c9e189@6c48a",
    "packable": true,
    "pixelsToUnit": 100,
    "pivot": {
      "x": 0.5,
      "y": 0.5
    },
    "meshType": 0
  }
}