{
  "__type__": "cc.SpriteFrame",
  "content": {
    "name": "vertigo_effect",
    "atlas": "",
    "rect": {
      "x": 36,
      "y": 65,
      "width": 328,
      "height": 1260
    },
    "offset": {
      "x": 0,
      "y": 5
    },
    "originalSize": {
      "width": 400,
      "height": 1400
    },
    "rotated": false,
    "capInsets": [
      0,
      0,
      0,
      0
    ],
    "vertices": {
      "rawPosition": [
        -164,
        -630,
        0,
        164,
        -630,
        0,
        -164,
        630,
        0,
        164,
        630,
        0
      ],
      "indexes": [
        0,
        1,
        2,
        2,
        1,
        3
      ],
      "uv": [
        36,
        1335,
        364,
        1335,
        36,
        75,
        364,
        75
      ],
      "nuv": [
        0.09,
        0.05357142857142857,
        0.91,
        0.05357142857142857,
        0.09,
        0.9535714285714286,
        0.91,
        0.9535714285714286
      ],
      "minPos": {
        "x": -164,
        "y": -630,
        "z": 0
      },
      "maxPos": {
        "x": 164,
        "y": 630,
        "z": 0
      }
    },
    "texture": "d3601103-a3e8-4370-aebd-76dbeac84290@6c48a",
    "packable": true,
    "pixelsToUnit": 100,
    "pivot": {
      "x": 0.5,
      "y": 0.5
    },
    "meshType": 0
  }
}