{
  "__type__": "cc.SpriteFrame",
  "content": {
    "name": "m_21009",
    "atlas": "",
    "rect": {
      "x": 3,
      "y": 17,
      "width": 2007,
      "height": 1695
    },
    "offset": {
      "x": -8.5,
      "y": -8
    },
    "originalSize": {
      "width": 2030,
      "height": 1713
    },
    "rotated": false,
    "capInsets": [
      0,
      0,
      0,
      0
    ],
    "vertices": {
      "rawPosition": [
        -1003.5,
        -847.5,
        0,
        1003.5,
        -847.5,
        0,
        -1003.5,
        847.5,
        0,
        1003.5,
        847.5,
        0
      ],
      "indexes": [
        0,
        1,
        2,
        2,
        1,
        3
      ],
      "uv": [
        3,
        1696,
        2010,
        1696,
        3,
        1,
        2010,
        1
      ],
      "nuv": [
        0.001477832512315271,
        0.0005837711617046118,
        0.9901477832512315,
        0.0005837711617046118,
        0.001477832512315271,
        0.9900758902510216,
        0.9901477832512315,
        0.9900758902510216
      ],
      "minPos": {
        "x": -1003.5,
        "y": -847.5,
        "z": 0
      },
      "maxPos": {
        "x": 1003.5,
        "y": 847.5,
        "z": 0
      }
    },
    "texture": "d3cb0cc5-d71d-4d82-90a9-14a89a0d7cf1@6c48a",
    "packable": true,
    "pixelsToUnit": 100,
    "pivot": {
      "x": 0.5,
      "y": 0.5
    },
    "meshType": 0
  }
}