{
  "__type__": "cc.SpriteFrame",
  "content": {
    "name": "hero_3301",
    "atlas": "",
    "rect": {
      "x": 8,
      "y": 0,
      "width": 51,
      "height": 58
    },
    "offset": {
      "x": 1,
      "y": 1
    },
    "originalSize": {
      "width": 65,
      "height": 60
    },
    "rotated": false,
    "capInsets": [
      0,
      0,
      0,
      0
    ],
    "vertices": {
      "rawPosition": [
        -25.5,
        -29,
        0,
        25.5,
        -29,
        0,
        -25.5,
        29,
        0,
        25.5,
        29,
        0
      ],
      "indexes": [
        0,
        1,
        2,
        2,
        1,
        3
      ],
      "uv": [
        8,
        60,
        59,
        60,
        8,
        2,
        59,
        2
      ],
      "nuv": [
        0.12307692307692308,
        0.03333333333333333,
        0.9076923076923077,
        0.03333333333333333,
        0.12307692307692308,
        1,
        0.9076923076923077,
        1
      ],
      "minPos": {
        "x": -25.5,
        "y": -29,
        "z": 0
      },
      "maxPos": {
        "x": 25.5,
        "y": 29,
        "z": 0
      }
    },
    "texture": "3474f174-0f7f-4227-90f2-d561b682620a@6c48a",
    "packable": true,
    "pixelsToUnit": 100,
    "pivot": {
      "x": 0.5,
      "y": 0.5
    },
    "meshType": 0
  }
}