{
  "__type__": "cc.SpriteFrame",
  "content": {
    "name": "jingYing103",
    "atlas": "",
    "rect": {
      "x": 20,
      "y": 21,
      "width": 281,
      "height": 293
    },
    "offset": {
      "x": 0.5,
      "y": -7.5
    },
    "originalSize": {
      "width": 320,
      "height": 320
    },
    "rotated": false,
    "capInsets": [
      0,
      0,
      0,
      0
    ],
    "vertices": {
      "rawPosition": [
        -140.5,
        -146.5,
        0,
        140.5,
        -146.5,
        0,
        -140.5,
        146.5,
        0,
        140.5,
        146.5,
        0
      ],
      "indexes": [
        0,
        1,
        2,
        2,
        1,
        3
      ],
      "uv": [
        20,
        299,
        301,
        299,
        20,
        6,
        301,
        6
      ],
      "nuv": [
        0.0625,
        0.01875,
        0.940625,
        0.01875,
        0.0625,
        0.934375,
        0.940625,
        0.934375
      ],
      "minPos": {
        "x": -140.5,
        "y": -146.5,
        "z": 0
      },
      "maxPos": {
        "x": 140.5,
        "y": 146.5,
        "z": 0
      }
    },
    "texture": "34e6fe84-fb92-4c54-8156-01f1a4c7ff97@6c48a",
    "packable": true,
    "pixelsToUnit": 100,
    "pivot": {
      "x": 0.5,
      "y": 0.5
    },
    "meshType": 0
  }
}