{
  "__type__": "cc.SpriteFrame",
  "content": {
    "name": "m_21002_bullet_1",
    "atlas": "",
    "rect": {
      "x": 39,
      "y": 31,
      "width": 1941,
      "height": 1058
    },
    "offset": {
      "x": 9.5,
      "y": 40
    },
    "originalSize": {
      "width": 2000,
      "height": 1200
    },
    "rotated": false,
    "capInsets": [
      0,
      0,
      0,
      0
    ],
    "vertices": {
      "rawPosition": [
        -970.5,
        -529,
        0,
        970.5,
        -529,
        0,
        -970.5,
        529,
        0,
        970.5,
        529,
        0
      ],
      "indexes": [
        0,
        1,
        2,
        2,
        1,
        3
      ],
      "uv": [
        39,
        1169,
        1980,
        1169,
        39,
        111,
        1980,
        111
      ],
      "nuv": [
        0.0195,
        0.0925,
        0.99,
        0.0925,
        0.0195,
        0.9741666666666666,
        0.99,
        0.9741666666666666
      ],
      "minPos": {
        "x": -970.5,
        "y": -529,
        "z": 0
      },
      "maxPos": {
        "x": 970.5,
        "y": 529,
        "z": 0
      }
    },
    "texture": "dd563fe6-9335-4d5c-af3e-d35700ece764@6c48a",
    "packable": true,
    "pixelsToUnit": 100,
    "pivot": {
      "x": 0.5,
      "y": 0.5
    },
    "meshType": 0
  }
}