{
  "__type__": "cc.SpriteFrame",
  "content": {
    "name": "tower_hero_032",
    "atlas": "",
    "rect": {
      "x": 2,
      "y": 2,
      "width": 836,
      "height": 124
    },
    "offset": {
      "x": -92,
      "y": 0
    },
    "originalSize": {
      "width": 1024,
      "height": 128
    },
    "rotated": false,
    "capInsets": [
      0,
      0,
      0,
      0
    ],
    "vertices": {
      "rawPosition": [
        -418,
        -62,
        0,
        418,
        -62,
        0,
        -418,
        62,
        0,
        418,
        62,
        0
      ],
      "indexes": [
        0,
        1,
        2,
        2,
        1,
        3
      ],
      "uv": [
        2,
        126,
        838,
        126,
        2,
        2,
        838,
        2
      ],
      "nuv": [
        0.001953125,
        0.015625,
        0.818359375,
        0.015625,
        0.001953125,
        0.984375,
        0.818359375,
        0.984375
      ],
      "minPos": {
        "x": -418,
        "y": -62,
        "z": 0
      },
      "maxPos": {
        "x": 418,
        "y": 62,
        "z": 0
      }
    },
    "texture": "ddb01d33-afa1-4f59-8513-d07a9be33783@6c48a",
    "packable": true,
    "pixelsToUnit": 100,
    "pivot": {
      "x": 0.5,
      "y": 0.5
    },
    "meshType": 0
  }
}