{
  "__type__": "cc.SpriteFrame",
  "content": {
    "name": "m_21005",
    "atlas": "",
    "rect": {
      "x": 1,
      "y": 0,
      "width": 956,
      "height": 1332
    },
    "offset": {
      "x": -1,
      "y": 0
    },
    "originalSize": {
      "width": 960,
      "height": 1332
    },
    "rotated": false,
    "capInsets": [
      0,
      0,
      0,
      0
    ],
    "vertices": {
      "rawPosition": [
        -478,
        -666,
        0,
        478,
        -666,
        0,
        -478,
        666,
        0,
        478,
        666,
        0
      ],
      "indexes": [
        0,
        1,
        2,
        2,
        1,
        3
      ],
      "uv": [
        1,
        1332,
        957,
        1332,
        1,
        0,
        957,
        0
      ],
      "nuv": [
        0.0010416666666666667,
        0,
        0.996875,
        0,
        0.0010416666666666667,
        1,
        0.996875,
        1
      ],
      "minPos": {
        "x": -478,
        "y": -666,
        "z": 0
      },
      "maxPos": {
        "x": 478,
        "y": 666,
        "z": 0
      }
    },
    "texture": "06029bcb-05c6-4e96-b591-8e612a550dd2@6c48a",
    "packable": true,
    "pixelsToUnit": 100,
    "pivot": {
      "x": 0.5,
      "y": 0.5
    },
    "meshType": 0
  }
}