{
  "__type__": "cc.SpriteFrame",
  "content": {
    "name": "hero_4204_behit_1",
    "atlas": "",
    "rect": {
      "x": 73,
      "y": 51,
      "width": 1444,
      "height": 234
    },
    "offset": {
      "x": -5,
      "y": -18
    },
    "originalSize": {
      "width": 1600,
      "height": 300
    },
    "rotated": false,
    "capInsets": [
      0,
      0,
      0,
      0
    ],
    "vertices": {
      "rawPosition": [
        -722,
        -117,
        0,
        722,
        -117,
        0,
        -722,
        117,
        0,
        722,
        117,
        0
      ],
      "indexes": [
        0,
        1,
        2,
        2,
        1,
        3
      ],
      "uv": [
        73,
        249,
        1517,
        249,
        73,
        15,
        1517,
        15
      ],
      "nuv": [
        0.045625,
        0.05,
        0.948125,
        0.05,
        0.045625,
        0.83,
        0.948125,
        0.83
      ],
      "minPos": {
        "x": -722,
        "y": -117,
        "z": 0
      },
      "maxPos": {
        "x": 722,
        "y": 117,
        "z": 0
      }
    },
    "texture": "1e077a67-a78d-4e6b-8cfe-6b9c34acb1f4@6c48a",
    "packable": true,
    "pixelsToUnit": 100,
    "pivot": {
      "x": 0.5,
      "y": 0.5
    },
    "meshType": 0
  }
}