{
  "__type__": "cc.SpriteFrame",
  "content": {
    "name": "m_21013_2",
    "atlas": "",
    "rect": {
      "x": 45,
      "y": 55,
      "width": 1896,
      "height": 1857
    },
    "offset": {
      "x": 19.5,
      "y": -17
    },
    "originalSize": {
      "width": 1947,
      "height": 1933
    },
    "rotated": false,
    "capInsets": [
      0,
      0,
      0,
      0
    ],
    "vertices": {
      "rawPosition": [
        -948,
        -928.5,
        0,
        948,
        -928.5,
        0,
        -948,
        928.5,
        0,
        948,
        928.5,
        0
      ],
      "indexes": [
        0,
        1,
        2,
        2,
        1,
        3
      ],
      "uv": [
        45,
        1878,
        1941,
        1878,
        45,
        21,
        1941,
        21
      ],
      "nuv": [
        0.023112480739599383,
        0.010863942058975685,
        0.9969183359013868,
        0.010863942058975685,
        0.023112480739599383,
        0.9715468184169684,
        0.9969183359013868,
        0.9715468184169684
      ],
      "minPos": {
        "x": -948,
        "y": -928.5,
        "z": 0
      },
      "maxPos": {
        "x": 948,
        "y": 928.5,
        "z": 0
      }
    },
    "texture": "1e4f13fd-d866-44a4-9ca4-ea0b902dd5d7@6c48a",
    "packable": true,
    "pixelsToUnit": 100,
    "pivot": {
      "x": 0.5,
      "y": 0.5
    },
    "meshType": 0
  }
}