{
  "__type__": "cc.SpriteFrame",
  "content": {
    "name": "m_11001",
    "atlas": "",
    "rect": {
      "x": 1,
      "y": 1,
      "width": 943,
      "height": 1061
    },
    "offset": {
      "x": -0.5,
      "y": 1
    },
    "originalSize": {
      "width": 946,
      "height": 1065
    },
    "rotated": false,
    "capInsets": [
      0,
      0,
      0,
      0
    ],
    "vertices": {
      "rawPosition": [
        -471.5,
        -530.5,
        0,
        471.5,
        -530.5,
        0,
        -471.5,
        530.5,
        0,
        471.5,
        530.5,
        0
      ],
      "indexes": [
        0,
        1,
        2,
        2,
        1,
        3
      ],
      "uv": [
        1,
        1064,
        944,
        1064,
        1,
        3,
        944,
        3
      ],
      "nuv": [
        0.0010570824524312897,
        0.0028169014084507044,
        0.9978858350951374,
        0.0028169014084507044,
        0.0010570824524312897,
        0.9990610328638497,
        0.9978858350951374,
        0.9990610328638497
      ],
      "minPos": {
        "x": -471.5,
        "y": -530.5,
        "z": 0
      },
      "maxPos": {
        "x": 471.5,
        "y": 530.5,
        "z": 0
      }
    },
    "texture": "1e837097-303d-4172-9ba5-af1ab1273966@6c48a",
    "packable": true,
    "pixelsToUnit": 100,
    "pivot": {
      "x": 0.5,
      "y": 0.5
    },
    "meshType": 0
  }
}