{
  "__type__": "cc.SpriteFrame",
  "content": {
    "name": "bigbtn",
    "atlas": "",
    "rect": {
      "x": 1,
      "y": 0,
      "width": 196,
      "height": 73
    },
    "offset": {
      "x": 0,
      "y": 0
    },
    "originalSize": {
      "width": 198,
      "height": 73
    },
    "rotated": false,
    "capInsets": [
      0,
      0,
      0,
      0
    ],
    "vertices": {
      "rawPosition": [
        -98,
        -36.5,
        0,
        98,
        -36.5,
        0,
        -98,
        36.5,
        0,
        98,
        36.5,
        0
      ],
      "indexes": [
        0,
        1,
        2,
        2,
        1,
        3
      ],
      "uv": [
        1,
        73,
        197,
        73,
        1,
        0,
        197,
        0
      ],
      "nuv": [
        0.005050505050505051,
        0,
        0.9949494949494949,
        0,
        0.005050505050505051,
        1,
        0.9949494949494949,
        1
      ],
      "minPos": {
        "x": -98,
        "y": -36.5,
        "z": 0
      },
      "maxPos": {
        "x": 98,
        "y": 36.5,
        "z": 0
      }
    },
    "texture": "1e98b4c7-945b-42e8-9d25-6e177e297026@6c48a",
    "packable": true,
    "pixelsToUnit": 100,
    "pivot": {
      "x": 0.5,
      "y": 0.5
    },
    "meshType": 0
  }
}