{
  "__type__": "cc.SpriteFrame",
  "content": {
    "name": "m_10003",
    "atlas": "",
    "rect": {
      "x": 0,
      "y": 0,
      "width": 483,
      "height": 1648
    },
    "offset": {
      "x": -1,
      "y": 9.5
    },
    "originalSize": {
      "width": 485,
      "height": 1667
    },
    "rotated": false,
    "capInsets": [
      0,
      0,
      0,
      0
    ],
    "vertices": {
      "rawPosition": [
        -241.5,
        -824,
        0,
        241.5,
        -824,
        0,
        -241.5,
        824,
        0,
        241.5,
        824,
        0
      ],
      "indexes": [
        0,
        1,
        2,
        2,
        1,
        3
      ],
      "uv": [
        0,
        1667,
        483,
        1667,
        0,
        19,
        483,
        19
      ],
      "nuv": [
        0,
        0.011397720455908818,
        0.9958762886597938,
        0.011397720455908818,
        0,
        1,
        0.9958762886597938,
        1
      ],
      "minPos": {
        "x": -241.5,
        "y": -824,
        "z": 0
      },
      "maxPos": {
        "x": 241.5,
        "y": 824,
        "z": 0
      }
    },
    "texture": "1ee198ad-9ec0-4647-ae24-78fea8702485@6c48a",
    "packable": true,
    "pixelsToUnit": 100,
    "pivot": {
      "x": 0.5,
      "y": 0.5
    },
    "meshType": 0
  }
}