{
  "__type__": "cc.SpriteFrame",
  "content": {
    "name": "hero_common_behit_blue",
    "atlas": "",
    "rect": {
      "x": 3,
      "y": 7,
      "width": 467,
      "height": 1457
    },
    "offset": {
      "x": 1.5,
      "y": 27.5
    },
    "originalSize": {
      "width": 470,
      "height": 1526
    },
    "rotated": false,
    "capInsets": [
      0,
      0,
      0,
      0
    ],
    "vertices": {
      "rawPosition": [
        -233.5,
        -728.5,
        0,
        233.5,
        -728.5,
        0,
        -233.5,
        728.5,
        0,
        233.5,
        728.5,
        0
      ],
      "indexes": [
        0,
        1,
        2,
        2,
        1,
        3
      ],
      "uv": [
        3,
        1519,
        470,
        1519,
        3,
        62,
        470,
        62
      ],
      "nuv": [
        0.006382978723404255,
        0.04062909567496723,
        1,
        0.04062909567496723,
        0.006382978723404255,
        0.9954128440366973,
        1,
        0.9954128440366973
      ],
      "minPos": {
        "x": -233.5,
        "y": -728.5,
        "z": 0
      },
      "maxPos": {
        "x": 233.5,
        "y": 728.5,
        "z": 0
      }
    },
    "texture": "2259c8c6-4743-4bdd-bc9c-22b4f062ccd0@6c48a",
    "packable": true,
    "pixelsToUnit": 100,
    "pivot": {
      "x": 0.5,
      "y": 0.5
    },
    "meshType": 0
  }
}