{
  "__type__": "cc.SpriteFrame",
  "content": {
    "name": "icon_shouchong",
    "atlas": "",
    "rect": {
      "x": 0,
      "y": 2,
      "width": 85,
      "height": 83
    },
    "offset": {
      "x": -0.5,
      "y": -0.5
    },
    "originalSize": {
      "width": 86,
      "height": 86
    },
    "rotated": false,
    "capInsets": [
      0,
      0,
      0,
      0
    ],
    "vertices": {
      "rawPosition": [
        -42.5,
        -41.5,
        0,
        42.5,
        -41.5,
        0,
        -42.5,
        41.5,
        0,
        42.5,
        41.5,
        0
      ],
      "indexes": [
        0,
        1,
        2,
        2,
        1,
        3
      ],
      "uv": [
        0,
        84,
        85,
        84,
        0,
        1,
        85,
        1
      ],
      "nuv": [
        0,
        0.011627906976744186,
        0.9883720930232558,
        0.011627906976744186,
        0,
        0.9767441860465116,
        0.9883720930232558,
        0.9767441860465116
      ],
      "minPos": {
        "x": -42.5,
        "y": -41.5,
        "z": 0
      },
      "maxPos": {
        "x": 42.5,
        "y": 41.5,
        "z": 0
      }
    },
    "texture": "3a57bb1a-c7d3-4bc6-91ff-397d9172dfda@6c48a",
    "packable": true,
    "pixelsToUnit": 100,
    "pivot": {
      "x": 0.5,
      "y": 0.5
    },
    "meshType": 0
  }
}