{
  "__type__": "cc.SpriteFrame",
  "content": {
    "name": "hero_common_rage",
    "atlas": "",
    "rect": {
      "x": 8,
      "y": 47,
      "width": 1482,
      "height": 93
    },
    "offset": {
      "x": -1,
      "y": -18.5
    },
    "originalSize": {
      "width": 1500,
      "height": 150
    },
    "rotated": false,
    "capInsets": [
      0,
      0,
      0,
      0
    ],
    "vertices": {
      "rawPosition": [
        -741,
        -46.5,
        0,
        741,
        -46.5,
        0,
        -741,
        46.5,
        0,
        741,
        46.5,
        0
      ],
      "indexes": [
        0,
        1,
        2,
        2,
        1,
        3
      ],
      "uv": [
        8,
        103,
        1490,
        103,
        8,
        10,
        1490,
        10
      ],
      "nuv": [
        0.005333333333333333,
        0.06666666666666667,
        0.9933333333333333,
        0.06666666666666667,
        0.005333333333333333,
        0.6866666666666666,
        0.9933333333333333,
        0.6866666666666666
      ],
      "minPos": {
        "x": -741,
        "y": -46.5,
        "z": 0
      },
      "maxPos": {
        "x": 741,
        "y": 46.5,
        "z": 0
      }
    },
    "texture": "3a67cd09-3ddf-49f6-8ad6-4f3926bd6cf3@6c48a",
    "packable": true,
    "pixelsToUnit": 100,
    "pivot": {
      "x": 0.5,
      "y": 0.5
    },
    "meshType": 0
  }
}