{
  "__type__": "cc.SpriteFrame",
  "content": {
    "name": "hero_2101",
    "atlas": "",
    "rect": {
      "x": 14,
      "y": 10,
      "width": 133,
      "height": 141
    },
    "offset": {
      "x": 0.5,
      "y": -0.5
    },
    "originalSize": {
      "width": 160,
      "height": 160
    },
    "rotated": false,
    "capInsets": [
      0,
      0,
      0,
      0
    ],
    "vertices": {
      "rawPosition": [
        -66.5,
        -70.5,
        0,
        66.5,
        -70.5,
        0,
        -66.5,
        70.5,
        0,
        66.5,
        70.5,
        0
      ],
      "indexes": [
        0,
        1,
        2,
        2,
        1,
        3
      ],
      "uv": [
        14,
        150,
        147,
        150,
        14,
        9,
        147,
        9
      ],
      "nuv": [
        0.0875,
        0.05625,
        0.91875,
        0.05625,
        0.0875,
        0.9375,
        0.91875,
        0.9375
      ],
      "minPos": {
        "x": -66.5,
        "y": -70.5,
        "z": 0
      },
      "maxPos": {
        "x": 66.5,
        "y": 70.5,
        "z": 0
      }
    },
    "texture": "63351f58-c393-46b4-9adc-eb666a23d2ff@6c48a",
    "packable": true,
    "pixelsToUnit": 100,
    "pivot": {
      "x": 0.5,
      "y": 0.5
    },
    "meshType": 0
  }
}