{
  "__type__": "cc.SpriteFrame",
  "content": {
    "name": "m_32003_buff_2",
    "atlas": "",
    "rect": {
      "x": 6,
      "y": 9,
      "width": 2018,
      "height": 1050
    },
    "offset": {
      "x": 0,
      "y": -3
    },
    "originalSize": {
      "width": 2030,
      "height": 1062
    },
    "rotated": false,
    "capInsets": [
      0,
      0,
      0,
      0
    ],
    "vertices": {
      "rawPosition": [
        -1009,
        -525,
        0,
        1009,
        -525,
        0,
        -1009,
        525,
        0,
        1009,
        525,
        0
      ],
      "indexes": [
        0,
        1,
        2,
        2,
        1,
        3
      ],
      "uv": [
        6,
        1053,
        2024,
        1053,
        6,
        3,
        2024,
        3
      ],
      "nuv": [
        0.002955665024630542,
        0.002824858757062147,
        0.9970443349753695,
        0.002824858757062147,
        0.002955665024630542,
        0.9915254237288136,
        0.9970443349753695,
        0.9915254237288136
      ],
      "minPos": {
        "x": -1009,
        "y": -525,
        "z": 0
      },
      "maxPos": {
        "x": 1009,
        "y": 525,
        "z": 0
      }
    },
    "texture": "3c2cedb5-bdf9-4a4f-827d-d58f2fbefc53@6c48a",
    "packable": true,
    "pixelsToUnit": 100,
    "pivot": {
      "x": 0.5,
      "y": 0.5
    },
    "meshType": 0
  }
}