{
  "__type__": "cc.SpriteFrame",
  "content": {
    "name": "m_21010",
    "atlas": "",
    "rect": {
      "x": 1,
      "y": 0,
      "width": 1992,
      "height": 1108
    },
    "offset": {
      "x": -6,
      "y": 3
    },
    "originalSize": {
      "width": 2006,
      "height": 1114
    },
    "rotated": false,
    "capInsets": [
      0,
      0,
      0,
      0
    ],
    "vertices": {
      "rawPosition": [
        -996,
        -554,
        0,
        996,
        -554,
        0,
        -996,
        554,
        0,
        996,
        554,
        0
      ],
      "indexes": [
        0,
        1,
        2,
        2,
        1,
        3
      ],
      "uv": [
        1,
        1114,
        1993,
        1114,
        1,
        6,
        1993,
        6
      ],
      "nuv": [
        0.0004985044865403788,
        0.005385996409335727,
        0.9935194416749751,
        0.005385996409335727,
        0.0004985044865403788,
        1,
        0.9935194416749751,
        1
      ],
      "minPos": {
        "x": -996,
        "y": -554,
        "z": 0
      },
      "maxPos": {
        "x": 996,
        "y": 554,
        "z": 0
      }
    },
    "texture": "3c4d79aa-0839-4a69-b381-b1f442cc3a24@6c48a",
    "packable": true,
    "pixelsToUnit": 100,
    "pivot": {
      "x": 0.5,
      "y": 0.5
    },
    "meshType": 0
  }
}