{
  "__type__": "cc.SpriteFrame",
  "content": {
    "name": "guihun",
    "atlas": "",
    "rect": {
      "x": 2,
      "y": 2,
      "width": 55,
      "height": 53
    },
    "offset": {
      "x": -2.5,
      "y": 3.5
    },
    "originalSize": {
      "width": 64,
      "height": 64
    },
    "rotated": false,
    "capInsets": [
      0,
      0,
      0,
      0
    ],
    "vertices": {
      "rawPosition": [
        -27.5,
        -26.5,
        0,
        27.5,
        -26.5,
        0,
        -27.5,
        26.5,
        0,
        27.5,
        26.5,
        0
      ],
      "indexes": [
        0,
        1,
        2,
        2,
        1,
        3
      ],
      "uv": [
        2,
        62,
        57,
        62,
        2,
        9,
        57,
        9
      ],
      "nuv": [
        0.03125,
        0.140625,
        0.890625,
        0.140625,
        0.03125,
        0.96875,
        0.890625,
        0.96875
      ],
      "minPos": {
        "x": -27.5,
        "y": -26.5,
        "z": 0
      },
      "maxPos": {
        "x": 27.5,
        "y": 26.5,
        "z": 0
      }
    },
    "texture": "3cb8c3c6-53d9-4a77-aae0-3a3b46b2fc98@6c48a",
    "packable": true,
    "pixelsToUnit": 100,
    "pivot": {
      "x": 0.5,
      "y": 0.5
    },
    "meshType": 0
  }
}