{
  "__type__": "cc.SpriteFrame",
  "content": {
    "name": "m_21015",
    "atlas": "",
    "rect": {
      "x": 3,
      "y": 9,
      "width": 1878,
      "height": 1869
    },
    "offset": {
      "x": 0.5,
      "y": -2.5
    },
    "originalSize": {
      "width": 1883,
      "height": 1882
    },
    "rotated": false,
    "capInsets": [
      0,
      0,
      0,
      0
    ],
    "vertices": {
      "rawPosition": [
        -939,
        -934.5,
        0,
        939,
        -934.5,
        0,
        -939,
        934.5,
        0,
        939,
        934.5,
        0
      ],
      "indexes": [
        0,
        1,
        2,
        2,
        1,
        3
      ],
      "uv": [
        3,
        1873,
        1881,
        1873,
        3,
        4,
        1881,
        4
      ],
      "nuv": [
        0.0015932023366967605,
        0.0021253985122210413,
        0.9989378651088688,
        0.0021253985122210413,
        0.0015932023366967605,
        0.9952178533475027,
        0.9989378651088688,
        0.9952178533475027
      ],
      "minPos": {
        "x": -939,
        "y": -934.5,
        "z": 0
      },
      "maxPos": {
        "x": 939,
        "y": 934.5,
        "z": 0
      }
    },
    "texture": "3ce2ab78-40ad-46cb-8c2f-392e4d28e084@6c48a",
    "packable": true,
    "pixelsToUnit": 100,
    "pivot": {
      "x": 0.5,
      "y": 0.5
    },
    "meshType": 0
  }
}