{
  "__type__": "cc.SpriteFrame",
  "content": {
    "name": "SnailTail",
    "atlas": "",
    "rect": {
      "x": 6,
      "y": 5,
      "width": 117,
      "height": 82
    },
    "offset": {
      "x": 0.5,
      "y": 0.5
    },
    "originalSize": {
      "width": 128,
      "height": 93
    },
    "rotated": false,
    "capInsets": [
      0,
      0,
      0,
      0
    ],
    "vertices": {
      "rawPosition": [
        -58.5,
        -41,
        0,
        58.5,
        -41,
        0,
        -58.5,
        41,
        0,
        58.5,
        41,
        0
      ],
      "indexes": [
        0,
        1,
        2,
        2,
        1,
        3
      ],
      "uv": [
        6,
        88,
        123,
        88,
        6,
        6,
        123,
        6
      ],
      "nuv": [
        0.046875,
        0.06451612903225806,
        0.9609375,
        0.06451612903225806,
        0.046875,
        0.946236559139785,
        0.9609375,
        0.946236559139785
      ],
      "minPos": {
        "x": -58.5,
        "y": -41,
        "z": 0
      },
      "maxPos": {
        "x": 58.5,
        "y": 41,
        "z": 0
      }
    },
    "texture": "3cfef8b3-ac7b-4985-9338-8ddf3fddc9ef@6c48a",
    "packable": true,
    "pixelsToUnit": 100,
    "pivot": {
      "x": 0.5,
      "y": 0.5
    },
    "meshType": 0
  }
}