{
  "__type__": "cc.SpriteFrame",
  "content": {
    "name": "m_32003_behit_1",
    "atlas": "",
    "rect": {
      "x": 0,
      "y": 4,
      "width": 2015,
      "height": 482
    },
    "offset": {
      "x": -0.5,
      "y": -2
    },
    "originalSize": {
      "width": 2016,
      "height": 486
    },
    "rotated": false,
    "capInsets": [
      0,
      0,
      0,
      0
    ],
    "vertices": {
      "rawPosition": [
        -1007.5,
        -241,
        0,
        1007.5,
        -241,
        0,
        -1007.5,
        241,
        0,
        1007.5,
        241,
        0
      ],
      "indexes": [
        0,
        1,
        2,
        2,
        1,
        3
      ],
      "uv": [
        0,
        482,
        2015,
        482,
        0,
        0,
        2015,
        0
      ],
      "nuv": [
        0,
        0,
        0.9995039682539683,
        0,
        0,
        0.9917695473251029,
        0.9995039682539683,
        0.9917695473251029
      ],
      "minPos": {
        "x": -1007.5,
        "y": -241,
        "z": 0
      },
      "maxPos": {
        "x": 1007.5,
        "y": 241,
        "z": 0
      }
    },
    "texture": "4bfb923d-a805-4cef-835a-2d647d1e611b@6c48a",
    "packable": true,
    "pixelsToUnit": 100,
    "pivot": {
      "x": 0.5,
      "y": 0.5
    },
    "meshType": 0
  }
}