{
  "__type__": "cc.SpriteFrame",
  "content": {
    "name": "jingYing114",
    "atlas": "",
    "rect": {
      "x": 14,
      "y": 23,
      "width": 293,
      "height": 291
    },
    "offset": {
      "x": 0.5,
      "y": -8.5
    },
    "originalSize": {
      "width": 320,
      "height": 320
    },
    "rotated": false,
    "capInsets": [
      0,
      0,
      0,
      0
    ],
    "vertices": {
      "rawPosition": [
        -146.5,
        -145.5,
        0,
        146.5,
        -145.5,
        0,
        -146.5,
        145.5,
        0,
        146.5,
        145.5,
        0
      ],
      "indexes": [
        0,
        1,
        2,
        2,
        1,
        3
      ],
      "uv": [
        14,
        297,
        307,
        297,
        14,
        6,
        307,
        6
      ],
      "nuv": [
        0.04375,
        0.01875,
        0.959375,
        0.01875,
        0.04375,
        0.928125,
        0.959375,
        0.928125
      ],
      "minPos": {
        "x": -146.5,
        "y": -145.5,
        "z": 0
      },
      "maxPos": {
        "x": 146.5,
        "y": 145.5,
        "z": 0
      }
    },
    "texture": "e9724eca-abb3-404a-82bd-1f4c0de451de@6c48a",
    "packable": true,
    "pixelsToUnit": 100,
    "pivot": {
      "x": 0.5,
      "y": 0.5
    },
    "meshType": 0
  }
}