{
  "__type__": "cc.SpriteFrame",
  "content": {
    "name": "m_11002",
    "atlas": "",
    "rect": {
      "x": 3,
      "y": 0,
      "width": 990,
      "height": 1062
    },
    "offset": {
      "x": -2.5,
      "y": 0.5
    },
    "originalSize": {
      "width": 1001,
      "height": 1063
    },
    "rotated": false,
    "capInsets": [
      0,
      0,
      0,
      0
    ],
    "vertices": {
      "rawPosition": [
        -495,
        -531,
        0,
        495,
        -531,
        0,
        -495,
        531,
        0,
        495,
        531,
        0
      ],
      "indexes": [
        0,
        1,
        2,
        2,
        1,
        3
      ],
      "uv": [
        3,
        1063,
        993,
        1063,
        3,
        1,
        993,
        1
      ],
      "nuv": [
        0.002997002997002997,
        0.0009407337723424271,
        0.9920079920079921,
        0.0009407337723424271,
        0.002997002997002997,
        1,
        0.9920079920079921,
        1
      ],
      "minPos": {
        "x": -495,
        "y": -531,
        "z": 0
      },
      "maxPos": {
        "x": 495,
        "y": 531,
        "z": 0
      }
    },
    "texture": "a8783f8e-6b62-42f1-96cf-077121dab4d6@6c48a",
    "packable": true,
    "pixelsToUnit": 100,
    "pivot": {
      "x": 0.5,
      "y": 0.5
    },
    "meshType": 0
  }
}