{
  "__type__": "cc.SpriteFrame",
  "content": {
    "name": "hero_common_critrate",
    "atlas": "",
    "rect": {
      "x": 15,
      "y": 5,
      "width": 390,
      "height": 32
    },
    "offset": {
      "x": 0,
      "y": 0
    },
    "originalSize": {
      "width": 420,
      "height": 42
    },
    "rotated": false,
    "capInsets": [
      0,
      0,
      0,
      0
    ],
    "vertices": {
      "rawPosition": [
        -195,
        -16,
        0,
        195,
        -16,
        0,
        -195,
        16,
        0,
        195,
        16,
        0
      ],
      "indexes": [
        0,
        1,
        2,
        2,
        1,
        3
      ],
      "uv": [
        15,
        37,
        405,
        37,
        15,
        5,
        405,
        5
      ],
      "nuv": [
        0.03571428571428571,
        0.11904761904761904,
        0.9642857142857143,
        0.11904761904761904,
        0.03571428571428571,
        0.8809523809523809,
        0.9642857142857143,
        0.8809523809523809
      ],
      "minPos": {
        "x": -195,
        "y": -16,
        "z": 0
      },
      "maxPos": {
        "x": 195,
        "y": 16,
        "z": 0
      }
    },
    "texture": "65258d72-2fff-46ea-8595-f38b4e6e4669@6c48a",
    "packable": true,
    "pixelsToUnit": 100,
    "pivot": {
      "x": 0.5,
      "y": 0.5
    },
    "meshType": 0
  }
}