{
  "__type__": "cc.SpriteFrame",
  "content": {
    "name": "hero_3202",
    "atlas": "",
    "rect": {
      "x": 3,
      "y": 2,
      "width": 62,
      "height": 56
    },
    "offset": {
      "x": 1.5,
      "y": 0
    },
    "originalSize": {
      "width": 65,
      "height": 60
    },
    "rotated": false,
    "capInsets": [
      0,
      0,
      0,
      0
    ],
    "vertices": {
      "rawPosition": [
        -31,
        -28,
        0,
        31,
        -28,
        0,
        -31,
        28,
        0,
        31,
        28,
        0
      ],
      "indexes": [
        0,
        1,
        2,
        2,
        1,
        3
      ],
      "uv": [
        3,
        58,
        65,
        58,
        3,
        2,
        65,
        2
      ],
      "nuv": [
        0.046153846153846156,
        0.03333333333333333,
        1,
        0.03333333333333333,
        0.046153846153846156,
        0.9666666666666667,
        1,
        0.9666666666666667
      ],
      "minPos": {
        "x": -31,
        "y": -28,
        "z": 0
      },
      "maxPos": {
        "x": 31,
        "y": 28,
        "z": 0
      }
    },
    "texture": "6534d42d-ffb9-4853-901e-041d64ebeab6@6c48a",
    "packable": true,
    "pixelsToUnit": 100,
    "pivot": {
      "x": 0.5,
      "y": 0.5
    },
    "meshType": 0
  }
}