{
  "__type__": "cc.SpriteFrame",
  "content": {
    "name": "effect_hero_002_1",
    "atlas": "",
    "rect": {
      "x": 2,
      "y": 2,
      "width": 1022,
      "height": 316
    },
    "offset": {
      "x": 0,
      "y": 0
    },
    "originalSize": {
      "width": 1026,
      "height": 320
    },
    "rotated": false,
    "capInsets": [
      0,
      0,
      0,
      0
    ],
    "vertices": {
      "rawPosition": [
        -511,
        -158,
        0,
        511,
        -158,
        0,
        -511,
        158,
        0,
        511,
        158,
        0
      ],
      "indexes": [
        0,
        1,
        2,
        2,
        1,
        3
      ],
      "uv": [
        2,
        318,
        1024,
        318,
        2,
        2,
        1024,
        2
      ],
      "nuv": [
        0.001949317738791423,
        0.00625,
        0.9980506822612085,
        0.00625,
        0.001949317738791423,
        0.99375,
        0.9980506822612085,
        0.99375
      ],
      "minPos": {
        "x": -511,
        "y": -158,
        "z": 0
      },
      "maxPos": {
        "x": 511,
        "y": 158,
        "z": 0
      }
    },
    "texture": "ce1f8993-c600-41a3-8e1b-1fbece950d4a@6c48a",
    "packable": true,
    "pixelsToUnit": 100,
    "pivot": {
      "x": 0.5,
      "y": 0.5
    },
    "meshType": 0
  }
}