{
  "__type__": "cc.SpriteFrame",
  "content": {
    "name": "hero_1101",
    "atlas": "",
    "rect": {
      "x": 18,
      "y": 19,
      "width": 127,
      "height": 116
    },
    "offset": {
      "x": 1.5,
      "y": 3
    },
    "originalSize": {
      "width": 160,
      "height": 160
    },
    "rotated": false,
    "capInsets": [
      0,
      0,
      0,
      0
    ],
    "vertices": {
      "rawPosition": [
        -63.5,
        -58,
        0,
        63.5,
        -58,
        0,
        -63.5,
        58,
        0,
        63.5,
        58,
        0
      ],
      "indexes": [
        0,
        1,
        2,
        2,
        1,
        3
      ],
      "uv": [
        18,
        141,
        145,
        141,
        18,
        25,
        145,
        25
      ],
      "nuv": [
        0.1125,
        0.15625,
        0.90625,
        0.15625,
        0.1125,
        0.88125,
        0.90625,
        0.88125
      ],
      "minPos": {
        "x": -63.5,
        "y": -58,
        "z": 0
      },
      "maxPos": {
        "x": 63.5,
        "y": 58,
        "z": 0
      }
    },
    "texture": "950eff24-99d4-4a57-acf6-749ef490cfa4@6c48a",
    "packable": true,
    "pixelsToUnit": 100,
    "pivot": {
      "x": 0.5,
      "y": 0.5
    },
    "meshType": 0
  }
}