{
  "__type__": "cc.SpriteFrame",
  "content": {
    "name": "jingYing110",
    "atlas": "",
    "rect": {
      "x": 19,
      "y": 34,
      "width": 283,
      "height": 280
    },
    "offset": {
      "x": 0.5,
      "y": -14
    },
    "originalSize": {
      "width": 320,
      "height": 320
    },
    "rotated": false,
    "capInsets": [
      0,
      0,
      0,
      0
    ],
    "vertices": {
      "rawPosition": [
        -141.5,
        -140,
        0,
        141.5,
        -140,
        0,
        -141.5,
        140,
        0,
        141.5,
        140,
        0
      ],
      "indexes": [
        0,
        1,
        2,
        2,
        1,
        3
      ],
      "uv": [
        19,
        286,
        302,
        286,
        19,
        6,
        302,
        6
      ],
      "nuv": [
        0.059375,
        0.01875,
        0.94375,
        0.01875,
        0.059375,
        0.89375,
        0.94375,
        0.89375
      ],
      "minPos": {
        "x": -141.5,
        "y": -140,
        "z": 0
      },
      "maxPos": {
        "x": 141.5,
        "y": 140,
        "z": 0
      }
    },
    "texture": "95ce519a-e832-46ad-9281-c80adfb592aa@6c48a",
    "packable": true,
    "pixelsToUnit": 100,
    "pivot": {
      "x": 0.5,
      "y": 0.5
    },
    "meshType": 0
  }
}