{
  "__type__": "cc.SpriteFrame",
  "content": {
    "name": "11-3-3",
    "atlas": "",
    "rect": {
      "x": 0,
      "y": 2,
      "width": 813,
      "height": 621
    },
    "offset": {
      "x": 0,
      "y": 11.5
    },
    "originalSize": {
      "width": 813,
      "height": 648
    },
    "rotated": false,
    "capInsets": [
      0,
      0,
      0,
      0
    ],
    "vertices": {
      "rawPosition": [
        -406.5,
        -310.5,
        0,
        406.5,
        -310.5,
        0,
        -406.5,
        310.5,
        0,
        406.5,
        310.5,
        0
      ],
      "indexes": [
        0,
        1,
        2,
        2,
        1,
        3
      ],
      "uv": [
        0,
        646,
        813,
        646,
        0,
        25,
        813,
        25
      ],
      "nuv": [
        0,
        0.038580246913580245,
        1,
        0.038580246913580245,
        0,
        0.9969135802469136,
        1,
        0.9969135802469136
      ],
      "minPos": {
        "x": -406.5,
        "y": -310.5,
        "z": 0
      },
      "maxPos": {
        "x": 406.5,
        "y": 310.5,
        "z": 0
      }
    },
    "texture": "f81d793c-5a8d-492b-96dc-df3e033849ec@6c48a",
    "packable": true,
    "pixelsToUnit": 100,
    "pivot": {
      "x": 0.5,
      "y": 0.5
    },
    "meshType": 0
  }
}