{
  "__type__": "cc.SpriteFrame",
  "content": {
    "name": "tab3_1",
    "atlas": "",
    "rect": {
      "x": 1,
      "y": 1,
      "width": 160,
      "height": 61
    },
    "offset": {
      "x": 0,
      "y": -0.5
    },
    "originalSize": {
      "width": 162,
      "height": 62
    },
    "rotated": false,
    "capInsets": [
      0,
      0,
      0,
      0
    ],
    "vertices": {
      "rawPosition": [
        -80,
        -30.5,
        0,
        80,
        -30.5,
        0,
        -80,
        30.5,
        0,
        80,
        30.5,
        0
      ],
      "indexes": [
        0,
        1,
        2,
        2,
        1,
        3
      ],
      "uv": [
        1,
        61,
        161,
        61,
        1,
        0,
        161,
        0
      ],
      "nuv": [
        0.006172839506172839,
        0,
        0.9938271604938271,
        0,
        0.006172839506172839,
        0.9838709677419355,
        0.9938271604938271,
        0.9838709677419355
      ],
      "minPos": {
        "x": -80,
        "y": -30.5,
        "z": 0
      },
      "maxPos": {
        "x": 80,
        "y": 30.5,
        "z": 0
      }
    },
    "texture": "f8239196-1c20-4249-8c72-34af69cca71f@6c48a",
    "packable": true,
    "pixelsToUnit": 100,
    "pivot": {
      "x": 0.5,
      "y": 0.5
    },
    "meshType": 0
  }
}