{
  "__type__": "cc.SpriteFrame",
  "content": {
    "name": "m_31015_bullet_1",
    "atlas": "",
    "rect": {
      "x": 9,
      "y": 2,
      "width": 906,
      "height": 31
    },
    "offset": {
      "x": 4.5,
      "y": -1
    },
    "originalSize": {
      "width": 915,
      "height": 33
    },
    "rotated": false,
    "capInsets": [
      0,
      0,
      0,
      0
    ],
    "vertices": {
      "rawPosition": [
        -453,
        -15.5,
        0,
        453,
        -15.5,
        0,
        -453,
        15.5,
        0,
        453,
        15.5,
        0
      ],
      "indexes": [
        0,
        1,
        2,
        2,
        1,
        3
      ],
      "uv": [
        9,
        31,
        915,
        31,
        9,
        0,
        915,
        0
      ],
      "nuv": [
        0.009836065573770493,
        0,
        1,
        0,
        0.009836065573770493,
        0.9393939393939394,
        1,
        0.9393939393939394
      ],
      "minPos": {
        "x": -453,
        "y": -15.5,
        "z": 0
      },
      "maxPos": {
        "x": 453,
        "y": 15.5,
        "z": 0
      }
    },
    "texture": "f855b0e5-1aa6-4d82-af0a-7a161b1d9aec@6c48a",
    "packable": true,
    "pixelsToUnit": 100,
    "pivot": {
      "x": 0.5,
      "y": 0.5
    },
    "meshType": 0
  }
}