{
  "__type__": "cc.SpriteFrame",
  "content": {
    "name": "m_10603",
    "atlas": "",
    "rect": {
      "x": 1,
      "y": 1,
      "width": 1938,
      "height": 1372
    },
    "offset": {
      "x": -6.5,
      "y": 0.5
    },
    "originalSize": {
      "width": 1953,
      "height": 1375
    },
    "rotated": false,
    "capInsets": [
      0,
      0,
      0,
      0
    ],
    "vertices": {
      "rawPosition": [
        -969,
        -686,
        0,
        969,
        -686,
        0,
        -969,
        686,
        0,
        969,
        686,
        0
      ],
      "indexes": [
        0,
        1,
        2,
        2,
        1,
        3
      ],
      "uv": [
        1,
        1374,
        1939,
        1374,
        1,
        2,
        1939,
        2
      ],
      "nuv": [
        0.0005120327700972862,
        0.0014545454545454545,
        0.992831541218638,
        0.0014545454545454545,
        0.0005120327700972862,
        0.9992727272727273,
        0.992831541218638,
        0.9992727272727273
      ],
      "minPos": {
        "x": -969,
        "y": -686,
        "z": 0
      },
      "maxPos": {
        "x": 969,
        "y": 686,
        "z": 0
      }
    },
    "texture": "f88eaf41-158e-40c7-9ed0-7f146c576f7b@6c48a",
    "packable": true,
    "pixelsToUnit": 100,
    "pivot": {
      "x": 0.5,
      "y": 0.5
    },
    "meshType": 0
  }
}