{
  "__type__": "cc.SpriteFrame",
  "content": {
    "name": "sc001_00009",
    "atlas": "",
    "rect": {
      "x": 15,
      "y": 11,
      "width": 98,
      "height": 106
    },
    "offset": {
      "x": 4,
      "y": -4
    },
    "originalSize": {
      "width": 120,
      "height": 120
    },
    "rotated": false,
    "capInsets": [
      0,
      0,
      0,
      0
    ],
    "vertices": {
      "rawPosition": [
        -49,
        -53,
        0,
        49,
        -53,
        0,
        -49,
        53,
        0,
        49,
        53,
        0
      ],
      "indexes": [
        0,
        1,
        2,
        2,
        1,
        3
      ],
      "uv": [
        15,
        109,
        113,
        109,
        15,
        3,
        113,
        3
      ],
      "nuv": [
        0.125,
        0.025,
        0.9416666666666667,
        0.025,
        0.125,
        0.9083333333333333,
        0.9416666666666667,
        0.9083333333333333
      ],
      "minPos": {
        "x": -49,
        "y": -53,
        "z": 0
      },
      "maxPos": {
        "x": 49,
        "y": 53,
        "z": 0
      }
    },
    "texture": "f8fd37a7-cc24-4c5b-8a45-b4a855da3864@6c48a",
    "packable": true,
    "pixelsToUnit": 100,
    "pivot": {
      "x": 0.5,
      "y": 0.5
    },
    "meshType": 0
  }
}