{
  "__type__": "cc.SpriteFrame",
  "content": {
    "name": "invincible_effect",
    "atlas": "",
    "rect": {
      "x": 1,
      "y": 13,
      "width": 359,
      "height": 1380
    },
    "offset": {
      "x": 0.5,
      "y": 9.5
    },
    "originalSize": {
      "width": 360,
      "height": 1425
    },
    "rotated": false,
    "capInsets": [
      0,
      0,
      0,
      0
    ],
    "vertices": {
      "rawPosition": [
        -179.5,
        -690,
        0,
        179.5,
        -690,
        0,
        -179.5,
        690,
        0,
        179.5,
        690,
        0
      ],
      "indexes": [
        0,
        1,
        2,
        2,
        1,
        3
      ],
      "uv": [
        1,
        1412,
        360,
        1412,
        1,
        32,
        360,
        32
      ],
      "nuv": [
        0.002777777777777778,
        0.02245614035087719,
        1,
        0.02245614035087719,
        0.002777777777777778,
        0.9908771929824561,
        1,
        0.9908771929824561
      ],
      "minPos": {
        "x": -179.5,
        "y": -690,
        "z": 0
      },
      "maxPos": {
        "x": 179.5,
        "y": 690,
        "z": 0
      }
    },
    "texture": "6a064498-b941-439d-bd1d-77157ed06148@6c48a",
    "packable": true,
    "pixelsToUnit": 100,
    "pivot": {
      "x": 0.5,
      "y": 0.5
    },
    "meshType": 0
  }
}