{
  "__type__": "cc.SpriteFrame",
  "content": {
    "name": "guide_emoji_cool",
    "atlas": "",
    "rect": {
      "x": 0,
      "y": 0,
      "width": 228,
      "height": 226
    },
    "offset": {
      "x": -10,
      "y": 2.5
    },
    "originalSize": {
      "width": 248,
      "height": 231
    },
    "rotated": false,
    "capInsets": [
      0,
      0,
      0,
      0
    ],
    "vertices": {
      "rawPosition": [
        -114,
        -113,
        0,
        114,
        -113,
        0,
        -114,
        113,
        0,
        114,
        113,
        0
      ],
      "indexes": [
        0,
        1,
        2,
        2,
        1,
        3
      ],
      "uv": [
        0,
        231,
        228,
        231,
        0,
        5,
        228,
        5
      ],
      "nuv": [
        0,
        0.021645021645021644,
        0.9193548387096774,
        0.021645021645021644,
        0,
        1,
        0.9193548387096774,
        1
      ],
      "minPos": {
        "x": -114,
        "y": -113,
        "z": 0
      },
      "maxPos": {
        "x": 114,
        "y": 113,
        "z": 0
      }
    },
    "texture": "6aaa680b-b057-45f3-a559-2afa01062dd0@6c48a",
    "packable": true,
    "pixelsToUnit": 100,
    "pivot": {
      "x": 0.5,
      "y": 0.5
    },
    "meshType": 0
  }
}