{
  "__type__": "cc.SpriteFrame",
  "content": {
    "name": "m_10001",
    "atlas": "",
    "rect": {
      "x": 1,
      "y": 2,
      "width": 480,
      "height": 1081
    },
    "offset": {
      "x": 0.5,
      "y": -0.5
    },
    "originalSize": {
      "width": 481,
      "height": 1084
    },
    "rotated": false,
    "capInsets": [
      0,
      0,
      0,
      0
    ],
    "vertices": {
      "rawPosition": [
        -240,
        -540.5,
        0,
        240,
        -540.5,
        0,
        -240,
        540.5,
        0,
        240,
        540.5,
        0
      ],
      "indexes": [
        0,
        1,
        2,
        2,
        1,
        3
      ],
      "uv": [
        1,
        1082,
        481,
        1082,
        1,
        1,
        481,
        1
      ],
      "nuv": [
        0.002079002079002079,
        0.0009225092250922509,
        1,
        0.0009225092250922509,
        0.002079002079002079,
        0.9981549815498155,
        1,
        0.9981549815498155
      ],
      "minPos": {
        "x": -240,
        "y": -540.5,
        "z": 0
      },
      "maxPos": {
        "x": 240,
        "y": 540.5,
        "z": 0
      }
    },
    "texture": "6ab312ae-96a9-427d-88b0-07d0d3be24d5@6c48a",
    "packable": true,
    "pixelsToUnit": 100,
    "pivot": {
      "x": 0.5,
      "y": 0.5
    },
    "meshType": 0
  }
}