{
  "__type__": "cc.SpriteFrame",
  "content": {
    "name": "m_21020_move",
    "atlas": "",
    "rect": {
      "x": 4,
      "y": 16,
      "width": 1908,
      "height": 481
    },
    "offset": {
      "x": -1,
      "y": -4.5
    },
    "originalSize": {
      "width": 1918,
      "height": 504
    },
    "rotated": false,
    "capInsets": [
      0,
      0,
      0,
      0
    ],
    "vertices": {
      "rawPosition": [
        -954,
        -240.5,
        0,
        954,
        -240.5,
        0,
        -954,
        240.5,
        0,
        954,
        240.5,
        0
      ],
      "indexes": [
        0,
        1,
        2,
        2,
        1,
        3
      ],
      "uv": [
        4,
        488,
        1912,
        488,
        4,
        7,
        1912,
        7
      ],
      "nuv": [
        0.0020855057351407717,
        0.013888888888888888,
        0.9968717413972888,
        0.013888888888888888,
        0.0020855057351407717,
        0.9682539682539683,
        0.9968717413972888,
        0.9682539682539683
      ],
      "minPos": {
        "x": -954,
        "y": -240.5,
        "z": 0
      },
      "maxPos": {
        "x": 954,
        "y": 240.5,
        "z": 0
      }
    },
    "texture": "6abe0dfb-3c22-4301-93f8-3e004a65c571@6c48a",
    "packable": true,
    "pixelsToUnit": 100,
    "pivot": {
      "x": 0.5,
      "y": 0.5
    },
    "meshType": 0
  }
}