{
  "__type__": "cc.SpriteFrame",
  "content": {
    "name": "hero_4503",
    "atlas": "",
    "rect": {
      "x": 14,
      "y": 6,
      "width": 137,
      "height": 136
    },
    "offset": {
      "x": 2.5,
      "y": 6
    },
    "originalSize": {
      "width": 160,
      "height": 160
    },
    "rotated": false,
    "capInsets": [
      0,
      0,
      0,
      0
    ],
    "vertices": {
      "rawPosition": [
        -68.5,
        -68,
        0,
        68.5,
        -68,
        0,
        -68.5,
        68,
        0,
        68.5,
        68,
        0
      ],
      "indexes": [
        0,
        1,
        2,
        2,
        1,
        3
      ],
      "uv": [
        14,
        154,
        151,
        154,
        14,
        18,
        151,
        18
      ],
      "nuv": [
        0.0875,
        0.1125,
        0.94375,
        0.1125,
        0.0875,
        0.9625,
        0.94375,
        0.9625
      ],
      "minPos": {
        "x": -68.5,
        "y": -68,
        "z": 0
      },
      "maxPos": {
        "x": 68.5,
        "y": 68,
        "z": 0
      }
    },
    "texture": "6aeb4771-313d-436c-8589-3cfa32a9ebf8@6c48a",
    "packable": true,
    "pixelsToUnit": 100,
    "pivot": {
      "x": 0.5,
      "y": 0.5
    },
    "meshType": 0
  }
}