{
  "__type__": "cc.SpriteFrame",
  "content": {
    "name": "vipBtn_1_1",
    "atlas": "",
    "rect": {
      "x": 0,
      "y": 10,
      "width": 223,
      "height": 64
    },
    "offset": {
      "x": 0,
      "y": -5
    },
    "originalSize": {
      "width": 223,
      "height": 74
    },
    "rotated": false,
    "capInsets": [
      0,
      0,
      0,
      0
    ],
    "vertices": {
      "rawPosition": [
        -111.5,
        -32,
        0,
        111.5,
        -32,
        0,
        -111.5,
        32,
        0,
        111.5,
        32,
        0
      ],
      "indexes": [
        0,
        1,
        2,
        2,
        1,
        3
      ],
      "uv": [
        0,
        64,
        223,
        64,
        0,
        0,
        223,
        0
      ],
      "nuv": [
        0,
        0,
        1,
        0,
        0,
        0.8648648648648649,
        1,
        0.8648648648648649
      ],
      "minPos": {
        "x": -111.5,
        "y": -32,
        "z": 0
      },
      "maxPos": {
        "x": 111.5,
        "y": 32,
        "z": 0
      }
    },
    "texture": "2f50b208-3764-49ae-b5b1-58814a8c0f44@6c48a",
    "packable": true,
    "pixelsToUnit": 100,
    "pivot": {
      "x": 0.5,
      "y": 0.5
    },
    "meshType": 0
  }
}