{
  "__type__": "cc.SpriteFrame",
  "content": {
    "name": "myNo3",
    "atlas": "",
    "rect": {
      "x": 10,
      "y": 6,
      "width": 75,
      "height": 50
    },
    "offset": {
      "x": 1,
      "y": -0.5
    },
    "originalSize": {
      "width": 93,
      "height": 61
    },
    "rotated": false,
    "capInsets": [
      0,
      0,
      0,
      0
    ],
    "vertices": {
      "rawPosition": [
        -37.5,
        -25,
        0,
        37.5,
        -25,
        0,
        -37.5,
        25,
        0,
        37.5,
        25,
        0
      ],
      "indexes": [
        0,
        1,
        2,
        2,
        1,
        3
      ],
      "uv": [
        10,
        55,
        85,
        55,
        10,
        5,
        85,
        5
      ],
      "nuv": [
        0.10752688172043011,
        0.08196721311475409,
        0.9139784946236559,
        0.08196721311475409,
        0.10752688172043011,
        0.9016393442622951,
        0.9139784946236559,
        0.9016393442622951
      ],
      "minPos": {
        "x": -37.5,
        "y": -25,
        "z": 0
      },
      "maxPos": {
        "x": 37.5,
        "y": 25,
        "z": 0
      }
    },
    "texture": "322279ce-da79-4bfc-8443-f6f7457abf05@6c48a",
    "packable": true,
    "pixelsToUnit": 100,
    "pivot": {
      "x": 0.5,
      "y": 0.5
    },
    "meshType": 0
  }
}