{
  "__type__": "cc.SpriteFrame",
  "content": {
    "name": "jingYing112",
    "atlas": "",
    "rect": {
      "x": 18,
      "y": 61,
      "width": 285,
      "height": 253
    },
    "offset": {
      "x": 0.5,
      "y": -27.5
    },
    "originalSize": {
      "width": 320,
      "height": 320
    },
    "rotated": false,
    "capInsets": [
      0,
      0,
      0,
      0
    ],
    "vertices": {
      "rawPosition": [
        -142.5,
        -126.5,
        0,
        142.5,
        -126.5,
        0,
        -142.5,
        126.5,
        0,
        142.5,
        126.5,
        0
      ],
      "indexes": [
        0,
        1,
        2,
        2,
        1,
        3
      ],
      "uv": [
        18,
        259,
        303,
        259,
        18,
        6,
        303,
        6
      ],
      "nuv": [
        0.05625,
        0.01875,
        0.946875,
        0.01875,
        0.05625,
        0.809375,
        0.946875,
        0.809375
      ],
      "minPos": {
        "x": -142.5,
        "y": -126.5,
        "z": 0
      },
      "maxPos": {
        "x": 142.5,
        "y": 126.5,
        "z": 0
      }
    },
    "texture": "32355ea3-f376-4715-b401-c2763ba3244f@6c48a",
    "packable": true,
    "pixelsToUnit": 100,
    "pivot": {
      "x": 0.5,
      "y": 0.5
    },
    "meshType": 0
  }
}