{
  "__type__": "cc.SpriteFrame",
  "content": {
    "name": "round",
    "atlas": "",
    "rect": {
      "x": 0,
      "y": 2,
      "width": 256,
      "height": 253
    },
    "offset": {
      "x": 0,
      "y": -0.5
    },
    "originalSize": {
      "width": 256,
      "height": 256
    },
    "rotated": false,
    "capInsets": [
      0,
      0,
      0,
      0
    ],
    "vertices": {
      "rawPosition": [
        -128,
        -126.5,
        0,
        128,
        -126.5,
        0,
        -128,
        126.5,
        0,
        128,
        126.5,
        0
      ],
      "indexes": [
        0,
        1,
        2,
        2,
        1,
        3
      ],
      "uv": [
        0,
        254,
        256,
        254,
        0,
        1,
        256,
        1
      ],
      "nuv": [
        0,
        0.00390625,
        1,
        0.00390625,
        0,
        0.9921875,
        1,
        0.9921875
      ],
      "minPos": {
        "x": -128,
        "y": -126.5,
        "z": 0
      },
      "maxPos": {
        "x": 128,
        "y": 126.5,
        "z": 0
      }
    },
    "texture": "329348fa-8862-4fda-91f4-8c7a2ed04a60@6c48a",
    "packable": true,
    "pixelsToUnit": 100,
    "pivot": {
      "x": 0.5,
      "y": 0.5
    },
    "meshType": 0
  }
}