{
  "__type__": "cc.SpriteFrame",
  "content": {
    "name": "m_10302",
    "atlas": "",
    "rect": {
      "x": 1,
      "y": 0,
      "width": 965,
      "height": 743
    },
    "offset": {
      "x": 0.5,
      "y": 24.5
    },
    "originalSize": {
      "width": 966,
      "height": 792
    },
    "rotated": false,
    "capInsets": [
      0,
      0,
      0,
      0
    ],
    "vertices": {
      "rawPosition": [
        -482.5,
        -371.5,
        0,
        482.5,
        -371.5,
        0,
        -482.5,
        371.5,
        0,
        482.5,
        371.5,
        0
      ],
      "indexes": [
        0,
        1,
        2,
        2,
        1,
        3
      ],
      "uv": [
        1,
        792,
        966,
        792,
        1,
        49,
        966,
        49
      ],
      "nuv": [
        0.0010351966873706005,
        0.06186868686868687,
        1,
        0.06186868686868687,
        0.0010351966873706005,
        1,
        1,
        1
      ],
      "minPos": {
        "x": -482.5,
        "y": -371.5,
        "z": 0
      },
      "maxPos": {
        "x": 482.5,
        "y": 371.5,
        "z": 0
      }
    },
    "texture": "32d01583-8bef-4876-87cb-d287cbd4264c@6c48a",
    "packable": true,
    "pixelsToUnit": 100,
    "pivot": {
      "x": 0.5,
      "y": 0.5
    },
    "meshType": 0
  }
}