{
  "__type__": "cc.SpriteFrame",
  "content": {
    "name": "jingYing01",
    "atlas": "",
    "rect": {
      "x": 33,
      "y": 44,
      "width": 255,
      "height": 257
    },
    "offset": {
      "x": 0.5,
      "y": -12.5
    },
    "originalSize": {
      "width": 320,
      "height": 320
    },
    "rotated": false,
    "capInsets": [
      0,
      0,
      0,
      0
    ],
    "vertices": {
      "rawPosition": [
        -127.5,
        -128.5,
        0,
        127.5,
        -128.5,
        0,
        -127.5,
        128.5,
        0,
        127.5,
        128.5,
        0
      ],
      "indexes": [
        0,
        1,
        2,
        2,
        1,
        3
      ],
      "uv": [
        33,
        276,
        288,
        276,
        33,
        19,
        288,
        19
      ],
      "nuv": [
        0.103125,
        0.059375,
        0.9,
        0.059375,
        0.103125,
        0.8625,
        0.9,
        0.8625
      ],
      "minPos": {
        "x": -127.5,
        "y": -128.5,
        "z": 0
      },
      "maxPos": {
        "x": 127.5,
        "y": 128.5,
        "z": 0
      }
    },
    "texture": "32f3acce-2c46-4271-a3f1-9639f09a5b20@6c48a",
    "packable": true,
    "pixelsToUnit": 100,
    "pivot": {
      "x": 0.5,
      "y": 0.5
    },
    "meshType": 0
  }
}