{
  "__type__": "cc.SpriteFrame",
  "content": {
    "name": "btn_TuJian02",
    "atlas": "",
    "rect": {
      "x": 0,
      "y": 6,
      "width": 58,
      "height": 45
    },
    "offset": {
      "x": 0,
      "y": 0
    },
    "originalSize": {
      "width": 58,
      "height": 57
    },
    "rotated": false,
    "capInsets": [
      0,
      0,
      0,
      0
    ],
    "vertices": {
      "rawPosition": [
        -29,
        -22.5,
        0,
        29,
        -22.5,
        0,
        -29,
        22.5,
        0,
        29,
        22.5,
        0
      ],
      "indexes": [
        0,
        1,
        2,
        2,
        1,
        3
      ],
      "uv": [
        0,
        51,
        58,
        51,
        0,
        6,
        58,
        6
      ],
      "nuv": [
        0,
        0.10526315789473684,
        1,
        0.10526315789473684,
        0,
        0.8947368421052632,
        1,
        0.8947368421052632
      ],
      "minPos": {
        "x": -29,
        "y": -22.5,
        "z": 0
      },
      "maxPos": {
        "x": 29,
        "y": 22.5,
        "z": 0
      }
    },
    "texture": "a52d613e-9bc7-4038-b285-1eae3cc745e1@6c48a",
    "packable": true,
    "pixelsToUnit": 100,
    "pivot": {
      "x": 0.5,
      "y": 0.5
    },
    "meshType": 0
  }
}