{
  "__type__": "cc.SpriteFrame",
  "content": {
    "name": "hero_3202_behit_1",
    "atlas": "",
    "rect": {
      "x": 14,
      "y": 26,
      "width": 421,
      "height": 1106
    },
    "offset": {
      "x": -0.5,
      "y": 21
    },
    "originalSize": {
      "width": 450,
      "height": 1200
    },
    "rotated": false,
    "capInsets": [
      0,
      0,
      0,
      0
    ],
    "vertices": {
      "rawPosition": [
        -210.5,
        -553,
        0,
        210.5,
        -553,
        0,
        -210.5,
        553,
        0,
        210.5,
        553,
        0
      ],
      "indexes": [
        0,
        1,
        2,
        2,
        1,
        3
      ],
      "uv": [
        14,
        1174,
        435,
        1174,
        14,
        68,
        435,
        68
      ],
      "nuv": [
        0.03111111111111111,
        0.056666666666666664,
        0.9666666666666667,
        0.056666666666666664,
        0.03111111111111111,
        0.9783333333333334,
        0.9666666666666667,
        0.9783333333333334
      ],
      "minPos": {
        "x": -210.5,
        "y": -553,
        "z": 0
      },
      "maxPos": {
        "x": 210.5,
        "y": 553,
        "z": 0
      }
    },
    "texture": "463bca46-a277-481c-a244-61aef41aeef3@6c48a",
    "packable": true,
    "pixelsToUnit": 100,
    "pivot": {
      "x": 0.5,
      "y": 0.5
    },
    "meshType": 0
  }
}