{
  "__type__": "cc.SpriteFrame",
  "content": {
    "name": "m_31003_behit",
    "atlas": "",
    "rect": {
      "x": 39,
      "y": 61,
      "width": 321,
      "height": 1482
    },
    "offset": {
      "x": -0.5,
      "y": -2
    },
    "originalSize": {
      "width": 400,
      "height": 1600
    },
    "rotated": false,
    "capInsets": [
      0,
      0,
      0,
      0
    ],
    "vertices": {
      "rawPosition": [
        -160.5,
        -741,
        0,
        160.5,
        -741,
        0,
        -160.5,
        741,
        0,
        160.5,
        741,
        0
      ],
      "indexes": [
        0,
        1,
        2,
        2,
        1,
        3
      ],
      "uv": [
        39,
        1539,
        360,
        1539,
        39,
        57,
        360,
        57
      ],
      "nuv": [
        0.0975,
        0.035625,
        0.9,
        0.035625,
        0.0975,
        0.961875,
        0.9,
        0.961875
      ],
      "minPos": {
        "x": -160.5,
        "y": -741,
        "z": 0
      },
      "maxPos": {
        "x": 160.5,
        "y": 741,
        "z": 0
      }
    },
    "texture": "466673de-dbb3-4277-a1e3-f250cc2df544@6c48a",
    "packable": true,
    "pixelsToUnit": 100,
    "pivot": {
      "x": 0.5,
      "y": 0.5
    },
    "meshType": 0
  }
}