{
  "__type__": "cc.SpriteFrame",
  "content": {
    "name": "m_common_behit",
    "atlas": "",
    "rect": {
      "x": 87,
      "y": 68,
      "width": 634,
      "height": 45
    },
    "offset": {
      "x": 2,
      "y": 10
    },
    "originalSize": {
      "width": 804,
      "height": 201
    },
    "rotated": false,
    "capInsets": [
      0,
      0,
      0,
      0
    ],
    "vertices": {
      "rawPosition": [
        -317,
        -22.5,
        0,
        317,
        -22.5,
        0,
        -317,
        22.5,
        0,
        317,
        22.5,
        0
      ],
      "indexes": [
        0,
        1,
        2,
        2,
        1,
        3
      ],
      "uv": [
        87,
        133,
        721,
        133,
        87,
        88,
        721,
        88
      ],
      "nuv": [
        0.10820895522388059,
        0.43781094527363185,
        0.8967661691542289,
        0.43781094527363185,
        0.10820895522388059,
        0.6616915422885572,
        0.8967661691542289,
        0.6616915422885572
      ],
      "minPos": {
        "x": -317,
        "y": -22.5,
        "z": 0
      },
      "maxPos": {
        "x": 317,
        "y": 22.5,
        "z": 0
      }
    },
    "texture": "e1534f25-f71e-46e1-8196-2cb8b496ad28@6c48a",
    "packable": true,
    "pixelsToUnit": 100,
    "pivot": {
      "x": 0.5,
      "y": 0.5
    },
    "meshType": 0
  }
}