{
  "__type__": "cc.SpriteFrame",
  "content": {
    "name": "hero_2301_behit_1",
    "atlas": "",
    "rect": {
      "x": 35,
      "y": 36,
      "width": 1370,
      "height": 993
    },
    "offset": {
      "x": 0,
      "y": 3
    },
    "originalSize": {
      "width": 1440,
      "height": 1071
    },
    "rotated": false,
    "capInsets": [
      0,
      0,
      0,
      0
    ],
    "vertices": {
      "rawPosition": [
        -685,
        -496.5,
        0,
        685,
        -496.5,
        0,
        -685,
        496.5,
        0,
        685,
        496.5,
        0
      ],
      "indexes": [
        0,
        1,
        2,
        2,
        1,
        3
      ],
      "uv": [
        35,
        1035,
        1405,
        1035,
        35,
        42,
        1405,
        42
      ],
      "nuv": [
        0.024305555555555556,
        0.0392156862745098,
        0.9756944444444444,
        0.0392156862745098,
        0.024305555555555556,
        0.9663865546218487,
        0.9756944444444444,
        0.9663865546218487
      ],
      "minPos": {
        "x": -685,
        "y": -496.5,
        "z": 0
      },
      "maxPos": {
        "x": 685,
        "y": 496.5,
        "z": 0
      }
    },
    "texture": "e17d9508-f1ea-4837-8155-8c21dfed5ee2@6c48a",
    "packable": true,
    "pixelsToUnit": 100,
    "pivot": {
      "x": 0.5,
      "y": 0.5
    },
    "meshType": 0
  }
}