{
  "__type__": "cc.SpriteFrame",
  "content": {
    "name": "m_21007_bullet",
    "atlas": "",
    "rect": {
      "x": 0,
      "y": 4,
      "width": 1790,
      "height": 109
    },
    "offset": {
      "x": -5,
      "y": 1.5
    },
    "originalSize": {
      "width": 1800,
      "height": 120
    },
    "rotated": false,
    "capInsets": [
      0,
      0,
      0,
      0
    ],
    "vertices": {
      "rawPosition": [
        -895,
        -54.5,
        0,
        895,
        -54.5,
        0,
        -895,
        54.5,
        0,
        895,
        54.5,
        0
      ],
      "indexes": [
        0,
        1,
        2,
        2,
        1,
        3
      ],
      "uv": [
        0,
        116,
        1790,
        116,
        0,
        7,
        1790,
        7
      ],
      "nuv": [
        0,
        0.058333333333333334,
        0.9944444444444445,
        0.058333333333333334,
        0,
        0.9666666666666667,
        0.9944444444444445,
        0.9666666666666667
      ],
      "minPos": {
        "x": -895,
        "y": -54.5,
        "z": 0
      },
      "maxPos": {
        "x": 895,
        "y": 54.5,
        "z": 0
      }
    },
    "texture": "e1a8fbd4-5adc-4cba-86e9-0a7782138242@6c48a",
    "packable": true,
    "pixelsToUnit": 100,
    "pivot": {
      "x": 0.5,
      "y": 0.5
    },
    "meshType": 0
  }
}