{
  "__type__": "cc.SpriteFrame",
  "content": {
    "name": "m_10203",
    "atlas": "",
    "rect": {
      "x": 1,
      "y": 0,
      "width": 1005,
      "height": 816
    },
    "offset": {
      "x": -2,
      "y": 26
    },
    "originalSize": {
      "width": 1011,
      "height": 868
    },
    "rotated": false,
    "capInsets": [
      0,
      0,
      0,
      0
    ],
    "vertices": {
      "rawPosition": [
        -502.5,
        -408,
        0,
        502.5,
        -408,
        0,
        -502.5,
        408,
        0,
        502.5,
        408,
        0
      ],
      "indexes": [
        0,
        1,
        2,
        2,
        1,
        3
      ],
      "uv": [
        1,
        868,
        1006,
        868,
        1,
        52,
        1006,
        52
      ],
      "nuv": [
        0.0009891196834817012,
        0.059907834101382486,
        0.9950544015825915,
        0.059907834101382486,
        0.0009891196834817012,
        1,
        0.9950544015825915,
        1
      ],
      "minPos": {
        "x": -502.5,
        "y": -408,
        "z": 0
      },
      "maxPos": {
        "x": 502.5,
        "y": 408,
        "z": 0
      }
    },
    "texture": "52313f47-951d-457f-87c6-dc151c4ea888@6c48a",
    "packable": true,
    "pixelsToUnit": 100,
    "pivot": {
      "x": 0.5,
      "y": 0.5
    },
    "meshType": 0
  }
}