{
  "__type__": "cc.SpriteFrame",
  "content": {
    "name": "m_21013",
    "atlas": "",
    "rect": {
      "x": 1,
      "y": 2,
      "width": 1888,
      "height": 1023
    },
    "offset": {
      "x": -4,
      "y": 9.5
    },
    "originalSize": {
      "width": 1898,
      "height": 1046
    },
    "rotated": false,
    "capInsets": [
      0,
      0,
      0,
      0
    ],
    "vertices": {
      "rawPosition": [
        -944,
        -511.5,
        0,
        944,
        -511.5,
        0,
        -944,
        511.5,
        0,
        944,
        511.5,
        0
      ],
      "indexes": [
        0,
        1,
        2,
        2,
        1,
        3
      ],
      "uv": [
        1,
        1044,
        1889,
        1044,
        1,
        21,
        1889,
        21
      ],
      "nuv": [
        0.0005268703898840885,
        0.020076481835564052,
        0.9952581664910432,
        0.020076481835564052,
        0.0005268703898840885,
        0.9980879541108987,
        0.9952581664910432,
        0.9980879541108987
      ],
      "minPos": {
        "x": -944,
        "y": -511.5,
        "z": 0
      },
      "maxPos": {
        "x": 944,
        "y": 511.5,
        "z": 0
      }
    },
    "texture": "52ae4ee3-237f-43f7-9c4a-8e5eb2273ea2@6c48a",
    "packable": true,
    "pixelsToUnit": 100,
    "pivot": {
      "x": 0.5,
      "y": 0.5
    },
    "meshType": 0
  }
}