{
  "__type__": "cc.SpriteFrame",
  "content": {
    "name": "tower_hero_030",
    "atlas": "",
    "rect": {
      "x": 2,
      "y": 2,
      "width": 251,
      "height": 252
    },
    "offset": {
      "x": -0.5,
      "y": 0
    },
    "originalSize": {
      "width": 256,
      "height": 256
    },
    "rotated": false,
    "capInsets": [
      0,
      0,
      0,
      0
    ],
    "vertices": {
      "rawPosition": [
        -125.5,
        -126,
        0,
        125.5,
        -126,
        0,
        -125.5,
        126,
        0,
        125.5,
        126,
        0
      ],
      "indexes": [
        0,
        1,
        2,
        2,
        1,
        3
      ],
      "uv": [
        2,
        254,
        253,
        254,
        2,
        2,
        253,
        2
      ],
      "nuv": [
        0.0078125,
        0.0078125,
        0.98828125,
        0.0078125,
        0.0078125,
        0.9921875,
        0.98828125,
        0.9921875
      ],
      "minPos": {
        "x": -125.5,
        "y": -126,
        "z": 0
      },
      "maxPos": {
        "x": 125.5,
        "y": 126,
        "z": 0
      }
    },
    "texture": "cc5c1b71-3eee-475f-a59c-924befd56dab@6c48a",
    "packable": true,
    "pixelsToUnit": 100,
    "pivot": {
      "x": 0.5,
      "y": 0.5
    },
    "meshType": 0
  }
}