{
  "__type__": "cc.SpriteFrame",
  "content": {
    "name": "sc001_00021",
    "atlas": "",
    "rect": {
      "x": 60,
      "y": 34,
      "width": 42,
      "height": 83
    },
    "offset": {
      "x": 21,
      "y": -15.5
    },
    "originalSize": {
      "width": 120,
      "height": 120
    },
    "rotated": false,
    "capInsets": [
      0,
      0,
      0,
      0
    ],
    "vertices": {
      "rawPosition": [
        -21,
        -41.5,
        0,
        21,
        -41.5,
        0,
        -21,
        41.5,
        0,
        21,
        41.5,
        0
      ],
      "indexes": [
        0,
        1,
        2,
        2,
        1,
        3
      ],
      "uv": [
        60,
        86,
        102,
        86,
        60,
        3,
        102,
        3
      ],
      "nuv": [
        0.5,
        0.025,
        0.85,
        0.025,
        0.5,
        0.7166666666666667,
        0.85,
        0.7166666666666667
      ],
      "minPos": {
        "x": -21,
        "y": -41.5,
        "z": 0
      },
      "maxPos": {
        "x": 21,
        "y": 41.5,
        "z": 0
      }
    },
    "texture": "cc6e9da2-0004-4550-8fd3-5cf3ef4dc76e@6c48a",
    "packable": true,
    "pixelsToUnit": 100,
    "pivot": {
      "x": 0.5,
      "y": 0.5
    },
    "meshType": 0
  }
}