{
  "__type__": "cc.SpriteFrame",
  "content": {
    "name": "m_32001",
    "atlas": "",
    "rect": {
      "x": 0,
      "y": 13,
      "width": 511,
      "height": 497
    },
    "offset": {
      "x": -0.5,
      "y": -5.5
    },
    "originalSize": {
      "width": 512,
      "height": 512
    },
    "rotated": false,
    "capInsets": [
      0,
      0,
      0,
      0
    ],
    "vertices": {
      "rawPosition": [
        -255.5,
        -248.5,
        0,
        255.5,
        -248.5,
        0,
        -255.5,
        248.5,
        0,
        255.5,
        248.5,
        0
      ],
      "indexes": [
        0,
        1,
        2,
        2,
        1,
        3
      ],
      "uv": [
        0,
        499,
        511,
        499,
        0,
        2,
        511,
        2
      ],
      "nuv": [
        0,
        0.00390625,
        0.998046875,
        0.00390625,
        0,
        0.974609375,
        0.998046875,
        0.974609375
      ],
      "minPos": {
        "x": -255.5,
        "y": -248.5,
        "z": 0
      },
      "maxPos": {
        "x": 255.5,
        "y": 248.5,
        "z": 0
      }
    },
    "texture": "cc7eea4e-4608-411f-be7b-86e6b76f6f57@6c48a",
    "packable": true,
    "pixelsToUnit": 100,
    "pivot": {
      "x": 0.5,
      "y": 0.5
    },
    "meshType": 0
  }
}