{
  "__type__": "cc.SpriteFrame",
  "content": {
    "name": "tower_hero_033",
    "atlas": "",
    "rect": {
      "x": 0,
      "y": 1,
      "width": 255,
      "height": 254
    },
    "offset": {
      "x": -0.5,
      "y": 0
    },
    "originalSize": {
      "width": 256,
      "height": 256
    },
    "rotated": false,
    "capInsets": [
      0,
      0,
      0,
      0
    ],
    "vertices": {
      "rawPosition": [
        -127.5,
        -127,
        0,
        127.5,
        -127,
        0,
        -127.5,
        127,
        0,
        127.5,
        127,
        0
      ],
      "indexes": [
        0,
        1,
        2,
        2,
        1,
        3
      ],
      "uv": [
        0,
        255,
        255,
        255,
        0,
        1,
        255,
        1
      ],
      "nuv": [
        0,
        0.00390625,
        0.99609375,
        0.00390625,
        0,
        0.99609375,
        0.99609375,
        0.99609375
      ],
      "minPos": {
        "x": -127.5,
        "y": -127,
        "z": 0
      },
      "maxPos": {
        "x": 127.5,
        "y": 127,
        "z": 0
      }
    },
    "texture": "ccecb637-e764-4cd1-b41a-a2cda86e98ea@6c48a",
    "packable": true,
    "pixelsToUnit": 100,
    "pivot": {
      "x": 0.5,
      "y": 0.5
    },
    "meshType": 0
  }
}