{
  "__type__": "cc.SpriteFrame",
  "content": {
    "name": "keQiDong",
    "atlas": "",
    "rect": {
      "x": 0,
      "y": 1,
      "width": 80,
      "height": 83
    },
    "offset": {
      "x": 0,
      "y": 0
    },
    "originalSize": {
      "width": 80,
      "height": 85
    },
    "rotated": false,
    "capInsets": [
      0,
      0,
      0,
      0
    ],
    "vertices": {
      "rawPosition": [
        -40,
        -41.5,
        0,
        40,
        -41.5,
        0,
        -40,
        41.5,
        0,
        40,
        41.5,
        0
      ],
      "indexes": [
        0,
        1,
        2,
        2,
        1,
        3
      ],
      "uv": [
        0,
        84,
        80,
        84,
        0,
        1,
        80,
        1
      ],
      "nuv": [
        0,
        0.011764705882352941,
        1,
        0.011764705882352941,
        0,
        0.9882352941176471,
        1,
        0.9882352941176471
      ],
      "minPos": {
        "x": -40,
        "y": -41.5,
        "z": 0
      },
      "maxPos": {
        "x": 40,
        "y": 41.5,
        "z": 0
      }
    },
    "texture": "28afe455-3990-43ca-8dda-183eacb51de7@6c48a",
    "packable": true,
    "pixelsToUnit": 100,
    "pivot": {
      "x": 0.5,
      "y": 0.5
    },
    "meshType": 0
  }
}