{
  "__type__": "cc.SpriteFrame",
  "content": {
    "name": "mail",
    "atlas": "",
    "rect": {
      "x": 0,
      "y": 0,
      "width": 61,
      "height": 55
    },
    "offset": {
      "x": 0,
      "y": 0.5
    },
    "originalSize": {
      "width": 61,
      "height": 56
    },
    "rotated": false,
    "capInsets": [
      0,
      0,
      0,
      0
    ],
    "vertices": {
      "rawPosition": [
        -30.5,
        -27.5,
        0,
        30.5,
        -27.5,
        0,
        -30.5,
        27.5,
        0,
        30.5,
        27.5,
        0
      ],
      "indexes": [
        0,
        1,
        2,
        2,
        1,
        3
      ],
      "uv": [
        0,
        56,
        61,
        56,
        0,
        1,
        61,
        1
      ],
      "nuv": [
        0,
        0.017857142857142856,
        1,
        0.017857142857142856,
        0,
        1,
        1,
        1
      ],
      "minPos": {
        "x": -30.5,
        "y": -27.5,
        "z": 0
      },
      "maxPos": {
        "x": 30.5,
        "y": 27.5,
        "z": 0
      }
    },
    "texture": "28c28528-6d9e-44f5-b5b5-1d08762b2944@6c48a",
    "packable": true,
    "pixelsToUnit": 100,
    "pivot": {
      "x": 0.5,
      "y": 0.5
    },
    "meshType": 0
  }
}