{
  "__type__": "cc.SpriteFrame",
  "content": {
    "name": "revive_effect",
    "atlas": "",
    "rect": {
      "x": 2,
      "y": 2,
      "width": 987,
      "height": 508
    },
    "offset": {
      "x": -16.5,
      "y": 0
    },
    "originalSize": {
      "width": 1024,
      "height": 512
    },
    "rotated": false,
    "capInsets": [
      0,
      0,
      0,
      0
    ],
    "vertices": {
      "rawPosition": [
        -493.5,
        -254,
        0,
        493.5,
        -254,
        0,
        -493.5,
        254,
        0,
        493.5,
        254,
        0
      ],
      "indexes": [
        0,
        1,
        2,
        2,
        1,
        3
      ],
      "uv": [
        2,
        510,
        989,
        510,
        2,
        2,
        989,
        2
      ],
      "nuv": [
        0.001953125,
        0.00390625,
        0.9658203125,
        0.00390625,
        0.001953125,
        0.99609375,
        0.9658203125,
        0.99609375
      ],
      "minPos": {
        "x": -493.5,
        "y": -254,
        "z": 0
      },
      "maxPos": {
        "x": 493.5,
        "y": 254,
        "z": 0
      }
    },
    "texture": "7f9e9ea3-fd80-4968-8a6a-d020724c5bd5@6c48a",
    "packable": true,
    "pixelsToUnit": 100,
    "pivot": {
      "x": 0.5,
      "y": 0.5
    },
    "meshType": 0
  }
}