{
  "__type__": "cc.SpriteFrame",
  "content": {
    "name": "hero_3202_bullet_2",
    "atlas": "",
    "rect": {
      "x": 11,
      "y": 38,
      "width": 437,
      "height": 674
    },
    "offset": {
      "x": 4.5,
      "y": 0
    },
    "originalSize": {
      "width": 450,
      "height": 750
    },
    "rotated": false,
    "capInsets": [
      0,
      0,
      0,
      0
    ],
    "vertices": {
      "rawPosition": [
        -218.5,
        -337,
        0,
        218.5,
        -337,
        0,
        -218.5,
        337,
        0,
        218.5,
        337,
        0
      ],
      "indexes": [
        0,
        1,
        2,
        2,
        1,
        3
      ],
      "uv": [
        11,
        712,
        448,
        712,
        11,
        38,
        448,
        38
      ],
      "nuv": [
        0.024444444444444446,
        0.050666666666666665,
        0.9955555555555555,
        0.050666666666666665,
        0.024444444444444446,
        0.9493333333333334,
        0.9955555555555555,
        0.9493333333333334
      ],
      "minPos": {
        "x": -218.5,
        "y": -337,
        "z": 0
      },
      "maxPos": {
        "x": 218.5,
        "y": 337,
        "z": 0
      }
    },
    "texture": "fd9f3397-0da8-41f7-afaf-0168aa5cbdf1@6c48a",
    "packable": true,
    "pixelsToUnit": 100,
    "pivot": {
      "x": 0.5,
      "y": 0.5
    },
    "meshType": 0
  }
}