{
  "__type__": "cc.SpriteFrame",
  "content": {
    "name": "hero_4303",
    "atlas": "",
    "rect": {
      "x": 1,
      "y": 14,
      "width": 156,
      "height": 126
    },
    "offset": {
      "x": -1,
      "y": 3
    },
    "originalSize": {
      "width": 160,
      "height": 160
    },
    "rotated": false,
    "capInsets": [
      0,
      0,
      0,
      0
    ],
    "vertices": {
      "rawPosition": [
        -78,
        -63,
        0,
        78,
        -63,
        0,
        -78,
        63,
        0,
        78,
        63,
        0
      ],
      "indexes": [
        0,
        1,
        2,
        2,
        1,
        3
      ],
      "uv": [
        1,
        146,
        157,
        146,
        1,
        20,
        157,
        20
      ],
      "nuv": [
        0.00625,
        0.125,
        0.98125,
        0.125,
        0.00625,
        0.9125,
        0.98125,
        0.9125
      ],
      "minPos": {
        "x": -78,
        "y": -63,
        "z": 0
      },
      "maxPos": {
        "x": 78,
        "y": 63,
        "z": 0
      }
    },
    "texture": "85676ae2-837e-4bdd-ae78-db326d6df887@6c48a",
    "packable": true,
    "pixelsToUnit": 100,
    "pivot": {
      "x": 0.5,
      "y": 0.5
    },
    "meshType": 0
  }
}