{
  "__type__": "cc.SpriteFrame",
  "content": {
    "name": "m_10102",
    "atlas": "",
    "rect": {
      "x": 0,
      "y": 2,
      "width": 462,
      "height": 982
    },
    "offset": {
      "x": -6,
      "y": 7
    },
    "originalSize": {
      "width": 474,
      "height": 1000
    },
    "rotated": false,
    "capInsets": [
      0,
      0,
      0,
      0
    ],
    "vertices": {
      "rawPosition": [
        -231,
        -491,
        0,
        231,
        -491,
        0,
        -231,
        491,
        0,
        231,
        491,
        0
      ],
      "indexes": [
        0,
        1,
        2,
        2,
        1,
        3
      ],
      "uv": [
        0,
        998,
        462,
        998,
        0,
        16,
        462,
        16
      ],
      "nuv": [
        0,
        0.016,
        0.9746835443037974,
        0.016,
        0,
        0.998,
        0.9746835443037974,
        0.998
      ],
      "minPos": {
        "x": -231,
        "y": -491,
        "z": 0
      },
      "maxPos": {
        "x": 231,
        "y": 491,
        "z": 0
      }
    },
    "texture": "858480a3-0eaa-498c-8ce6-5be4e1d9b7f2@6c48a",
    "packable": true,
    "pixelsToUnit": 100,
    "pivot": {
      "x": 0.5,
      "y": 0.5
    },
    "meshType": 0
  }
}