{
  "__type__": "cc.SpriteFrame",
  "content": {
    "name": "m_10201",
    "atlas": "",
    "rect": {
      "x": 0,
      "y": 1,
      "width": 999,
      "height": 577
    },
    "offset": {
      "x": -1.5,
      "y": 21
    },
    "originalSize": {
      "width": 1002,
      "height": 621
    },
    "rotated": false,
    "capInsets": [
      0,
      0,
      0,
      0
    ],
    "vertices": {
      "rawPosition": [
        -499.5,
        -288.5,
        0,
        499.5,
        -288.5,
        0,
        -499.5,
        288.5,
        0,
        499.5,
        288.5,
        0
      ],
      "indexes": [
        0,
        1,
        2,
        2,
        1,
        3
      ],
      "uv": [
        0,
        620,
        999,
        620,
        0,
        43,
        999,
        43
      ],
      "nuv": [
        0,
        0.06924315619967794,
        0.9970059880239521,
        0.06924315619967794,
        0,
        0.998389694041868,
        0.9970059880239521,
        0.998389694041868
      ],
      "minPos": {
        "x": -499.5,
        "y": -288.5,
        "z": 0
      },
      "maxPos": {
        "x": 499.5,
        "y": 288.5,
        "z": 0
      }
    },
    "texture": "a92393fa-af03-43eb-adc9-8f5c497b7de0@6c48a",
    "packable": true,
    "pixelsToUnit": 100,
    "pivot": {
      "x": 0.5,
      "y": 0.5
    },
    "meshType": 0
  }
}