{
  "__type__": "cc.SpriteFrame",
  "content": {
    "name": "hero_4302",
    "atlas": "",
    "rect": {
      "x": 6,
      "y": 1,
      "width": 57,
      "height": 57
    },
    "offset": {
      "x": 2,
      "y": 0.5
    },
    "originalSize": {
      "width": 65,
      "height": 60
    },
    "rotated": false,
    "capInsets": [
      0,
      0,
      0,
      0
    ],
    "vertices": {
      "rawPosition": [
        -28.5,
        -28.5,
        0,
        28.5,
        -28.5,
        0,
        -28.5,
        28.5,
        0,
        28.5,
        28.5,
        0
      ],
      "indexes": [
        0,
        1,
        2,
        2,
        1,
        3
      ],
      "uv": [
        6,
        59,
        63,
        59,
        6,
        2,
        63,
        2
      ],
      "nuv": [
        0.09230769230769231,
        0.03333333333333333,
        0.9692307692307692,
        0.03333333333333333,
        0.09230769230769231,
        0.9833333333333333,
        0.9692307692307692,
        0.9833333333333333
      ],
      "minPos": {
        "x": -28.5,
        "y": -28.5,
        "z": 0
      },
      "maxPos": {
        "x": 28.5,
        "y": 28.5,
        "z": 0
      }
    },
    "texture": "a924f7f2-7354-43db-ac7c-c7c857ad7e92@6c48a",
    "packable": true,
    "pixelsToUnit": 100,
    "pivot": {
      "x": 0.5,
      "y": 0.5
    },
    "meshType": 0
  }
}