{
  "__type__": "cc.SpriteFrame",
  "content": {
    "name": "11-3-2",
    "atlas": "",
    "rect": {
      "x": 111,
      "y": 0,
      "width": 756,
      "height": 598
    },
    "offset": {
      "x": 55.5,
      "y": 0
    },
    "originalSize": {
      "width": 867,
      "height": 598
    },
    "rotated": false,
    "capInsets": [
      0,
      0,
      0,
      0
    ],
    "vertices": {
      "rawPosition": [
        -378,
        -299,
        0,
        378,
        -299,
        0,
        -378,
        299,
        0,
        378,
        299,
        0
      ],
      "indexes": [
        0,
        1,
        2,
        2,
        1,
        3
      ],
      "uv": [
        111,
        598,
        867,
        598,
        111,
        0,
        867,
        0
      ],
      "nuv": [
        0.12802768166089964,
        0,
        1,
        0,
        0.12802768166089964,
        1,
        1,
        1
      ],
      "minPos": {
        "x": -378,
        "y": -299,
        "z": 0
      },
      "maxPos": {
        "x": 378,
        "y": 299,
        "z": 0
      }
    },
    "texture": "a941b97d-b1d9-4a05-a77b-a5bbe841ec7f@6c48a",
    "packable": true,
    "pixelsToUnit": 100,
    "pivot": {
      "x": 0.5,
      "y": 0.5
    },
    "meshType": 0
  }
}