{
  "__type__": "cc.SpriteFrame",
  "content": {
    "name": "hero_skill_mage_effect",
    "atlas": "",
    "rect": {
      "x": 2,
      "y": 2,
      "width": 880,
      "height": 970
    },
    "offset": {
      "x": -70,
      "y": 25
    },
    "originalSize": {
      "width": 1024,
      "height": 1024
    },
    "rotated": false,
    "capInsets": [
      0,
      0,
      0,
      0
    ],
    "vertices": {
      "rawPosition": [
        -440,
        -485,
        0,
        440,
        -485,
        0,
        -440,
        485,
        0,
        440,
        485,
        0
      ],
      "indexes": [
        0,
        1,
        2,
        2,
        1,
        3
      ],
      "uv": [
        2,
        1022,
        882,
        1022,
        2,
        52,
        882,
        52
      ],
      "nuv": [
        0.001953125,
        0.05078125,
        0.861328125,
        0.05078125,
        0.001953125,
        0.998046875,
        0.861328125,
        0.998046875
      ],
      "minPos": {
        "x": -440,
        "y": -485,
        "z": 0
      },
      "maxPos": {
        "x": 440,
        "y": 485,
        "z": 0
      }
    },
    "texture": "c050ab71-7e35-4880-8e6b-6d411bda86a3@6c48a",
    "packable": true,
    "pixelsToUnit": 100,
    "pivot": {
      "x": 0.5,
      "y": 0.5
    },
    "meshType": 0
  }
}