{
  "__type__": "cc.SpriteFrame",
  "content": {
    "name": "hero_4204_bullet_6",
    "atlas": "",
    "rect": {
      "x": 0,
      "y": 0,
      "width": 668,
      "height": 1435
    },
    "offset": {
      "x": 0,
      "y": 2.5
    },
    "originalSize": {
      "width": 668,
      "height": 1440
    },
    "rotated": false,
    "capInsets": [
      0,
      0,
      0,
      0
    ],
    "vertices": {
      "rawPosition": [
        -334,
        -717.5,
        0,
        334,
        -717.5,
        0,
        -334,
        717.5,
        0,
        334,
        717.5,
        0
      ],
      "indexes": [
        0,
        1,
        2,
        2,
        1,
        3
      ],
      "uv": [
        0,
        1440,
        668,
        1440,
        0,
        5,
        668,
        5
      ],
      "nuv": [
        0,
        0.003472222222222222,
        1,
        0.003472222222222222,
        0,
        1,
        1,
        1
      ],
      "minPos": {
        "x": -334,
        "y": -717.5,
        "z": 0
      },
      "maxPos": {
        "x": 334,
        "y": 717.5,
        "z": 0
      }
    },
    "texture": "a780e126-1e67-46f7-8330-794f1d349b98@6c48a",
    "packable": true,
    "pixelsToUnit": 100,
    "pivot": {
      "x": 0.5,
      "y": 0.5
    },
    "meshType": 0
  }
}