{
  "__type__": "cc.SpriteFrame",
  "content": {
    "name": "baodi",
    "atlas": "",
    "rect": {
      "x": 3,
      "y": 0,
      "width": 215,
      "height": 166
    },
    "offset": {
      "x": 1.5,
      "y": 0
    },
    "originalSize": {
      "width": 218,
      "height": 166
    },
    "rotated": false,
    "capInsets": [
      0,
      0,
      0,
      0
    ],
    "vertices": {
      "rawPosition": [
        -107.5,
        -83,
        0,
        107.5,
        -83,
        0,
        -107.5,
        83,
        0,
        107.5,
        83,
        0
      ],
      "indexes": [
        0,
        1,
        2,
        2,
        1,
        3
      ],
      "uv": [
        3,
        166,
        218,
        166,
        3,
        0,
        218,
        0
      ],
      "nuv": [
        0.013761467889908258,
        0,
        1,
        0,
        0.013761467889908258,
        1,
        1,
        1
      ],
      "minPos": {
        "x": -107.5,
        "y": -83,
        "z": 0
      },
      "maxPos": {
        "x": 107.5,
        "y": 83,
        "z": 0
      }
    },
    "texture": "a7907465-db19-4882-9f5a-cde2fddc2eb6@6c48a",
    "packable": true,
    "pixelsToUnit": 100,
    "pivot": {
      "x": 0.5,
      "y": 0.5
    },
    "meshType": 0
  }
}