{
  "__type__": "cc.SpriteFrame",
  "content": {
    "name": "jingYing14",
    "atlas": "",
    "rect": {
      "x": 27,
      "y": 36,
      "width": 267,
      "height": 265
    },
    "offset": {
      "x": 0.5,
      "y": -8.5
    },
    "originalSize": {
      "width": 320,
      "height": 320
    },
    "rotated": false,
    "capInsets": [
      0,
      0,
      0,
      0
    ],
    "vertices": {
      "rawPosition": [
        -133.5,
        -132.5,
        0,
        133.5,
        -132.5,
        0,
        -133.5,
        132.5,
        0,
        133.5,
        132.5,
        0
      ],
      "indexes": [
        0,
        1,
        2,
        2,
        1,
        3
      ],
      "uv": [
        27,
        284,
        294,
        284,
        27,
        19,
        294,
        19
      ],
      "nuv": [
        0.084375,
        0.059375,
        0.91875,
        0.059375,
        0.084375,
        0.8875,
        0.91875,
        0.8875
      ],
      "minPos": {
        "x": -133.5,
        "y": -132.5,
        "z": 0
      },
      "maxPos": {
        "x": 133.5,
        "y": 132.5,
        "z": 0
      }
    },
    "texture": "a7b12464-1156-42df-9201-19d98cde9746@6c48a",
    "packable": true,
    "pixelsToUnit": 100,
    "pivot": {
      "x": 0.5,
      "y": 0.5
    },
    "meshType": 0
  }
}