{
  "__type__": "cc.SpriteFrame",
  "content": {
    "name": "gold2",
    "atlas": "",
    "rect": {
      "x": 25,
      "y": 13,
      "width": 108,
      "height": 127
    },
    "offset": {
      "x": -1,
      "y": 3.5
    },
    "originalSize": {
      "width": 160,
      "height": 160
    },
    "rotated": false,
    "capInsets": [
      0,
      0,
      0,
      0
    ],
    "vertices": {
      "rawPosition": [
        -54,
        -63.5,
        0,
        54,
        -63.5,
        0,
        -54,
        63.5,
        0,
        54,
        63.5,
        0
      ],
      "indexes": [
        0,
        1,
        2,
        2,
        1,
        3
      ],
      "uv": [
        25,
        147,
        133,
        147,
        25,
        20,
        133,
        20
      ],
      "nuv": [
        0.15625,
        0.125,
        0.83125,
        0.125,
        0.15625,
        0.91875,
        0.83125,
        0.91875
      ],
      "minPos": {
        "x": -54,
        "y": -63.5,
        "z": 0
      },
      "maxPos": {
        "x": 54,
        "y": 63.5,
        "z": 0
      }
    },
    "texture": "a7e541da-d615-4ff5-9348-1c721e0742fa@6c48a",
    "packable": true,
    "pixelsToUnit": 100,
    "pivot": {
      "x": 0.5,
      "y": 0.5
    },
    "meshType": 0
  }
}