{
  "__type__": "cc.SpriteFrame",
  "content": {
    "name": "tabBg2",
    "atlas": "",
    "rect": {
      "x": 0,
      "y": 0,
      "width": 132,
      "height": 492
    },
    "offset": {
      "x": 0,
      "y": 0.5
    },
    "originalSize": {
      "width": 132,
      "height": 493
    },
    "rotated": false,
    "capInsets": [
      0,
      0,
      0,
      0
    ],
    "vertices": {
      "rawPosition": [
        -66,
        -246,
        0,
        66,
        -246,
        0,
        -66,
        246,
        0,
        66,
        246,
        0
      ],
      "indexes": [
        0,
        1,
        2,
        2,
        1,
        3
      ],
      "uv": [
        0,
        493,
        132,
        493,
        0,
        1,
        132,
        1
      ],
      "nuv": [
        0,
        0.002028397565922921,
        1,
        0.002028397565922921,
        0,
        1,
        1,
        1
      ],
      "minPos": {
        "x": -66,
        "y": -246,
        "z": 0
      },
      "maxPos": {
        "x": 66,
        "y": 246,
        "z": 0
      }
    },
    "texture": "ac6e1d83-d0b9-47c7-9876-81280dfec05d@6c48a",
    "packable": true,
    "pixelsToUnit": 100,
    "pivot": {
      "x": 0.5,
      "y": 0.5
    },
    "meshType": 0
  }
}