{
  "__type__": "cc.SpriteFrame",
  "content": {
    "name": "hero_4204_bullet_3",
    "atlas": "",
    "rect": {
      "x": 0,
      "y": 0,
      "width": 1554,
      "height": 557
    },
    "offset": {
      "x": -1,
      "y": 1.5
    },
    "originalSize": {
      "width": 1556,
      "height": 560
    },
    "rotated": false,
    "capInsets": [
      0,
      0,
      0,
      0
    ],
    "vertices": {
      "rawPosition": [
        -777,
        -278.5,
        0,
        777,
        -278.5,
        0,
        -777,
        278.5,
        0,
        777,
        278.5,
        0
      ],
      "indexes": [
        0,
        1,
        2,
        2,
        1,
        3
      ],
      "uv": [
        0,
        560,
        1554,
        560,
        0,
        3,
        1554,
        3
      ],
      "nuv": [
        0,
        0.005357142857142857,
        0.9987146529562982,
        0.005357142857142857,
        0,
        1,
        0.9987146529562982,
        1
      ],
      "minPos": {
        "x": -777,
        "y": -278.5,
        "z": 0
      },
      "maxPos": {
        "x": 777,
        "y": 278.5,
        "z": 0
      }
    },
    "texture": "ac87eb42-a057-45f2-8751-90b7a0e1ad24@6c48a",
    "packable": true,
    "pixelsToUnit": 100,
    "pivot": {
      "x": 0.5,
      "y": 0.5
    },
    "meshType": 0
  }
}