{
  "__type__": "cc.SpriteFrame",
  "content": {
    "name": "hero_4101_behit_1",
    "atlas": "",
    "rect": {
      "x": 14,
      "y": 39,
      "width": 328,
      "height": 1354
    },
    "offset": {
      "x": -2,
      "y": 4
    },
    "originalSize": {
      "width": 360,
      "height": 1440
    },
    "rotated": false,
    "capInsets": [
      0,
      0,
      0,
      0
    ],
    "vertices": {
      "rawPosition": [
        -164,
        -677,
        0,
        164,
        -677,
        0,
        -164,
        677,
        0,
        164,
        677,
        0
      ],
      "indexes": [
        0,
        1,
        2,
        2,
        1,
        3
      ],
      "uv": [
        14,
        1401,
        342,
        1401,
        14,
        47,
        342,
        47
      ],
      "nuv": [
        0.03888888888888889,
        0.03263888888888889,
        0.95,
        0.03263888888888889,
        0.03888888888888889,
        0.9729166666666667,
        0.95,
        0.9729166666666667
      ],
      "minPos": {
        "x": -164,
        "y": -677,
        "z": 0
      },
      "maxPos": {
        "x": 164,
        "y": 677,
        "z": 0
      }
    },
    "texture": "acb930e5-273d-47a1-b0ac-21c9b55d7cfe@6c48a",
    "packable": true,
    "pixelsToUnit": 100,
    "pivot": {
      "x": 0.5,
      "y": 0.5
    },
    "meshType": 0
  }
}