{
  "__type__": "cc.SpriteFrame",
  "content": {
    "name": "frame_001",
    "atlas": "",
    "rect": {
      "x": 17,
      "y": 0,
      "width": 116,
      "height": 131
    },
    "offset": {
      "x": 0,
      "y": 9.5
    },
    "originalSize": {
      "width": 150,
      "height": 150
    },
    "rotated": false,
    "capInsets": [
      0,
      0,
      0,
      0
    ],
    "vertices": {
      "rawPosition": [
        -58,
        -65.5,
        0,
        58,
        -65.5,
        0,
        -58,
        65.5,
        0,
        58,
        65.5,
        0
      ],
      "indexes": [
        0,
        1,
        2,
        2,
        1,
        3
      ],
      "uv": [
        17,
        150,
        133,
        150,
        17,
        19,
        133,
        19
      ],
      "nuv": [
        0.11333333333333333,
        0.12666666666666668,
        0.8866666666666667,
        0.12666666666666668,
        0.11333333333333333,
        1,
        0.8866666666666667,
        1
      ],
      "minPos": {
        "x": -58,
        "y": -65.5,
        "z": 0
      },
      "maxPos": {
        "x": 58,
        "y": 65.5,
        "z": 0
      }
    },
    "texture": "860b1f76-7b5a-44af-b850-bb4414cf53fd@6c48a",
    "packable": true,
    "pixelsToUnit": 100,
    "pivot": {
      "x": 0.5,
      "y": 0.5
    },
    "meshType": 0
  }
}