{
  "__type__": "cc.SpriteFrame",
  "content": {
    "name": "m_10601",
    "atlas": "",
    "rect": {
      "x": 0,
      "y": 1,
      "width": 1950,
      "height": 816
    },
    "offset": {
      "x": -2.5,
      "y": 2
    },
    "originalSize": {
      "width": 1955,
      "height": 822
    },
    "rotated": false,
    "capInsets": [
      0,
      0,
      0,
      0
    ],
    "vertices": {
      "rawPosition": [
        -975,
        -408,
        0,
        975,
        -408,
        0,
        -975,
        408,
        0,
        975,
        408,
        0
      ],
      "indexes": [
        0,
        1,
        2,
        2,
        1,
        3
      ],
      "uv": [
        0,
        821,
        1950,
        821,
        0,
        5,
        1950,
        5
      ],
      "nuv": [
        0,
        0.006082725060827251,
        0.9974424552429667,
        0.006082725060827251,
        0,
        0.9987834549878345,
        0.9974424552429667,
        0.9987834549878345
      ],
      "minPos": {
        "x": -975,
        "y": -408,
        "z": 0
      },
      "maxPos": {
        "x": 975,
        "y": 408,
        "z": 0
      }
    },
    "texture": "86a80eb7-7b50-4a6b-a163-146dac040c60@6c48a",
    "packable": true,
    "pixelsToUnit": 100,
    "pivot": {
      "x": 0.5,
      "y": 0.5
    },
    "meshType": 0
  }
}