{
  "__type__": "cc.SpriteFrame",
  "content": {
    "name": "m_32003_bullet_1",
    "atlas": "",
    "rect": {
      "x": 5,
      "y": 4,
      "width": 1437,
      "height": 130
    },
    "offset": {
      "x": -1.5,
      "y": 0.5
    },
    "originalSize": {
      "width": 1450,
      "height": 139
    },
    "rotated": false,
    "capInsets": [
      0,
      0,
      0,
      0
    ],
    "vertices": {
      "rawPosition": [
        -718.5,
        -65,
        0,
        718.5,
        -65,
        0,
        -718.5,
        65,
        0,
        718.5,
        65,
        0
      ],
      "indexes": [
        0,
        1,
        2,
        2,
        1,
        3
      ],
      "uv": [
        5,
        135,
        1442,
        135,
        5,
        5,
        1442,
        5
      ],
      "nuv": [
        0.0034482758620689655,
        0.03597122302158273,
        0.9944827586206897,
        0.03597122302158273,
        0.0034482758620689655,
        0.9712230215827338,
        0.9944827586206897,
        0.9712230215827338
      ],
      "minPos": {
        "x": -718.5,
        "y": -65,
        "z": 0
      },
      "maxPos": {
        "x": 718.5,
        "y": 65,
        "z": 0
      }
    },
    "texture": "86ca52a8-b39e-46cf-9c14-910f79fd6bab@6c48a",
    "packable": true,
    "pixelsToUnit": 100,
    "pivot": {
      "x": 0.5,
      "y": 0.5
    },
    "meshType": 0
  }
}