{
  "__type__": "cc.SpriteFrame",
  "content": {
    "name": "m_10801",
    "atlas": "",
    "rect": {
      "x": 2,
      "y": 1,
      "width": 502,
      "height": 1808
    },
    "offset": {
      "x": 1,
      "y": 17
    },
    "originalSize": {
      "width": 504,
      "height": 1844
    },
    "rotated": false,
    "capInsets": [
      0,
      0,
      0,
      0
    ],
    "vertices": {
      "rawPosition": [
        -251,
        -904,
        0,
        251,
        -904,
        0,
        -251,
        904,
        0,
        251,
        904,
        0
      ],
      "indexes": [
        0,
        1,
        2,
        2,
        1,
        3
      ],
      "uv": [
        2,
        1843,
        504,
        1843,
        2,
        35,
        504,
        35
      ],
      "nuv": [
        0.003968253968253968,
        0.01898047722342733,
        1,
        0.01898047722342733,
        0.003968253968253968,
        0.9994577006507592,
        1,
        0.9994577006507592
      ],
      "minPos": {
        "x": -251,
        "y": -904,
        "z": 0
      },
      "maxPos": {
        "x": 251,
        "y": 904,
        "z": 0
      }
    },
    "texture": "a00f2706-fe02-49af-b3fc-246680905eb3@6c48a",
    "packable": true,
    "pixelsToUnit": 100,
    "pivot": {
      "x": 0.5,
      "y": 0.5
    },
    "meshType": 0
  }
}