{
  "__type__": "cc.SpriteFrame",
  "content": {
    "name": "m_21003",
    "atlas": "",
    "rect": {
      "x": 2,
      "y": 19,
      "width": 1015,
      "height": 1286
    },
    "offset": {
      "x": 0.5,
      "y": -9.5
    },
    "originalSize": {
      "width": 1018,
      "height": 1305
    },
    "rotated": false,
    "capInsets": [
      0,
      0,
      0,
      0
    ],
    "vertices": {
      "rawPosition": [
        -507.5,
        -643,
        0,
        507.5,
        -643,
        0,
        -507.5,
        643,
        0,
        507.5,
        643,
        0
      ],
      "indexes": [
        0,
        1,
        2,
        2,
        1,
        3
      ],
      "uv": [
        2,
        1286,
        1017,
        1286,
        2,
        0,
        1017,
        0
      ],
      "nuv": [
        0.0019646365422396855,
        0,
        0.9990176817288802,
        0,
        0.0019646365422396855,
        0.98544061302682,
        0.9990176817288802,
        0.98544061302682
      ],
      "minPos": {
        "x": -507.5,
        "y": -643,
        "z": 0
      },
      "maxPos": {
        "x": 507.5,
        "y": 643,
        "z": 0
      }
    },
    "texture": "a01fe1c7-4ae1-4b57-9881-e60a8c7c218e@6c48a",
    "packable": true,
    "pixelsToUnit": 100,
    "pivot": {
      "x": 0.5,
      "y": 0.5
    },
    "meshType": 0
  }
}