{
  "__type__": "cc.SpriteFrame",
  "content": {
    "name": "sc001_00004",
    "atlas": "",
    "rect": {
      "x": 20,
      "y": 16,
      "width": 96,
      "height": 101
    },
    "offset": {
      "x": 8,
      "y": -6.5
    },
    "originalSize": {
      "width": 120,
      "height": 120
    },
    "rotated": false,
    "capInsets": [
      0,
      0,
      0,
      0
    ],
    "vertices": {
      "rawPosition": [
        -48,
        -50.5,
        0,
        48,
        -50.5,
        0,
        -48,
        50.5,
        0,
        48,
        50.5,
        0
      ],
      "indexes": [
        0,
        1,
        2,
        2,
        1,
        3
      ],
      "uv": [
        20,
        104,
        116,
        104,
        20,
        3,
        116,
        3
      ],
      "nuv": [
        0.16666666666666666,
        0.025,
        0.9666666666666667,
        0.025,
        0.16666666666666666,
        0.8666666666666667,
        0.9666666666666667,
        0.8666666666666667
      ],
      "minPos": {
        "x": -48,
        "y": -50.5,
        "z": 0
      },
      "maxPos": {
        "x": 48,
        "y": 50.5,
        "z": 0
      }
    },
    "texture": "a027e9a6-22ef-46f8-9372-75b4cb2023df@6c48a",
    "packable": true,
    "pixelsToUnit": 100,
    "pivot": {
      "x": 0.5,
      "y": 0.5
    },
    "meshType": 0
  }
}