{
  "__type__": "cc.SpriteFrame",
  "content": {
    "name": "sao1",
    "atlas": "",
    "rect": {
      "x": 2,
      "y": 2,
      "width": 655,
      "height": 542
    },
    "offset": {
      "x": 0,
      "y": 0
    },
    "originalSize": {
      "width": 659,
      "height": 546
    },
    "rotated": false,
    "capInsets": [
      0,
      0,
      0,
      0
    ],
    "vertices": {
      "rawPosition": [
        -327.5,
        -271,
        0,
        327.5,
        -271,
        0,
        -327.5,
        271,
        0,
        327.5,
        271,
        0
      ],
      "indexes": [
        0,
        1,
        2,
        2,
        1,
        3
      ],
      "uv": [
        2,
        544,
        657,
        544,
        2,
        2,
        657,
        2
      ],
      "nuv": [
        0.0030349013657056147,
        0.003663003663003663,
        0.9969650986342944,
        0.003663003663003663,
        0.0030349013657056147,
        0.9963369963369964,
        0.9969650986342944,
        0.9963369963369964
      ],
      "minPos": {
        "x": -327.5,
        "y": -271,
        "z": 0
      },
      "maxPos": {
        "x": 327.5,
        "y": 271,
        "z": 0
      }
    },
    "texture": "a03fe58e-ca78-48cd-9110-04df48badbe6@6c48a",
    "packable": true,
    "pixelsToUnit": 100,
    "pivot": {
      "x": 0.5,
      "y": 0.5
    },
    "meshType": 0
  }
}