{
  "__type__": "cc.SpriteFrame",
  "content": {
    "name": "hero_3402_bullet_2",
    "atlas": "",
    "rect": {
      "x": 18,
      "y": 18,
      "width": 975,
      "height": 34
    },
    "offset": {
      "x": 1.5,
      "y": -0.5
    },
    "originalSize": {
      "width": 1008,
      "height": 69
    },
    "rotated": false,
    "capInsets": [
      0,
      0,
      0,
      0
    ],
    "vertices": {
      "rawPosition": [
        -487.5,
        -17,
        0,
        487.5,
        -17,
        0,
        -487.5,
        17,
        0,
        487.5,
        17,
        0
      ],
      "indexes": [
        0,
        1,
        2,
        2,
        1,
        3
      ],
      "uv": [
        18,
        51,
        993,
        51,
        18,
        17,
        993,
        17
      ],
      "nuv": [
        0.017857142857142856,
        0.2463768115942029,
        0.9851190476190477,
        0.2463768115942029,
        0.017857142857142856,
        0.7391304347826086,
        0.9851190476190477,
        0.7391304347826086
      ],
      "minPos": {
        "x": -487.5,
        "y": -17,
        "z": 0
      },
      "maxPos": {
        "x": 487.5,
        "y": 17,
        "z": 0
      }
    },
    "texture": "a07fa3be-93c6-4edc-9246-fe23445b1fdf@6c48a",
    "packable": true,
    "pixelsToUnit": 100,
    "pivot": {
      "x": 0.5,
      "y": 0.5
    },
    "meshType": 0
  }
}