{
  "__type__": "cc.SpriteFrame",
  "content": {
    "name": "hero_3201",
    "atlas": "",
    "rect": {
      "x": 2,
      "y": 1,
      "width": 61,
      "height": 57
    },
    "offset": {
      "x": 0,
      "y": 0.5
    },
    "originalSize": {
      "width": 65,
      "height": 60
    },
    "rotated": false,
    "capInsets": [
      0,
      0,
      0,
      0
    ],
    "vertices": {
      "rawPosition": [
        -30.5,
        -28.5,
        0,
        30.5,
        -28.5,
        0,
        -30.5,
        28.5,
        0,
        30.5,
        28.5,
        0
      ],
      "indexes": [
        0,
        1,
        2,
        2,
        1,
        3
      ],
      "uv": [
        2,
        59,
        63,
        59,
        2,
        2,
        63,
        2
      ],
      "nuv": [
        0.03076923076923077,
        0.03333333333333333,
        0.9692307692307692,
        0.03333333333333333,
        0.03076923076923077,
        0.9833333333333333,
        0.9692307692307692,
        0.9833333333333333
      ],
      "minPos": {
        "x": -30.5,
        "y": -28.5,
        "z": 0
      },
      "maxPos": {
        "x": 30.5,
        "y": 28.5,
        "z": 0
      }
    },
    "texture": "4ab92c56-44a6-437e-8db7-da5cbe108c24@6c48a",
    "packable": true,
    "pixelsToUnit": 100,
    "pivot": {
      "x": 0.5,
      "y": 0.5
    },
    "meshType": 0
  }
}