{
  "__type__": "cc.SpriteFrame",
  "content": {
    "name": "guide_emoji_relax",
    "atlas": "",
    "rect": {
      "x": 4,
      "y": 0,
      "width": 224,
      "height": 226
    },
    "offset": {
      "x": -8,
      "y": 2.5
    },
    "originalSize": {
      "width": 248,
      "height": 231
    },
    "rotated": false,
    "capInsets": [
      0,
      0,
      0,
      0
    ],
    "vertices": {
      "rawPosition": [
        -112,
        -113,
        0,
        112,
        -113,
        0,
        -112,
        113,
        0,
        112,
        113,
        0
      ],
      "indexes": [
        0,
        1,
        2,
        2,
        1,
        3
      ],
      "uv": [
        4,
        231,
        228,
        231,
        4,
        5,
        228,
        5
      ],
      "nuv": [
        0.016129032258064516,
        0.021645021645021644,
        0.9193548387096774,
        0.021645021645021644,
        0.016129032258064516,
        1,
        0.9193548387096774,
        1
      ],
      "minPos": {
        "x": -112,
        "y": -113,
        "z": 0
      },
      "maxPos": {
        "x": 112,
        "y": 113,
        "z": 0
      }
    },
    "texture": "4ac19267-25e1-470f-bc1c-377102572e12@6c48a",
    "packable": true,
    "pixelsToUnit": 100,
    "pivot": {
      "x": 0.5,
      "y": 0.5
    },
    "meshType": 0
  }
}