{
  "__type__": "cc.SpriteFrame",
  "content": {
    "name": "tipsDot1",
    "atlas": "",
    "rect": {
      "x": 14,
      "y": 0,
      "width": 16,
      "height": 16
    },
    "offset": {
      "x": -0.5,
      "y": 0
    },
    "originalSize": {
      "width": 45,
      "height": 16
    },
    "rotated": false,
    "capInsets": [
      0,
      0,
      0,
      0
    ],
    "vertices": {
      "rawPosition": [
        -8,
        -8,
        0,
        8,
        -8,
        0,
        -8,
        8,
        0,
        8,
        8,
        0
      ],
      "indexes": [
        0,
        1,
        2,
        2,
        1,
        3
      ],
      "uv": [
        14,
        16,
        30,
        16,
        14,
        0,
        30,
        0
      ],
      "nuv": [
        0.3111111111111111,
        0,
        0.6666666666666666,
        0,
        0.3111111111111111,
        1,
        0.6666666666666666,
        1
      ],
      "minPos": {
        "x": -8,
        "y": -8,
        "z": 0
      },
      "maxPos": {
        "x": 8,
        "y": 8,
        "z": 0
      }
    },
    "texture": "4ade542d-ad73-4ae7-b4a3-3d0db0cbbcf1@6c48a",
    "packable": true,
    "pixelsToUnit": 100,
    "pivot": {
      "x": 0.5,
      "y": 0.5
    },
    "meshType": 0
  }
}