{
  "__type__": "cc.SpriteFrame",
  "content": {
    "name": "m_21004",
    "atlas": "",
    "rect": {
      "x": 0,
      "y": 27,
      "width": 1017,
      "height": 1955
    },
    "offset": {
      "x": -2,
      "y": -13
    },
    "originalSize": {
      "width": 1021,
      "height": 1983
    },
    "rotated": false,
    "capInsets": [
      0,
      0,
      0,
      0
    ],
    "vertices": {
      "rawPosition": [
        -508.5,
        -977.5,
        0,
        508.5,
        -977.5,
        0,
        -508.5,
        977.5,
        0,
        508.5,
        977.5,
        0
      ],
      "indexes": [
        0,
        1,
        2,
        2,
        1,
        3
      ],
      "uv": [
        0,
        1956,
        1017,
        1956,
        0,
        1,
        1017,
        1
      ],
      "nuv": [
        0,
        0.0005042864346949068,
        0.9960822722820764,
        0.0005042864346949068,
        0,
        0.9863842662632375,
        0.9960822722820764,
        0.9863842662632375
      ],
      "minPos": {
        "x": -508.5,
        "y": -977.5,
        "z": 0
      },
      "maxPos": {
        "x": 508.5,
        "y": 977.5,
        "z": 0
      }
    },
    "texture": "9a43a69d-a86a-4dcd-add9-ca7ffa5662be@6c48a",
    "packable": true,
    "pixelsToUnit": 100,
    "pivot": {
      "x": 0.5,
      "y": 0.5
    },
    "meshType": 0
  }
}