{
  "__type__": "cc.SpriteFrame",
  "content": {
    "name": "hero_4401",
    "atlas": "",
    "rect": {
      "x": 17,
      "y": 10,
      "width": 138,
      "height": 124
    },
    "offset": {
      "x": 6,
      "y": 8
    },
    "originalSize": {
      "width": 160,
      "height": 160
    },
    "rotated": false,
    "capInsets": [
      0,
      0,
      0,
      0
    ],
    "vertices": {
      "rawPosition": [
        -69,
        -62,
        0,
        69,
        -62,
        0,
        -69,
        62,
        0,
        69,
        62,
        0
      ],
      "indexes": [
        0,
        1,
        2,
        2,
        1,
        3
      ],
      "uv": [
        17,
        150,
        155,
        150,
        17,
        26,
        155,
        26
      ],
      "nuv": [
        0.10625,
        0.1625,
        0.96875,
        0.1625,
        0.10625,
        0.9375,
        0.96875,
        0.9375
      ],
      "minPos": {
        "x": -69,
        "y": -62,
        "z": 0
      },
      "maxPos": {
        "x": 69,
        "y": 62,
        "z": 0
      }
    },
    "texture": "9ab57c38-45e9-46ce-b182-0b0c8901e5a0@6c48a",
    "packable": true,
    "pixelsToUnit": 100,
    "pivot": {
      "x": 0.5,
      "y": 0.5
    },
    "meshType": 0
  }
}