{
  "__type__": "cc.SpriteFrame",
  "content": {
    "name": "m_21015_2",
    "atlas": "",
    "rect": {
      "x": 29,
      "y": 0,
      "width": 1872,
      "height": 1584
    },
    "offset": {
      "x": 11,
      "y": 1
    },
    "originalSize": {
      "width": 1908,
      "height": 1586
    },
    "rotated": false,
    "capInsets": [
      0,
      0,
      0,
      0
    ],
    "vertices": {
      "rawPosition": [
        -936,
        -792,
        0,
        936,
        -792,
        0,
        -936,
        792,
        0,
        936,
        792,
        0
      ],
      "indexes": [
        0,
        1,
        2,
        2,
        1,
        3
      ],
      "uv": [
        29,
        1586,
        1901,
        1586,
        29,
        2,
        1901,
        2
      ],
      "nuv": [
        0.01519916142557652,
        0.0012610340479192938,
        0.9963312368972747,
        0.0012610340479192938,
        0.01519916142557652,
        1,
        0.9963312368972747,
        1
      ],
      "minPos": {
        "x": -936,
        "y": -792,
        "z": 0
      },
      "maxPos": {
        "x": 936,
        "y": 792,
        "z": 0
      }
    },
    "texture": "73571e9f-533b-48f3-9716-caba1885651b@6c48a",
    "packable": true,
    "pixelsToUnit": 100,
    "pivot": {
      "x": 0.5,
      "y": 0.5
    },
    "meshType": 0
  }
}