{
  "__type__": "cc.SpriteFrame",
  "content": {
    "name": "light_effect",
    "atlas": "",
    "rect": {
      "x": 102,
      "y": 200,
      "width": 1686,
      "height": 806
    },
    "offset": {
      "x": 0,
      "y": -36
    },
    "originalSize": {
      "width": 1890,
      "height": 1134
    },
    "rotated": false,
    "capInsets": [
      0,
      0,
      0,
      0
    ],
    "vertices": {
      "rawPosition": [
        -843,
        -403,
        0,
        843,
        -403,
        0,
        -843,
        403,
        0,
        843,
        403,
        0
      ],
      "indexes": [
        0,
        1,
        2,
        2,
        1,
        3
      ],
      "uv": [
        102,
        934,
        1788,
        934,
        102,
        128,
        1788,
        128
      ],
      "nuv": [
        0.05396825396825397,
        0.1128747795414462,
        0.946031746031746,
        0.1128747795414462,
        0.05396825396825397,
        0.8236331569664903,
        0.946031746031746,
        0.8236331569664903
      ],
      "minPos": {
        "x": -843,
        "y": -403,
        "z": 0
      },
      "maxPos": {
        "x": 843,
        "y": 403,
        "z": 0
      }
    },
    "texture": "73a5057e-aa50-4a0c-8346-5baf0356b5d9@6c48a",
    "packable": true,
    "pixelsToUnit": 100,
    "pivot": {
      "x": 0.5,
      "y": 0.5
    },
    "meshType": 0
  }
}