{
  "__type__": "cc.SpriteFrame",
  "content": {
    "name": "tower_hero_4201",
    "atlas": "",
    "rect": {
      "x": 2,
      "y": 2,
      "width": 201,
      "height": 138
    },
    "offset": {
      "x": 0,
      "y": 0
    },
    "originalSize": {
      "width": 205,
      "height": 142
    },
    "rotated": false,
    "capInsets": [
      0,
      0,
      0,
      0
    ],
    "vertices": {
      "rawPosition": [
        -100.5,
        -69,
        0,
        100.5,
        -69,
        0,
        -100.5,
        69,
        0,
        100.5,
        69,
        0
      ],
      "indexes": [
        0,
        1,
        2,
        2,
        1,
        3
      ],
      "uv": [
        2,
        140,
        203,
        140,
        2,
        2,
        203,
        2
      ],
      "nuv": [
        0.00975609756097561,
        0.014084507042253521,
        0.9902439024390244,
        0.014084507042253521,
        0.00975609756097561,
        0.9859154929577465,
        0.9902439024390244,
        0.9859154929577465
      ],
      "minPos": {
        "x": -100.5,
        "y": -69,
        "z": 0
      },
      "maxPos": {
        "x": 100.5,
        "y": 69,
        "z": 0
      }
    },
    "texture": "2a6efb3e-f98a-4bca-8e01-47809cf0ab32@6c48a",
    "packable": true,
    "pixelsToUnit": 100,
    "pivot": {
      "x": 0.5,
      "y": 0.5
    },
    "meshType": 0
  }
}