{
  "__type__": "cc.SpriteFrame",
  "content": {
    "name": "hero_heal_1",
    "atlas": "",
    "rect": {
      "x": 54,
      "y": 17,
      "width": 1700,
      "height": 711
    },
    "offset": {
      "x": 4,
      "y": 2.5
    },
    "originalSize": {
      "width": 1800,
      "height": 750
    },
    "rotated": false,
    "capInsets": [
      0,
      0,
      0,
      0
    ],
    "vertices": {
      "rawPosition": [
        -850,
        -355.5,
        0,
        850,
        -355.5,
        0,
        -850,
        355.5,
        0,
        850,
        355.5,
        0
      ],
      "indexes": [
        0,
        1,
        2,
        2,
        1,
        3
      ],
      "uv": [
        54,
        733,
        1754,
        733,
        54,
        22,
        1754,
        22
      ],
      "nuv": [
        0.03,
        0.029333333333333333,
        0.9744444444444444,
        0.029333333333333333,
        0.03,
        0.9773333333333334,
        0.9744444444444444,
        0.9773333333333334
      ],
      "minPos": {
        "x": -850,
        "y": -355.5,
        "z": 0
      },
      "maxPos": {
        "x": 850,
        "y": 355.5,
        "z": 0
      }
    },
    "texture": "2aaaaca2-8576-4cb3-a32e-113669633d26@6c48a",
    "packable": true,
    "pixelsToUnit": 100,
    "pivot": {
      "x": 0.5,
      "y": 0.5
    },
    "meshType": 0
  }
}