{
  "__type__": "cc.SpriteFrame",
  "content": {
    "name": "btn_advertisiicon",
    "atlas": "",
    "rect": {
      "x": 2,
      "y": 1,
      "width": 56,
      "height": 57
    },
    "offset": {
      "x": -1,
      "y": 1.5
    },
    "originalSize": {
      "width": 62,
      "height": 62
    },
    "rotated": false,
    "capInsets": [
      0,
      0,
      0,
      0
    ],
    "vertices": {
      "rawPosition": [
        -28,
        -28.5,
        0,
        28,
        -28.5,
        0,
        -28,
        28.5,
        0,
        28,
        28.5,
        0
      ],
      "indexes": [
        0,
        1,
        2,
        2,
        1,
        3
      ],
      "uv": [
        2,
        61,
        58,
        61,
        2,
        4,
        58,
        4
      ],
      "nuv": [
        0.03225806451612903,
        0.06451612903225806,
        0.9354838709677419,
        0.06451612903225806,
        0.03225806451612903,
        0.9838709677419355,
        0.9354838709677419,
        0.9838709677419355
      ],
      "minPos": {
        "x": -28,
        "y": -28.5,
        "z": 0
      },
      "maxPos": {
        "x": 28,
        "y": 28.5,
        "z": 0
      }
    },
    "texture": "2ada8501-63af-4da5-8b31-56475ac0196f@6c48a",
    "packable": true,
    "pixelsToUnit": 100,
    "pivot": {
      "x": 0.5,
      "y": 0.5
    },
    "meshType": 0
  }
}