{
  "__type__": "cc.SpriteFrame",
  "content": {
    "name": "tubian",
    "atlas": "",
    "rect": {
      "x": 0,
      "y": 0,
      "width": 100,
      "height": 83
    },
    "offset": {
      "x": 0,
      "y": 2
    },
    "originalSize": {
      "width": 100,
      "height": 87
    },
    "rotated": false,
    "capInsets": [
      0,
      0,
      0,
      0
    ],
    "vertices": {
      "rawPosition": [
        -50,
        -41.5,
        0,
        50,
        -41.5,
        0,
        -50,
        41.5,
        0,
        50,
        41.5,
        0
      ],
      "indexes": [
        0,
        1,
        2,
        2,
        1,
        3
      ],
      "uv": [
        0,
        87,
        100,
        87,
        0,
        4,
        100,
        4
      ],
      "nuv": [
        0,
        0.04597701149425287,
        1,
        0.04597701149425287,
        0,
        1,
        1,
        1
      ],
      "minPos": {
        "x": -50,
        "y": -41.5,
        "z": 0
      },
      "maxPos": {
        "x": 50,
        "y": 41.5,
        "z": 0
      }
    },
    "texture": "8f119c75-17df-4f15-9908-74b0670a5f97@6c48a",
    "packable": true,
    "pixelsToUnit": 100,
    "pivot": {
      "x": 0.5,
      "y": 0.5
    },
    "meshType": 0
  }
}