{
  "__type__": "cc.SpriteFrame",
  "content": {
    "name": "m_21034",
    "atlas": "",
    "rect": {
      "x": 2,
      "y": 1,
      "width": 1939,
      "height": 1632
    },
    "offset": {
      "x": -1.5,
      "y": 1
    },
    "originalSize": {
      "width": 1946,
      "height": 1636
    },
    "rotated": false,
    "capInsets": [
      0,
      0,
      0,
      0
    ],
    "vertices": {
      "rawPosition": [
        -969.5,
        -816,
        0,
        969.5,
        -816,
        0,
        -969.5,
        816,
        0,
        969.5,
        816,
        0
      ],
      "indexes": [
        0,
        1,
        2,
        2,
        1,
        3
      ],
      "uv": [
        2,
        1635,
        1941,
        1635,
        2,
        3,
        1941,
        3
      ],
      "nuv": [
        0.0010277492291880781,
        0.0018337408312958435,
        0.9974306269270298,
        0.0018337408312958435,
        0.0010277492291880781,
        0.9993887530562348,
        0.9974306269270298,
        0.9993887530562348
      ],
      "minPos": {
        "x": -969.5,
        "y": -816,
        "z": 0
      },
      "maxPos": {
        "x": 969.5,
        "y": 816,
        "z": 0
      }
    },
    "texture": "8f361035-5ae6-4069-ae89-a45d8d64f916@6c48a",
    "packable": true,
    "pixelsToUnit": 100,
    "pivot": {
      "x": 0.5,
      "y": 0.5
    },
    "meshType": 0
  }
}