{
  "__type__": "cc.SpriteFrame",
  "content": {
    "name": "m_31004",
    "atlas": "",
    "rect": {
      "x": 0,
      "y": 0,
      "width": 509,
      "height": 509
    },
    "offset": {
      "x": -1.5,
      "y": 1.5
    },
    "originalSize": {
      "width": 512,
      "height": 512
    },
    "rotated": false,
    "capInsets": [
      0,
      0,
      0,
      0
    ],
    "vertices": {
      "rawPosition": [
        -254.5,
        -254.5,
        0,
        254.5,
        -254.5,
        0,
        -254.5,
        254.5,
        0,
        254.5,
        254.5,
        0
      ],
      "indexes": [
        0,
        1,
        2,
        2,
        1,
        3
      ],
      "uv": [
        0,
        512,
        509,
        512,
        0,
        3,
        509,
        3
      ],
      "nuv": [
        0,
        0.005859375,
        0.994140625,
        0.005859375,
        0,
        1,
        0.994140625,
        1
      ],
      "minPos": {
        "x": -254.5,
        "y": -254.5,
        "z": 0
      },
      "maxPos": {
        "x": 254.5,
        "y": 254.5,
        "z": 0
      }
    },
    "texture": "8f47b530-5b10-4177-bf56-8b777161746c@6c48a",
    "packable": true,
    "pixelsToUnit": 100,
    "pivot": {
      "x": 0.5,
      "y": 0.5
    },
    "meshType": 0
  }
}