{
  "__type__": "cc.SpriteFrame",
  "content": {
    "name": "bianshen_xiong",
    "atlas": "",
    "rect": {
      "x": 11,
      "y": 10,
      "width": 126,
      "height": 127
    },
    "offset": {
      "x": -1,
      "y": 1.5
    },
    "originalSize": {
      "width": 150,
      "height": 150
    },
    "rotated": false,
    "capInsets": [
      0,
      0,
      0,
      0
    ],
    "vertices": {
      "rawPosition": [
        -63,
        -63.5,
        0,
        63,
        -63.5,
        0,
        -63,
        63.5,
        0,
        63,
        63.5,
        0
      ],
      "indexes": [
        0,
        1,
        2,
        2,
        1,
        3
      ],
      "uv": [
        11,
        140,
        137,
        140,
        11,
        13,
        137,
        13
      ],
      "nuv": [
        0.07333333333333333,
        0.08666666666666667,
        0.9133333333333333,
        0.08666666666666667,
        0.07333333333333333,
        0.9333333333333333,
        0.9133333333333333,
        0.9333333333333333
      ],
      "minPos": {
        "x": -63,
        "y": -63.5,
        "z": 0
      },
      "maxPos": {
        "x": 63,
        "y": 63.5,
        "z": 0
      }
    },
    "texture": "8f51536b-dd48-4942-8742-cb6cf39ede06@6c48a",
    "packable": true,
    "pixelsToUnit": 100,
    "pivot": {
      "x": 0.5,
      "y": 0.5
    },
    "meshType": 0
  }
}