{
  "__type__": "cc.SpriteFrame",
  "content": {
    "name": "hero_4501",
    "atlas": "",
    "rect": {
      "x": 6,
      "y": 10,
      "width": 142,
      "height": 125
    },
    "offset": {
      "x": -3,
      "y": 7.5
    },
    "originalSize": {
      "width": 160,
      "height": 160
    },
    "rotated": false,
    "capInsets": [
      0,
      0,
      0,
      0
    ],
    "vertices": {
      "rawPosition": [
        -71,
        -62.5,
        0,
        71,
        -62.5,
        0,
        -71,
        62.5,
        0,
        71,
        62.5,
        0
      ],
      "indexes": [
        0,
        1,
        2,
        2,
        1,
        3
      ],
      "uv": [
        6,
        150,
        148,
        150,
        6,
        25,
        148,
        25
      ],
      "nuv": [
        0.0375,
        0.15625,
        0.925,
        0.15625,
        0.0375,
        0.9375,
        0.925,
        0.9375
      ],
      "minPos": {
        "x": -71,
        "y": -62.5,
        "z": 0
      },
      "maxPos": {
        "x": 71,
        "y": 62.5,
        "z": 0
      }
    },
    "texture": "8fdd15c8-c828-4364-a2da-0721a6988cdc@6c48a",
    "packable": true,
    "pixelsToUnit": 100,
    "pivot": {
      "x": 0.5,
      "y": 0.5
    },
    "meshType": 0
  }
}