{
  "__type__": "cc.SpriteFrame",
  "content": {
    "name": "hero_common_behit_purple",
    "atlas": "",
    "rect": {
      "x": 0,
      "y": 0,
      "width": 1987,
      "height": 414
    },
    "offset": {
      "x": -1,
      "y": 0
    },
    "originalSize": {
      "width": 1989,
      "height": 414
    },
    "rotated": false,
    "capInsets": [
      0,
      0,
      0,
      0
    ],
    "vertices": {
      "rawPosition": [
        -993.5,
        -207,
        0,
        993.5,
        -207,
        0,
        -993.5,
        207,
        0,
        993.5,
        207,
        0
      ],
      "indexes": [
        0,
        1,
        2,
        2,
        1,
        3
      ],
      "uv": [
        0,
        414,
        1987,
        414,
        0,
        0,
        1987,
        0
      ],
      "nuv": [
        0,
        0,
        0.9989944695827049,
        0,
        0,
        1,
        0.9989944695827049,
        1
      ],
      "minPos": {
        "x": -993.5,
        "y": -207,
        "z": 0
      },
      "maxPos": {
        "x": 993.5,
        "y": 207,
        "z": 0
      }
    },
    "texture": "4cc2728e-3726-400e-b4a7-cfbcb44ca388@6c48a",
    "packable": true,
    "pixelsToUnit": 100,
    "pivot": {
      "x": 0.5,
      "y": 0.5
    },
    "meshType": 0
  }
}