{
  "__type__": "cc.SpriteFrame",
  "content": {
    "name": "sc001_00002",
    "atlas": "",
    "rect": {
      "x": 44,
      "y": 16,
      "width": 52,
      "height": 101
    },
    "offset": {
      "x": 10,
      "y": -6.5
    },
    "originalSize": {
      "width": 120,
      "height": 120
    },
    "rotated": false,
    "capInsets": [
      0,
      0,
      0,
      0
    ],
    "vertices": {
      "rawPosition": [
        -26,
        -50.5,
        0,
        26,
        -50.5,
        0,
        -26,
        50.5,
        0,
        26,
        50.5,
        0
      ],
      "indexes": [
        0,
        1,
        2,
        2,
        1,
        3
      ],
      "uv": [
        44,
        104,
        96,
        104,
        44,
        3,
        96,
        3
      ],
      "nuv": [
        0.36666666666666664,
        0.025,
        0.8,
        0.025,
        0.36666666666666664,
        0.8666666666666667,
        0.8,
        0.8666666666666667
      ],
      "minPos": {
        "x": -26,
        "y": -50.5,
        "z": 0
      },
      "maxPos": {
        "x": 26,
        "y": 50.5,
        "z": 0
      }
    },
    "texture": "4ce8acf9-bca6-4590-9af2-911351474215@6c48a",
    "packable": true,
    "pixelsToUnit": 100,
    "pivot": {
      "x": 0.5,
      "y": 0.5
    },
    "meshType": 0
  }
}