{
  "__type__": "cc.SpriteFrame",
  "content": {
    "name": "tower_hero_001",
    "atlas": "",
    "rect": {
      "x": 2,
      "y": 2,
      "width": 249,
      "height": 252
    },
    "offset": {
      "x": -1.5,
      "y": 0
    },
    "originalSize": {
      "width": 256,
      "height": 256
    },
    "rotated": false,
    "capInsets": [
      0,
      0,
      0,
      0
    ],
    "vertices": {
      "rawPosition": [
        -124.5,
        -126,
        0,
        124.5,
        -126,
        0,
        -124.5,
        126,
        0,
        124.5,
        126,
        0
      ],
      "indexes": [
        0,
        1,
        2,
        2,
        1,
        3
      ],
      "uv": [
        2,
        254,
        251,
        254,
        2,
        2,
        251,
        2
      ],
      "nuv": [
        0.0078125,
        0.0078125,
        0.98046875,
        0.0078125,
        0.0078125,
        0.9921875,
        0.98046875,
        0.9921875
      ],
      "minPos": {
        "x": -124.5,
        "y": -126,
        "z": 0
      },
      "maxPos": {
        "x": 124.5,
        "y": 126,
        "z": 0
      }
    },
    "texture": "56353d26-59f0-4eab-8a92-50962684d854@6c48a",
    "packable": true,
    "pixelsToUnit": 100,
    "pivot": {
      "x": 0.5,
      "y": 0.5
    },
    "meshType": 0
  }
}