{
  "__type__": "cc.SpriteFrame",
  "content": {
    "name": "jingYing07",
    "atlas": "",
    "rect": {
      "x": 33,
      "y": 93,
      "width": 255,
      "height": 208
    },
    "offset": {
      "x": 0.5,
      "y": -37
    },
    "originalSize": {
      "width": 320,
      "height": 320
    },
    "rotated": false,
    "capInsets": [
      0,
      0,
      0,
      0
    ],
    "vertices": {
      "rawPosition": [
        -127.5,
        -104,
        0,
        127.5,
        -104,
        0,
        -127.5,
        104,
        0,
        127.5,
        104,
        0
      ],
      "indexes": [
        0,
        1,
        2,
        2,
        1,
        3
      ],
      "uv": [
        33,
        227,
        288,
        227,
        33,
        19,
        288,
        19
      ],
      "nuv": [
        0.103125,
        0.059375,
        0.9,
        0.059375,
        0.103125,
        0.709375,
        0.9,
        0.709375
      ],
      "minPos": {
        "x": -127.5,
        "y": -104,
        "z": 0
      },
      "maxPos": {
        "x": 127.5,
        "y": 104,
        "z": 0
      }
    },
    "texture": "56a7ee00-eca4-4626-a77b-ae50d6cfcc6c@6c48a",
    "packable": true,
    "pixelsToUnit": 100,
    "pivot": {
      "x": 0.5,
      "y": 0.5
    },
    "meshType": 0
  }
}