{
  "__type__": "cc.SpriteFrame",
  "content": {
    "name": "m_31007_effect",
    "atlas": "",
    "rect": {
      "x": 2,
      "y": 2,
      "width": 1002,
      "height": 1020
    },
    "offset": {
      "x": -9,
      "y": 0
    },
    "originalSize": {
      "width": 1024,
      "height": 1024
    },
    "rotated": false,
    "capInsets": [
      0,
      0,
      0,
      0
    ],
    "vertices": {
      "rawPosition": [
        -501,
        -510,
        0,
        501,
        -510,
        0,
        -501,
        510,
        0,
        501,
        510,
        0
      ],
      "indexes": [
        0,
        1,
        2,
        2,
        1,
        3
      ],
      "uv": [
        2,
        1022,
        1004,
        1022,
        2,
        2,
        1004,
        2
      ],
      "nuv": [
        0.001953125,
        0.001953125,
        0.98046875,
        0.001953125,
        0.001953125,
        0.998046875,
        0.98046875,
        0.998046875
      ],
      "minPos": {
        "x": -501,
        "y": -510,
        "z": 0
      },
      "maxPos": {
        "x": 501,
        "y": 510,
        "z": 0
      }
    },
    "texture": "3d475fb7-8b4b-4129-a91a-62f5ae4c65e8@6c48a",
    "packable": true,
    "pixelsToUnit": 100,
    "pivot": {
      "x": 0.5,
      "y": 0.5
    },
    "meshType": 0
  }
}