{
  "__type__": "cc.SpriteFrame",
  "content": {
    "name": "fnt_fight_green_0",
    "atlas": "",
    "rect": {
      "x": 1,
      "y": 0,
      "width": 237,
      "height": 54
    },
    "offset": {
      "x": -8.5,
      "y": 5
    },
    "originalSize": {
      "width": 256,
      "height": 64
    },
    "rotated": false,
    "capInsets": [
      0,
      0,
      0,
      0
    ],
    "vertices": {
      "rawPosition": [
        -118.5,
        -27,
        0,
        118.5,
        -27,
        0,
        -118.5,
        27,
        0,
        118.5,
        27,
        0
      ],
      "indexes": [
        0,
        1,
        2,
        2,
        1,
        3
      ],
      "uv": [
        1,
        64,
        238,
        64,
        1,
        10,
        238,
        10
      ],
      "nuv": [
        0.00390625,
        0.15625,
        0.9296875,
        0.15625,
        0.00390625,
        1,
        0.9296875,
        1
      ],
      "minPos": {
        "x": -118.5,
        "y": -27,
        "z": 0
      },
      "maxPos": {
        "x": 118.5,
        "y": 27,
        "z": 0
      }
    },
    "texture": "3df87c96-6113-4dd9-b986-599d63ae6e33@6c48a",
    "packable": false,
    "pixelsToUnit": 100,
    "pivot": {
      "x": 0.5,
      "y": 0.5
    },
    "meshType": 0
  }
}