{
  "__type__": "cc.SpriteFrame",
  "content": {
    "name": "btn_TuJian01",
    "atlas": "",
    "rect": {
      "x": 3,
      "y": 9,
      "width": 52,
      "height": 39
    },
    "offset": {
      "x": 0,
      "y": 0
    },
    "originalSize": {
      "width": 58,
      "height": 57
    },
    "rotated": false,
    "capInsets": [
      0,
      0,
      0,
      0
    ],
    "vertices": {
      "rawPosition": [
        -26,
        -19.5,
        0,
        26,
        -19.5,
        0,
        -26,
        19.5,
        0,
        26,
        19.5,
        0
      ],
      "indexes": [
        0,
        1,
        2,
        2,
        1,
        3
      ],
      "uv": [
        3,
        48,
        55,
        48,
        3,
        9,
        55,
        9
      ],
      "nuv": [
        0.05172413793103448,
        0.15789473684210525,
        0.9482758620689655,
        0.15789473684210525,
        0.05172413793103448,
        0.8421052631578947,
        0.9482758620689655,
        0.8421052631578947
      ],
      "minPos": {
        "x": -26,
        "y": -19.5,
        "z": 0
      },
      "maxPos": {
        "x": 26,
        "y": 19.5,
        "z": 0
      }
    },
    "texture": "82139e7d-4c51-4676-bd85-83ee18fb8386@6c48a",
    "packable": true,
    "pixelsToUnit": 100,
    "pivot": {
      "x": 0.5,
      "y": 0.5
    },
    "meshType": 0
  }
}