{
  "__type__": "cc.SpriteFrame",
  "content": {
    "name": "loading",
    "atlas": "",
    "rect": {
      "x": 2,
      "y": 2,
      "width": 676,
      "height": 1012
    },
    "offset": {
      "x": -172,
      "y": 4
    },
    "originalSize": {
      "width": 1024,
      "height": 1024
    },
    "rotated": false,
    "capInsets": [
      0,
      0,
      0,
      0
    ],
    "vertices": {
      "rawPosition": [
        -338,
        -506,
        0,
        338,
        -506,
        0,
        -338,
        506,
        0,
        338,
        506,
        0
      ],
      "indexes": [
        0,
        1,
        2,
        2,
        1,
        3
      ],
      "uv": [
        2,
        1022,
        678,
        1022,
        2,
        10,
        678,
        10
      ],
      "nuv": [
        0.001953125,
        0.009765625,
        0.662109375,
        0.009765625,
        0.001953125,
        0.998046875,
        0.662109375,
        0.998046875
      ],
      "minPos": {
        "x": -338,
        "y": -506,
        "z": 0
      },
      "maxPos": {
        "x": 338,
        "y": 506,
        "z": 0
      }
    },
    "texture": "82346387-84be-471c-b9e6-7fa85920b74f@6c48a",
    "packable": true,
    "pixelsToUnit": 100,
    "pivot": {
      "x": 0.5,
      "y": 0.5
    },
    "meshType": 0
  }
}