{
  "__type__": "cc.SpriteFrame",
  "content": {
    "name": "bookQualityBg_1",
    "atlas": "",
    "rect": {
      "x": 3,
      "y": 5,
      "width": 170,
      "height": 238
    },
    "offset": {
      "x": 0,
      "y": 0.5
    },
    "originalSize": {
      "width": 176,
      "height": 249
    },
    "rotated": false,
    "capInsets": [
      0,
      0,
      0,
      0
    ],
    "vertices": {
      "rawPosition": [
        -85,
        -119,
        0,
        85,
        -119,
        0,
        -85,
        119,
        0,
        85,
        119,
        0
      ],
      "indexes": [
        0,
        1,
        2,
        2,
        1,
        3
      ],
      "uv": [
        3,
        244,
        173,
        244,
        3,
        6,
        173,
        6
      ],
      "nuv": [
        0.017045454545454544,
        0.024096385542168676,
        0.9829545454545454,
        0.024096385542168676,
        0.017045454545454544,
        0.9799196787148594,
        0.9829545454545454,
        0.9799196787148594
      ],
      "minPos": {
        "x": -85,
        "y": -119,
        "z": 0
      },
      "maxPos": {
        "x": 85,
        "y": 119,
        "z": 0
      }
    },
    "texture": "82831f9d-fa67-4f00-8573-babbac9863a3@6c48a",
    "packable": true,
    "pixelsToUnit": 100,
    "pivot": {
      "x": 0.5,
      "y": 0.5
    },
    "meshType": 0
  }
}