{
  "__type__": "cc.SpriteFrame",
  "content": {
    "name": "jobBg",
    "atlas": "",
    "rect": {
      "x": 2,
      "y": 0,
      "width": 56,
      "height": 56
    },
    "offset": {
      "x": 0.5,
      "y": 0
    },
    "originalSize": {
      "width": 59,
      "height": 56
    },
    "rotated": false,
    "capInsets": [
      0,
      0,
      0,
      0
    ],
    "vertices": {
      "rawPosition": [
        -28,
        -28,
        0,
        28,
        -28,
        0,
        -28,
        28,
        0,
        28,
        28,
        0
      ],
      "indexes": [
        0,
        1,
        2,
        2,
        1,
        3
      ],
      "uv": [
        2,
        56,
        58,
        56,
        2,
        0,
        58,
        0
      ],
      "nuv": [
        0.03389830508474576,
        0,
        0.9830508474576272,
        0,
        0.03389830508474576,
        1,
        0.9830508474576272,
        1
      ],
      "minPos": {
        "x": -28,
        "y": -28,
        "z": 0
      },
      "maxPos": {
        "x": 28,
        "y": 28,
        "z": 0
      }
    },
    "texture": "828a5e4e-4321-427d-930a-4ee0918768a7@6c48a",
    "packable": true,
    "pixelsToUnit": 100,
    "pivot": {
      "x": 0.5,
      "y": 0.5
    },
    "meshType": 0
  }
}