{
  "__type__": "cc.SpriteFrame",
  "content": {
    "name": "m_31011_behit_1",
    "atlas": "",
    "rect": {
      "x": 1,
      "y": 4,
      "width": 1845,
      "height": 1888
    },
    "offset": {
      "x": -0.5,
      "y": 32
    },
    "originalSize": {
      "width": 1848,
      "height": 1960
    },
    "rotated": false,
    "capInsets": [
      0,
      0,
      0,
      0
    ],
    "vertices": {
      "rawPosition": [
        -922.5,
        -944,
        0,
        922.5,
        -944,
        0,
        -922.5,
        944,
        0,
        922.5,
        944,
        0
      ],
      "indexes": [
        0,
        1,
        2,
        2,
        1,
        3
      ],
      "uv": [
        1,
        1956,
        1846,
        1956,
        1,
        68,
        1846,
        68
      ],
      "nuv": [
        0.0005411255411255411,
        0.03469387755102041,
        0.9989177489177489,
        0.03469387755102041,
        0.0005411255411255411,
        0.9979591836734694,
        0.9989177489177489,
        0.9979591836734694
      ],
      "minPos": {
        "x": -922.5,
        "y": -944,
        "z": 0
      },
      "maxPos": {
        "x": 922.5,
        "y": 944,
        "z": 0
      }
    },
    "texture": "82baf824-a092-4038-90ac-e11d53c9bcaf@6c48a",
    "packable": true,
    "pixelsToUnit": 100,
    "pivot": {
      "x": 0.5,
      "y": 0.5
    },
    "meshType": 0
  }
}