{
  "__type__": "cc.SpriteFrame",
  "content": {
    "name": "tower_hero_016",
    "atlas": "",
    "rect": {
      "x": 1,
      "y": 1,
      "width": 251,
      "height": 254
    },
    "offset": {
      "x": -1.5,
      "y": 0
    },
    "originalSize": {
      "width": 256,
      "height": 256
    },
    "rotated": false,
    "capInsets": [
      0,
      0,
      0,
      0
    ],
    "vertices": {
      "rawPosition": [
        -125.5,
        -127,
        0,
        125.5,
        -127,
        0,
        -125.5,
        127,
        0,
        125.5,
        127,
        0
      ],
      "indexes": [
        0,
        1,
        2,
        2,
        1,
        3
      ],
      "uv": [
        1,
        255,
        252,
        255,
        1,
        1,
        252,
        1
      ],
      "nuv": [
        0.00390625,
        0.00390625,
        0.984375,
        0.00390625,
        0.00390625,
        0.99609375,
        0.984375,
        0.99609375
      ],
      "minPos": {
        "x": -125.5,
        "y": -127,
        "z": 0
      },
      "maxPos": {
        "x": 125.5,
        "y": 127,
        "z": 0
      }
    },
    "texture": "d4097e44-5ea0-4a1b-aac3-1d6992f4d706@6c48a",
    "packable": true,
    "pixelsToUnit": 100,
    "pivot": {
      "x": 0.5,
      "y": 0.5
    },
    "meshType": 0
  }
}