{
  "__type__": "cc.SpriteFrame",
  "content": {
    "name": "sc001_00020",
    "atlas": "",
    "rect": {
      "x": 38,
      "y": 34,
      "width": 66,
      "height": 83
    },
    "offset": {
      "x": 11,
      "y": -15.5
    },
    "originalSize": {
      "width": 120,
      "height": 120
    },
    "rotated": false,
    "capInsets": [
      0,
      0,
      0,
      0
    ],
    "vertices": {
      "rawPosition": [
        -33,
        -41.5,
        0,
        33,
        -41.5,
        0,
        -33,
        41.5,
        0,
        33,
        41.5,
        0
      ],
      "indexes": [
        0,
        1,
        2,
        2,
        1,
        3
      ],
      "uv": [
        38,
        86,
        104,
        86,
        38,
        3,
        104,
        3
      ],
      "nuv": [
        0.31666666666666665,
        0.025,
        0.8666666666666667,
        0.025,
        0.31666666666666665,
        0.7166666666666667,
        0.8666666666666667,
        0.7166666666666667
      ],
      "minPos": {
        "x": -33,
        "y": -41.5,
        "z": 0
      },
      "maxPos": {
        "x": 33,
        "y": 41.5,
        "z": 0
      }
    },
    "texture": "d40c2008-e6d0-4d25-aaf6-0c2ebcd9c34a@6c48a",
    "packable": true,
    "pixelsToUnit": 100,
    "pivot": {
      "x": 0.5,
      "y": 0.5
    },
    "meshType": 0
  }
}