{
  "__type__": "cc.SpriteFrame",
  "content": {
    "name": "jingYing05",
    "atlas": "",
    "rect": {
      "x": 32,
      "y": 23,
      "width": 257,
      "height": 278
    },
    "offset": {
      "x": 0.5,
      "y": -2
    },
    "originalSize": {
      "width": 320,
      "height": 320
    },
    "rotated": false,
    "capInsets": [
      0,
      0,
      0,
      0
    ],
    "vertices": {
      "rawPosition": [
        -128.5,
        -139,
        0,
        128.5,
        -139,
        0,
        -128.5,
        139,
        0,
        128.5,
        139,
        0
      ],
      "indexes": [
        0,
        1,
        2,
        2,
        1,
        3
      ],
      "uv": [
        32,
        297,
        289,
        297,
        32,
        19,
        289,
        19
      ],
      "nuv": [
        0.1,
        0.059375,
        0.903125,
        0.059375,
        0.1,
        0.928125,
        0.903125,
        0.928125
      ],
      "minPos": {
        "x": -128.5,
        "y": -139,
        "z": 0
      },
      "maxPos": {
        "x": 128.5,
        "y": 139,
        "z": 0
      }
    },
    "texture": "d41b5858-4076-4f8a-9de9-e4d7dd5b5014@6c48a",
    "packable": true,
    "pixelsToUnit": 100,
    "pivot": {
      "x": 0.5,
      "y": 0.5
    },
    "meshType": 0
  }
}