{
  "__type__": "cc.SpriteFrame",
  "content": {
    "name": "hero_4302_behit_2",
    "atlas": "",
    "rect": {
      "x": 36,
      "y": 49,
      "width": 1427,
      "height": 512
    },
    "offset": {
      "x": 9.5,
      "y": -10
    },
    "originalSize": {
      "width": 1480,
      "height": 590
    },
    "rotated": false,
    "capInsets": [
      0,
      0,
      0,
      0
    ],
    "vertices": {
      "rawPosition": [
        -713.5,
        -256,
        0,
        713.5,
        -256,
        0,
        -713.5,
        256,
        0,
        713.5,
        256,
        0
      ],
      "indexes": [
        0,
        1,
        2,
        2,
        1,
        3
      ],
      "uv": [
        36,
        541,
        1463,
        541,
        36,
        29,
        1463,
        29
      ],
      "nuv": [
        0.024324324324324326,
        0.04915254237288136,
        0.9885135135135135,
        0.04915254237288136,
        0.024324324324324326,
        0.9169491525423729,
        0.9885135135135135,
        0.9169491525423729
      ],
      "minPos": {
        "x": -713.5,
        "y": -256,
        "z": 0
      },
      "maxPos": {
        "x": 713.5,
        "y": 256,
        "z": 0
      }
    },
    "texture": "8796bdf7-8261-4f8c-b903-8105edcfacac@6c48a",
    "packable": true,
    "pixelsToUnit": 100,
    "pivot": {
      "x": 0.5,
      "y": 0.5
    },
    "meshType": 0
  }
}