{
  "__type__": "cc.SpriteFrame",
  "content": {
    "name": "btn_niuDan02",
    "atlas": "",
    "rect": {
      "x": 3,
      "y": 0,
      "width": 60,
      "height": 64
    },
    "offset": {
      "x": 0,
      "y": 0
    },
    "originalSize": {
      "width": 66,
      "height": 64
    },
    "rotated": false,
    "capInsets": [
      0,
      0,
      0,
      0
    ],
    "vertices": {
      "rawPosition": [
        -30,
        -32,
        0,
        30,
        -32,
        0,
        -30,
        32,
        0,
        30,
        32,
        0
      ],
      "indexes": [
        0,
        1,
        2,
        2,
        1,
        3
      ],
      "uv": [
        3,
        64,
        63,
        64,
        3,
        0,
        63,
        0
      ],
      "nuv": [
        0.045454545454545456,
        0,
        0.9545454545454546,
        0,
        0.045454545454545456,
        1,
        0.9545454545454546,
        1
      ],
      "minPos": {
        "x": -30,
        "y": -32,
        "z": 0
      },
      "maxPos": {
        "x": 30,
        "y": 32,
        "z": 0
      }
    },
    "texture": "e23b9f86-e10c-4a6e-b8ed-bec1a560f2c8@6c48a",
    "packable": true,
    "pixelsToUnit": 100,
    "pivot": {
      "x": 0.5,
      "y": 0.5
    },
    "meshType": 0
  }
}