{
  "__type__": "cc.SpriteFrame",
  "content": {
    "name": "sheShou",
    "atlas": "",
    "rect": {
      "x": 0,
      "y": 4,
      "width": 954,
      "height": 206
    },
    "offset": {
      "x": 0,
      "y": -2
    },
    "originalSize": {
      "width": 954,
      "height": 210
    },
    "rotated": false,
    "capInsets": [
      0,
      0,
      0,
      0
    ],
    "vertices": {
      "rawPosition": [
        -477,
        -103,
        0,
        477,
        -103,
        0,
        -477,
        103,
        0,
        477,
        103,
        0
      ],
      "indexes": [
        0,
        1,
        2,
        2,
        1,
        3
      ],
      "uv": [
        0,
        206,
        954,
        206,
        0,
        0,
        954,
        0
      ],
      "nuv": [
        0,
        0,
        1,
        0,
        0,
        0.9809523809523809,
        1,
        0.9809523809523809
      ],
      "minPos": {
        "x": -477,
        "y": -103,
        "z": 0
      },
      "maxPos": {
        "x": 477,
        "y": 103,
        "z": 0
      }
    },
    "texture": "be9dc96b-a9c5-417b-8664-0f51851993f5@6c48a",
    "packable": true,
    "pixelsToUnit": 100,
    "pivot": {
      "x": 0.5,
      "y": 0.5
    },
    "meshType": 0
  }
}