{
  "__type__": "cc.SpriteFrame",
  "content": {
    "name": "sc001_00005",
    "atlas": "",
    "rect": {
      "x": 21,
      "y": 16,
      "width": 95,
      "height": 101
    },
    "offset": {
      "x": 8.5,
      "y": -6.5
    },
    "originalSize": {
      "width": 120,
      "height": 120
    },
    "rotated": false,
    "capInsets": [
      0,
      0,
      0,
      0
    ],
    "vertices": {
      "rawPosition": [
        -47.5,
        -50.5,
        0,
        47.5,
        -50.5,
        0,
        -47.5,
        50.5,
        0,
        47.5,
        50.5,
        0
      ],
      "indexes": [
        0,
        1,
        2,
        2,
        1,
        3
      ],
      "uv": [
        21,
        104,
        116,
        104,
        21,
        3,
        116,
        3
      ],
      "nuv": [
        0.175,
        0.025,
        0.9666666666666667,
        0.025,
        0.175,
        0.8666666666666667,
        0.9666666666666667,
        0.8666666666666667
      ],
      "minPos": {
        "x": -47.5,
        "y": -50.5,
        "z": 0
      },
      "maxPos": {
        "x": 47.5,
        "y": 50.5,
        "z": 0
      }
    },
    "texture": "beb988cc-c76b-4e5d-945c-821e502b786f@6c48a",
    "packable": true,
    "pixelsToUnit": 100,
    "pivot": {
      "x": 0.5,
      "y": 0.5
    },
    "meshType": 0
  }
}