{
  "__type__": "cc.SpriteFrame",
  "content": {
    "name": "frame_002",
    "atlas": "",
    "rect": {
      "x": 20,
      "y": 10,
      "width": 111,
      "height": 128
    },
    "offset": {
      "x": 0.5,
      "y": 1
    },
    "originalSize": {
      "width": 150,
      "height": 150
    },
    "rotated": false,
    "capInsets": [
      0,
      0,
      0,
      0
    ],
    "vertices": {
      "rawPosition": [
        -55.5,
        -64,
        0,
        55.5,
        -64,
        0,
        -55.5,
        64,
        0,
        55.5,
        64,
        0
      ],
      "indexes": [
        0,
        1,
        2,
        2,
        1,
        3
      ],
      "uv": [
        20,
        140,
        131,
        140,
        20,
        12,
        131,
        12
      ],
      "nuv": [
        0.13333333333333333,
        0.08,
        0.8733333333333333,
        0.08,
        0.13333333333333333,
        0.9333333333333333,
        0.8733333333333333,
        0.9333333333333333
      ],
      "minPos": {
        "x": -55.5,
        "y": -64,
        "z": 0
      },
      "maxPos": {
        "x": 55.5,
        "y": 64,
        "z": 0
      }
    },
    "texture": "251ebc75-d050-471c-bc65-f0cff69ed8f6@6c48a",
    "packable": true,
    "pixelsToUnit": 100,
    "pivot": {
      "x": 0.5,
      "y": 0.5
    },
    "meshType": 0
  }
}