{
  "__type__": "cc.SpriteFrame",
  "content": {
    "name": "title_SignIn2",
    "atlas": "",
    "rect": {
      "x": 15,
      "y": 4,
      "width": 374,
      "height": 106
    },
    "offset": {
      "x": -1,
      "y": -1.5
    },
    "originalSize": {
      "width": 406,
      "height": 111
    },
    "rotated": false,
    "capInsets": [
      0,
      0,
      0,
      0
    ],
    "vertices": {
      "rawPosition": [
        -187,
        -53,
        0,
        187,
        -53,
        0,
        -187,
        53,
        0,
        187,
        53,
        0
      ],
      "indexes": [
        0,
        1,
        2,
        2,
        1,
        3
      ],
      "uv": [
        15,
        107,
        389,
        107,
        15,
        1,
        389,
        1
      ],
      "nuv": [
        0.03694581280788178,
        0.009009009009009009,
        0.958128078817734,
        0.009009009009009009,
        0.03694581280788178,
        0.963963963963964,
        0.958128078817734,
        0.963963963963964
      ],
      "minPos": {
        "x": -187,
        "y": -53,
        "z": 0
      },
      "maxPos": {
        "x": 187,
        "y": 53,
        "z": 0
      }
    },
    "texture": "254dcf89-e511-4f4a-8a38-b14a7e155c73@6c48a",
    "packable": true,
    "pixelsToUnit": 100,
    "pivot": {
      "x": 0.5,
      "y": 0.5
    },
    "meshType": 0
  }
}