{
  "__type__": "cc.SpriteFrame",
  "content": {
    "name": "tower_hero_0252",
    "atlas": "",
    "rect": {
      "x": 1,
      "y": 1,
      "width": 55,
      "height": 78
    },
    "offset": {
      "x": -99.5,
      "y": 88
    },
    "originalSize": {
      "width": 256,
      "height": 256
    },
    "rotated": false,
    "capInsets": [
      0,
      0,
      0,
      0
    ],
    "vertices": {
      "rawPosition": [
        -27.5,
        -39,
        0,
        27.5,
        -39,
        0,
        -27.5,
        39,
        0,
        27.5,
        39,
        0
      ],
      "indexes": [
        0,
        1,
        2,
        2,
        1,
        3
      ],
      "uv": [
        1,
        255,
        56,
        255,
        1,
        177,
        56,
        177
      ],
      "nuv": [
        0.00390625,
        0.69140625,
        0.21875,
        0.69140625,
        0.00390625,
        0.99609375,
        0.21875,
        0.99609375
      ],
      "minPos": {
        "x": -27.5,
        "y": -39,
        "z": 0
      },
      "maxPos": {
        "x": 27.5,
        "y": 39,
        "z": 0
      }
    },
    "texture": "ea0690b2-501b-406f-9646-0c7be5250952@6c48a",
    "packable": true,
    "pixelsToUnit": 100,
    "pivot": {
      "x": 0.5,
      "y": 0.5
    },
    "meshType": 0
  }
}