{
  "__type__": "cc.SpriteFrame",
  "content": {
    "name": "m_32001_bullet_3",
    "atlas": "",
    "rect": {
      "x": 2,
      "y": 6,
      "width": 494,
      "height": 488
    },
    "offset": {
      "x": -7,
      "y": 6
    },
    "originalSize": {
      "width": 512,
      "height": 512
    },
    "rotated": false,
    "capInsets": [
      0,
      0,
      0,
      0
    ],
    "vertices": {
      "rawPosition": [
        -247,
        -244,
        0,
        247,
        -244,
        0,
        -247,
        244,
        0,
        247,
        244,
        0
      ],
      "indexes": [
        0,
        1,
        2,
        2,
        1,
        3
      ],
      "uv": [
        2,
        506,
        496,
        506,
        2,
        18,
        496,
        18
      ],
      "nuv": [
        0.00390625,
        0.03515625,
        0.96875,
        0.03515625,
        0.00390625,
        0.98828125,
        0.96875,
        0.98828125
      ],
      "minPos": {
        "x": -247,
        "y": -244,
        "z": 0
      },
      "maxPos": {
        "x": 247,
        "y": 244,
        "z": 0
      }
    },
    "texture": "eac8c4ed-f8c7-4007-9df0-7aaf9ad01a2b@6c48a",
    "packable": true,
    "pixelsToUnit": 100,
    "pivot": {
      "x": 0.5,
      "y": 0.5
    },
    "meshType": 0
  }
}