{
  "__type__": "cc.SpriteFrame",
  "content": {
    "name": "m_31009",
    "atlas": "",
    "rect": {
      "x": 1,
      "y": 1,
      "width": 1155,
      "height": 389
    },
    "offset": {
      "x": 0,
      "y": 0
    },
    "originalSize": {
      "width": 1157,
      "height": 391
    },
    "rotated": false,
    "capInsets": [
      0,
      0,
      0,
      0
    ],
    "vertices": {
      "rawPosition": [
        -577.5,
        -194.5,
        0,
        577.5,
        -194.5,
        0,
        -577.5,
        194.5,
        0,
        577.5,
        194.5,
        0
      ],
      "indexes": [
        0,
        1,
        2,
        2,
        1,
        3
      ],
      "uv": [
        1,
        390,
        1156,
        390,
        1,
        1,
        1156,
        1
      ],
      "nuv": [
        0.000864304235090752,
        0.0025575447570332483,
        0.9991356957649092,
        0.0025575447570332483,
        0.000864304235090752,
        0.9974424552429667,
        0.9991356957649092,
        0.9974424552429667
      ],
      "minPos": {
        "x": -577.5,
        "y": -194.5,
        "z": 0
      },
      "maxPos": {
        "x": 577.5,
        "y": 194.5,
        "z": 0
      }
    },
    "texture": "09955870-4f42-4e9f-9ccf-340dda8b57ef@6c48a",
    "packable": true,
    "pixelsToUnit": 100,
    "pivot": {
      "x": 0.5,
      "y": 0.5
    },
    "meshType": 0
  }
}