{
  "__type__": "cc.SpriteFrame",
  "content": {
    "name": "star_1",
    "atlas": "",
    "rect": {
      "x": 1,
      "y": 1,
      "width": 55,
      "height": 52
    },
    "offset": {
      "x": 0,
      "y": 0.5
    },
    "originalSize": {
      "width": 57,
      "height": 55
    },
    "rotated": false,
    "capInsets": [
      0,
      0,
      0,
      0
    ],
    "vertices": {
      "rawPosition": [
        -27.5,
        -26,
        0,
        27.5,
        -26,
        0,
        -27.5,
        26,
        0,
        27.5,
        26,
        0
      ],
      "indexes": [
        0,
        1,
        2,
        2,
        1,
        3
      ],
      "uv": [
        1,
        54,
        56,
        54,
        1,
        2,
        56,
        2
      ],
      "nuv": [
        0.017543859649122806,
        0.03636363636363636,
        0.9824561403508771,
        0.03636363636363636,
        0.017543859649122806,
        0.9818181818181818,
        0.9824561403508771,
        0.9818181818181818
      ],
      "minPos": {
        "x": -27.5,
        "y": -26,
        "z": 0
      },
      "maxPos": {
        "x": 27.5,
        "y": 26,
        "z": 0
      }
    },
    "texture": "0fe5e68e-b7ea-4bfe-be4f-2348fd5d82ba@6c48a",
    "packable": true,
    "pixelsToUnit": 100,
    "pivot": {
      "x": 0.5,
      "y": 0.5
    },
    "meshType": 0
  }
}