{
  "__type__": "cc.SpriteFrame",
  "content": {
    "name": "hero_3302",
    "atlas": "",
    "rect": {
      "x": 8,
      "y": 1,
      "width": 51,
      "height": 57
    },
    "offset": {
      "x": 1,
      "y": 0.5
    },
    "originalSize": {
      "width": 65,
      "height": 60
    },
    "rotated": false,
    "capInsets": [
      0,
      0,
      0,
      0
    ],
    "vertices": {
      "rawPosition": [
        -25.5,
        -28.5,
        0,
        25.5,
        -28.5,
        0,
        -25.5,
        28.5,
        0,
        25.5,
        28.5,
        0
      ],
      "indexes": [
        0,
        1,
        2,
        2,
        1,
        3
      ],
      "uv": [
        8,
        59,
        59,
        59,
        8,
        2,
        59,
        2
      ],
      "nuv": [
        0.12307692307692308,
        0.03333333333333333,
        0.9076923076923077,
        0.03333333333333333,
        0.12307692307692308,
        0.9833333333333333,
        0.9076923076923077,
        0.9833333333333333
      ],
      "minPos": {
        "x": -25.5,
        "y": -28.5,
        "z": 0
      },
      "maxPos": {
        "x": 25.5,
        "y": 28.5,
        "z": 0
      }
    },
    "texture": "d9c5e654-4095-4ebd-9771-7ccf26b2622c@6c48a",
    "packable": true,
    "pixelsToUnit": 100,
    "pivot": {
      "x": 0.5,
      "y": 0.5
    },
    "meshType": 0
  }
}