{
  "__type__": "cc.SpriteFrame",
  "content": {
    "name": "m_21023",
    "atlas": "",
    "rect": {
      "x": 1,
      "y": 1,
      "width": 946,
      "height": 1150
    },
    "offset": {
      "x": -9,
      "y": 0
    },
    "originalSize": {
      "width": 966,
      "height": 1152
    },
    "rotated": false,
    "capInsets": [
      0,
      0,
      0,
      0
    ],
    "vertices": {
      "rawPosition": [
        -473,
        -575,
        0,
        473,
        -575,
        0,
        -473,
        575,
        0,
        473,
        575,
        0
      ],
      "indexes": [
        0,
        1,
        2,
        2,
        1,
        3
      ],
      "uv": [
        1,
        1151,
        947,
        1151,
        1,
        1,
        947,
        1
      ],
      "nuv": [
        0.0010351966873706005,
        0.0008680555555555555,
        0.9803312629399586,
        0.0008680555555555555,
        0.0010351966873706005,
        0.9991319444444444,
        0.9803312629399586,
        0.9991319444444444
      ],
      "minPos": {
        "x": -473,
        "y": -575,
        "z": 0
      },
      "maxPos": {
        "x": 473,
        "y": 575,
        "z": 0
      }
    },
    "texture": "378dcf00-5dad-443f-aa19-9a774230aab4@6c48a",
    "packable": true,
    "pixelsToUnit": 100,
    "pivot": {
      "x": 0.5,
      "y": 0.5
    },
    "meshType": 0
  }
}