{
  "__type__": "cc.SpriteFrame",
  "content": {
    "name": "tower_hero_017",
    "atlas": "",
    "rect": {
      "x": 3,
      "y": 3,
      "width": 241,
      "height": 249
    },
    "offset": {
      "x": -4.5,
      "y": 0.5
    },
    "originalSize": {
      "width": 256,
      "height": 256
    },
    "rotated": false,
    "capInsets": [
      0,
      0,
      0,
      0
    ],
    "vertices": {
      "rawPosition": [
        -120.5,
        -124.5,
        0,
        120.5,
        -124.5,
        0,
        -120.5,
        124.5,
        0,
        120.5,
        124.5,
        0
      ],
      "indexes": [
        0,
        1,
        2,
        2,
        1,
        3
      ],
      "uv": [
        3,
        253,
        244,
        253,
        3,
        4,
        244,
        4
      ],
      "nuv": [
        0.01171875,
        0.015625,
        0.953125,
        0.015625,
        0.01171875,
        0.98828125,
        0.953125,
        0.98828125
      ],
      "minPos": {
        "x": -120.5,
        "y": -124.5,
        "z": 0
      },
      "maxPos": {
        "x": 120.5,
        "y": 124.5,
        "z": 0
      }
    },
    "texture": "37ba11cb-a729-4e07-9223-0d376f9021a3@6c48a",
    "packable": true,
    "pixelsToUnit": 100,
    "pivot": {
      "x": 0.5,
      "y": 0.5
    },
    "meshType": 0
  }
}