{
  "__type__": "cc.SpriteFrame",
  "content": {
    "name": "vipBox",
    "atlas": "",
    "rect": {
      "x": 0,
      "y": 0,
      "width": 144,
      "height": 113
    },
    "offset": {
      "x": -1.5,
      "y": 3
    },
    "originalSize": {
      "width": 147,
      "height": 119
    },
    "rotated": false,
    "capInsets": [
      0,
      0,
      0,
      0
    ],
    "vertices": {
      "rawPosition": [
        -72,
        -56.5,
        0,
        72,
        -56.5,
        0,
        -72,
        56.5,
        0,
        72,
        56.5,
        0
      ],
      "indexes": [
        0,
        1,
        2,
        2,
        1,
        3
      ],
      "uv": [
        0,
        119,
        144,
        119,
        0,
        6,
        144,
        6
      ],
      "nuv": [
        0,
        0.05042016806722689,
        0.9795918367346939,
        0.05042016806722689,
        0,
        1,
        0.9795918367346939,
        1
      ],
      "minPos": {
        "x": -72,
        "y": -56.5,
        "z": 0
      },
      "maxPos": {
        "x": 72,
        "y": 56.5,
        "z": 0
      }
    },
    "texture": "1628fa38-eda8-4b2b-bb6d-91984ff62a45@6c48a",
    "packable": true,
    "pixelsToUnit": 100,
    "pivot": {
      "x": 0.5,
      "y": 0.5
    },
    "meshType": 0
  }
}