{
  "__type__": "cc.SpriteFrame",
  "content": {
    "name": "material",
    "atlas": "",
    "rect": {
      "x": 10,
      "y": 12,
      "width": 198,
      "height": 391
    },
    "offset": {
      "x": 3,
      "y": -3
    },
    "originalSize": {
      "width": 212,
      "height": 409
    },
    "rotated": false,
    "capInsets": [
      0,
      0,
      0,
      0
    ],
    "vertices": {
      "rawPosition": [
        -99,
        -195.5,
        0,
        99,
        -195.5,
        0,
        -99,
        195.5,
        0,
        99,
        195.5,
        0
      ],
      "indexes": [
        0,
        1,
        2,
        2,
        1,
        3
      ],
      "uv": [
        10,
        397,
        208,
        397,
        10,
        6,
        208,
        6
      ],
      "nuv": [
        0.04716981132075472,
        0.014669926650366748,
        0.9811320754716981,
        0.014669926650366748,
        0.04716981132075472,
        0.9706601466992665,
        0.9811320754716981,
        0.9706601466992665
      ],
      "minPos": {
        "x": -99,
        "y": -195.5,
        "z": 0
      },
      "maxPos": {
        "x": 99,
        "y": 195.5,
        "z": 0
      }
    },
    "texture": "16db1d99-5af5-4489-90c0-e3cded8d399f@6c48a",
    "packable": true,
    "pixelsToUnit": 100,
    "pivot": {
      "x": 0.5,
      "y": 0.5
    },
    "meshType": 0
  }
}