{
  "__type__": "cc.SpriteFrame",
  "content": {
    "name": "hero_4202_behit_1",
    "atlas": "",
    "rect": {
      "x": 43,
      "y": 9,
      "width": 800,
      "height": 132
    },
    "offset": {
      "x": 18,
      "y": 0
    },
    "originalSize": {
      "width": 850,
      "height": 150
    },
    "rotated": false,
    "capInsets": [
      0,
      0,
      0,
      0
    ],
    "vertices": {
      "rawPosition": [
        -400,
        -66,
        0,
        400,
        -66,
        0,
        -400,
        66,
        0,
        400,
        66,
        0
      ],
      "indexes": [
        0,
        1,
        2,
        2,
        1,
        3
      ],
      "uv": [
        43,
        141,
        843,
        141,
        43,
        9,
        843,
        9
      ],
      "nuv": [
        0.05058823529411765,
        0.06,
        0.991764705882353,
        0.06,
        0.05058823529411765,
        0.94,
        0.991764705882353,
        0.94
      ],
      "minPos": {
        "x": -400,
        "y": -66,
        "z": 0
      },
      "maxPos": {
        "x": 400,
        "y": 66,
        "z": 0
      }
    },
    "texture": "deb7d8c9-97ff-44d5-83ce-f24150b9d502@6c48a",
    "packable": true,
    "pixelsToUnit": 100,
    "pivot": {
      "x": 0.5,
      "y": 0.5
    },
    "meshType": 0
  }
}