{
  "__type__": "cc.SpriteFrame",
  "content": {
    "name": "hero_4101_behit_3",
    "atlas": "",
    "rect": {
      "x": 15,
      "y": 34,
      "width": 327,
      "height": 1355
    },
    "offset": {
      "x": -1.5,
      "y": 8.5
    },
    "originalSize": {
      "width": 360,
      "height": 1440
    },
    "rotated": false,
    "capInsets": [
      0,
      0,
      0,
      0
    ],
    "vertices": {
      "rawPosition": [
        -163.5,
        -677.5,
        0,
        163.5,
        -677.5,
        0,
        -163.5,
        677.5,
        0,
        163.5,
        677.5,
        0
      ],
      "indexes": [
        0,
        1,
        2,
        2,
        1,
        3
      ],
      "uv": [
        15,
        1406,
        342,
        1406,
        15,
        51,
        342,
        51
      ],
      "nuv": [
        0.041666666666666664,
        0.035416666666666666,
        0.95,
        0.035416666666666666,
        0.041666666666666664,
        0.9763888888888889,
        0.95,
        0.9763888888888889
      ],
      "minPos": {
        "x": -163.5,
        "y": -677.5,
        "z": 0
      },
      "maxPos": {
        "x": 163.5,
        "y": 677.5,
        "z": 0
      }
    },
    "texture": "def77d1d-aee5-4af7-96db-6ffb4eed0aca@6c48a",
    "packable": true,
    "pixelsToUnit": 100,
    "pivot": {
      "x": 0.5,
      "y": 0.5
    },
    "meshType": 0
  }
}