{
  "__type__": "cc.SpriteFrame",
  "content": {
    "name": "tower_hero_012",
    "atlas": "",
    "rect": {
      "x": 1,
      "y": 0,
      "width": 405,
      "height": 126
    },
    "offset": {
      "x": 0.5,
      "y": 0
    },
    "originalSize": {
      "width": 406,
      "height": 126
    },
    "rotated": false,
    "capInsets": [
      0,
      0,
      0,
      0
    ],
    "vertices": {
      "rawPosition": [
        -202.5,
        -63,
        0,
        202.5,
        -63,
        0,
        -202.5,
        63,
        0,
        202.5,
        63,
        0
      ],
      "indexes": [
        0,
        1,
        2,
        2,
        1,
        3
      ],
      "uv": [
        1,
        126,
        406,
        126,
        1,
        0,
        406,
        0
      ],
      "nuv": [
        0.0024630541871921183,
        0,
        1,
        0,
        0.0024630541871921183,
        1,
        1,
        1
      ],
      "minPos": {
        "x": -202.5,
        "y": -63,
        "z": 0
      },
      "maxPos": {
        "x": 202.5,
        "y": 63,
        "z": 0
      }
    },
    "texture": "793eacbe-d291-4dff-b0a0-2a02d7f97d53@6c48a",
    "packable": true,
    "pixelsToUnit": 100,
    "pivot": {
      "x": 0.5,
      "y": 0.5
    },
    "meshType": 0
  }
}