{
  "__type__": "cc.SpriteFrame",
  "content": {
    "name": "hero_1401",
    "atlas": "",
    "rect": {
      "x": 1,
      "y": 1,
      "width": 56,
      "height": 57
    },
    "offset": {
      "x": -3.5,
      "y": 0.5
    },
    "originalSize": {
      "width": 65,
      "height": 60
    },
    "rotated": false,
    "capInsets": [
      0,
      0,
      0,
      0
    ],
    "vertices": {
      "rawPosition": [
        -28,
        -28.5,
        0,
        28,
        -28.5,
        0,
        -28,
        28.5,
        0,
        28,
        28.5,
        0
      ],
      "indexes": [
        0,
        1,
        2,
        2,
        1,
        3
      ],
      "uv": [
        1,
        59,
        57,
        59,
        1,
        2,
        57,
        2
      ],
      "nuv": [
        0.015384615384615385,
        0.03333333333333333,
        0.8769230769230769,
        0.03333333333333333,
        0.015384615384615385,
        0.9833333333333333,
        0.8769230769230769,
        0.9833333333333333
      ],
      "minPos": {
        "x": -28,
        "y": -28.5,
        "z": 0
      },
      "maxPos": {
        "x": 28,
        "y": 28.5,
        "z": 0
      }
    },
    "texture": "7952b6a5-2c12-4d63-bc70-5a23ec3c187a@6c48a",
    "packable": true,
    "pixelsToUnit": 100,
    "pivot": {
      "x": 0.5,
      "y": 0.5
    },
    "meshType": 0
  }
}