{
  "__type__": "cc.SpriteFrame",
  "content": {
    "name": "vipBar1_1",
    "atlas": "",
    "rect": {
      "x": 2,
      "y": 2,
      "width": 652,
      "height": 24
    },
    "offset": {
      "x": 0,
      "y": 0
    },
    "originalSize": {
      "width": 656,
      "height": 28
    },
    "rotated": false,
    "capInsets": [
      0,
      0,
      0,
      0
    ],
    "vertices": {
      "rawPosition": [
        -326,
        -12,
        0,
        326,
        -12,
        0,
        -326,
        12,
        0,
        326,
        12,
        0
      ],
      "indexes": [
        0,
        1,
        2,
        2,
        1,
        3
      ],
      "uv": [
        2,
        26,
        654,
        26,
        2,
        2,
        654,
        2
      ],
      "nuv": [
        0.003048780487804878,
        0.07142857142857142,
        0.9969512195121951,
        0.07142857142857142,
        0.003048780487804878,
        0.9285714285714286,
        0.9969512195121951,
        0.9285714285714286
      ],
      "minPos": {
        "x": -326,
        "y": -12,
        "z": 0
      },
      "maxPos": {
        "x": 326,
        "y": 12,
        "z": 0
      }
    },
    "texture": "088846f6-bb6b-4972-be76-dff6f5dedd77@6c48a",
    "packable": true,
    "pixelsToUnit": 100,
    "pivot": {
      "x": 0.5,
      "y": 0.5
    },
    "meshType": 0
  }
}