{
  "__type__": "cc.SpriteFrame",
  "content": {
    "name": "btn_niuDan01",
    "atlas": "",
    "rect": {
      "x": 4,
      "y": 1,
      "width": 57,
      "height": 62
    },
    "offset": {
      "x": -0.5,
      "y": 0
    },
    "originalSize": {
      "width": 66,
      "height": 64
    },
    "rotated": false,
    "capInsets": [
      0,
      0,
      0,
      0
    ],
    "vertices": {
      "rawPosition": [
        -28.5,
        -31,
        0,
        28.5,
        -31,
        0,
        -28.5,
        31,
        0,
        28.5,
        31,
        0
      ],
      "indexes": [
        0,
        1,
        2,
        2,
        1,
        3
      ],
      "uv": [
        4,
        63,
        61,
        63,
        4,
        1,
        61,
        1
      ],
      "nuv": [
        0.06060606060606061,
        0.015625,
        0.9242424242424242,
        0.015625,
        0.06060606060606061,
        0.984375,
        0.9242424242424242,
        0.984375
      ],
      "minPos": {
        "x": -28.5,
        "y": -31,
        "z": 0
      },
      "maxPos": {
        "x": 28.5,
        "y": 31,
        "z": 0
      }
    },
    "texture": "08c4dbda-abbc-42d9-b23c-8a9f3ca16162@6c48a",
    "packable": true,
    "pixelsToUnit": 100,
    "pivot": {
      "x": 0.5,
      "y": 0.5
    },
    "meshType": 0
  }
}