{
  "__type__": "cc.SpriteFrame",
  "content": {
    "name": "no3",
    "atlas": "",
    "rect": {
      "x": 8,
      "y": 16,
      "width": 214,
      "height": 184
    },
    "offset": {
      "x": -0.5,
      "y": -8
    },
    "originalSize": {
      "width": 231,
      "height": 200
    },
    "rotated": false,
    "capInsets": [
      0,
      0,
      0,
      0
    ],
    "vertices": {
      "rawPosition": [
        -107,
        -92,
        0,
        107,
        -92,
        0,
        -107,
        92,
        0,
        107,
        92,
        0
      ],
      "indexes": [
        0,
        1,
        2,
        2,
        1,
        3
      ],
      "uv": [
        8,
        184,
        222,
        184,
        8,
        0,
        222,
        0
      ],
      "nuv": [
        0.03463203463203463,
        0,
        0.961038961038961,
        0,
        0.03463203463203463,
        0.92,
        0.961038961038961,
        0.92
      ],
      "minPos": {
        "x": -107,
        "y": -92,
        "z": 0
      },
      "maxPos": {
        "x": 107,
        "y": 92,
        "z": 0
      }
    },
    "texture": "08c585ad-683d-4bca-9759-519f2098ecbb@6c48a",
    "packable": true,
    "pixelsToUnit": 100,
    "pivot": {
      "x": 0.5,
      "y": 0.5
    },
    "meshType": 0
  }
}