{
  "__type__": "cc.SpriteFrame",
  "content": {
    "name": "activityGroup",
    "atlas": "",
    "rect": {
      "x": 2,
      "y": 3,
      "width": 84,
      "height": 83
    },
    "offset": {
      "x": 1,
      "y": -1.5
    },
    "originalSize": {
      "width": 86,
      "height": 86
    },
    "rotated": false,
    "capInsets": [
      0,
      0,
      0,
      0
    ],
    "vertices": {
      "rawPosition": [
        -42,
        -41.5,
        0,
        42,
        -41.5,
        0,
        -42,
        41.5,
        0,
        42,
        41.5,
        0
      ],
      "indexes": [
        0,
        1,
        2,
        2,
        1,
        3
      ],
      "uv": [
        2,
        83,
        86,
        83,
        2,
        0,
        86,
        0
      ],
      "nuv": [
        0.023255813953488372,
        0,
        1,
        0,
        0.023255813953488372,
        0.9651162790697675,
        1,
        0.9651162790697675
      ],
      "minPos": {
        "x": -42,
        "y": -41.5,
        "z": 0
      },
      "maxPos": {
        "x": 42,
        "y": 41.5,
        "z": 0
      }
    },
    "texture": "af39bc28-3123-4cc2-bc74-2857ce116f8a@6c48a",
    "packable": true,
    "pixelsToUnit": 100,
    "pivot": {
      "x": 0.5,
      "y": 0.5
    },
    "meshType": 0
  }
}