{
  "__type__": "cc.SpriteFrame",
  "content": {
    "name": "zhanLing",
    "atlas": "",
    "rect": {
      "x": 3,
      "y": 1,
      "width": 83,
      "height": 85
    },
    "offset": {
      "x": 1.5,
      "y": -0.5
    },
    "originalSize": {
      "width": 86,
      "height": 86
    },
    "rotated": false,
    "capInsets": [
      0,
      0,
      0,
      0
    ],
    "vertices": {
      "rawPosition": [
        -41.5,
        -42.5,
        0,
        41.5,
        -42.5,
        0,
        -41.5,
        42.5,
        0,
        41.5,
        42.5,
        0
      ],
      "indexes": [
        0,
        1,
        2,
        2,
        1,
        3
      ],
      "uv": [
        3,
        85,
        86,
        85,
        3,
        0,
        86,
        0
      ],
      "nuv": [
        0.03488372093023256,
        0,
        1,
        0,
        0.03488372093023256,
        0.9883720930232558,
        1,
        0.9883720930232558
      ],
      "minPos": {
        "x": -41.5,
        "y": -42.5,
        "z": 0
      },
      "maxPos": {
        "x": 41.5,
        "y": 42.5,
        "z": 0
      }
    },
    "texture": "af4a3d3e-1368-4db8-a9b0-ffff010f5f6b@6c48a",
    "packable": true,
    "pixelsToUnit": 100,
    "pivot": {
      "x": 0.5,
      "y": 0.5
    },
    "meshType": 0
  }
}