{
  "__type__": "cc.SpriteFrame",
  "content": {
    "name": "hero_4203",
    "atlas": "",
    "rect": {
      "x": 6,
      "y": 5,
      "width": 51,
      "height": 53
    },
    "offset": {
      "x": -1,
      "y": -1.5
    },
    "originalSize": {
      "width": 65,
      "height": 60
    },
    "rotated": false,
    "capInsets": [
      0,
      0,
      0,
      0
    ],
    "vertices": {
      "rawPosition": [
        -25.5,
        -26.5,
        0,
        25.5,
        -26.5,
        0,
        -25.5,
        26.5,
        0,
        25.5,
        26.5,
        0
      ],
      "indexes": [
        0,
        1,
        2,
        2,
        1,
        3
      ],
      "uv": [
        6,
        55,
        57,
        55,
        6,
        2,
        57,
        2
      ],
      "nuv": [
        0.09230769230769231,
        0.03333333333333333,
        0.8769230769230769,
        0.03333333333333333,
        0.09230769230769231,
        0.9166666666666666,
        0.8769230769230769,
        0.9166666666666666
      ],
      "minPos": {
        "x": -25.5,
        "y": -26.5,
        "z": 0
      },
      "maxPos": {
        "x": 25.5,
        "y": 26.5,
        "z": 0
      }
    },
    "texture": "af80be8f-1ef7-44ce-8287-3f8b4d6d4cc4@6c48a",
    "packable": true,
    "pixelsToUnit": 100,
    "pivot": {
      "x": 0.5,
      "y": 0.5
    },
    "meshType": 0
  }
}