{
  "__type__": "cc.SpriteFrame",
  "content": {
    "name": "hero_4102_behit_1",
    "atlas": "",
    "rect": {
      "x": 75,
      "y": 30,
      "width": 1679,
      "height": 497
    },
    "offset": {
      "x": 14.5,
      "y": 21.5
    },
    "originalSize": {
      "width": 1800,
      "height": 600
    },
    "rotated": false,
    "capInsets": [
      0,
      0,
      0,
      0
    ],
    "vertices": {
      "rawPosition": [
        -839.5,
        -248.5,
        0,
        839.5,
        -248.5,
        0,
        -839.5,
        248.5,
        0,
        839.5,
        248.5,
        0
      ],
      "indexes": [
        0,
        1,
        2,
        2,
        1,
        3
      ],
      "uv": [
        75,
        570,
        1754,
        570,
        75,
        73,
        1754,
        73
      ],
      "nuv": [
        0.041666666666666664,
        0.12166666666666667,
        0.9744444444444444,
        0.12166666666666667,
        0.041666666666666664,
        0.95,
        0.9744444444444444,
        0.95
      ],
      "minPos": {
        "x": -839.5,
        "y": -248.5,
        "z": 0
      },
      "maxPos": {
        "x": 839.5,
        "y": 248.5,
        "z": 0
      }
    },
    "texture": "af982e5e-90e2-4097-a337-0687fe26f126@6c48a",
    "packable": true,
    "pixelsToUnit": 100,
    "pivot": {
      "x": 0.5,
      "y": 0.5
    },
    "meshType": 0
  }
}