{
  "__type__": "cc.SpriteFrame",
  "content": {
    "name": "tower_hero_0042",
    "atlas": "",
    "rect": {
      "x": 1,
      "y": 1,
      "width": 162,
      "height": 218
    },
    "offset": {
      "x": -46,
      "y": 18
    },
    "originalSize": {
      "width": 256,
      "height": 256
    },
    "rotated": false,
    "capInsets": [
      0,
      0,
      0,
      0
    ],
    "vertices": {
      "rawPosition": [
        -81,
        -109,
        0,
        81,
        -109,
        0,
        -81,
        109,
        0,
        81,
        109,
        0
      ],
      "indexes": [
        0,
        1,
        2,
        2,
        1,
        3
      ],
      "uv": [
        1,
        255,
        163,
        255,
        1,
        37,
        163,
        37
      ],
      "nuv": [
        0.00390625,
        0.14453125,
        0.63671875,
        0.14453125,
        0.00390625,
        0.99609375,
        0.63671875,
        0.99609375
      ],
      "minPos": {
        "x": -81,
        "y": -109,
        "z": 0
      },
      "maxPos": {
        "x": 81,
        "y": 109,
        "z": 0
      }
    },
    "texture": "aa08473d-b6d9-4172-8150-7f6dfdfc81c0@6c48a",
    "packable": true,
    "pixelsToUnit": 100,
    "pivot": {
      "x": 0.5,
      "y": 0.5
    },
    "meshType": 0
  }
}