{
  "__type__": "cc.SpriteFrame",
  "content": {
    "name": "no3",
    "atlas": "",
    "rect": {
      "x": 2,
      "y": 0,
      "width": 212,
      "height": 92
    },
    "offset": {
      "x": 1,
      "y": 0
    },
    "originalSize": {
      "width": 214,
      "height": 92
    },
    "rotated": false,
    "capInsets": [
      163,
      0,
      29,
      0
    ],
    "vertices": {
      "rawPosition": [
        -106,
        -46,
        0,
        106,
        -46,
        0,
        -106,
        46,
        0,
        106,
        46,
        0
      ],
      "indexes": [
        0,
        1,
        2,
        2,
        1,
        3
      ],
      "uv": [
        2,
        92,
        214,
        92,
        2,
        0,
        214,
        0
      ],
      "nuv": [
        0.009345794392523364,
        0,
        1,
        0,
        0.009345794392523364,
        1,
        1,
        1
      ],
      "minPos": {
        "x": -106,
        "y": -46,
        "z": 0
      },
      "maxPos": {
        "x": 106,
        "y": 46,
        "z": 0
      }
    },
    "texture": "aa3246ea-589a-455e-aae3-3db8e5647719@6c48a",
    "packable": true,
    "pixelsToUnit": 100,
    "pivot": {
      "x": 0.5,
      "y": 0.5
    },
    "meshType": 0
  }
}