{
  "__type__": "cc.SpriteFrame",
  "content": {
    "name": "m_21025",
    "atlas": "",
    "rect": {
      "x": 4,
      "y": 2,
      "width": 1843,
      "height": 1494
    },
    "offset": {
      "x": -0.5,
      "y": 3.5
    },
    "originalSize": {
      "width": 1852,
      "height": 1505
    },
    "rotated": false,
    "capInsets": [
      0,
      0,
      0,
      0
    ],
    "vertices": {
      "rawPosition": [
        -921.5,
        -747,
        0,
        921.5,
        -747,
        0,
        -921.5,
        747,
        0,
        921.5,
        747,
        0
      ],
      "indexes": [
        0,
        1,
        2,
        2,
        1,
        3
      ],
      "uv": [
        4,
        1503,
        1847,
        1503,
        4,
        9,
        1847,
        9
      ],
      "nuv": [
        0.0021598272138228943,
        0.005980066445182724,
        0.9973002159827213,
        0.005980066445182724,
        0.0021598272138228943,
        0.998671096345515,
        0.9973002159827213,
        0.998671096345515
      ],
      "minPos": {
        "x": -921.5,
        "y": -747,
        "z": 0
      },
      "maxPos": {
        "x": 921.5,
        "y": 747,
        "z": 0
      }
    },
    "texture": "55985ed2-d013-4468-9bb5-ce40f2dd4b8b@6c48a",
    "packable": true,
    "pixelsToUnit": 100,
    "pivot": {
      "x": 0.5,
      "y": 0.5
    },
    "meshType": 0
  }
}