{
  "__type__": "cc.SpriteFrame",
  "content": {
    "name": "m_21020_attack",
    "atlas": "",
    "rect": {
      "x": 5,
      "y": 2,
      "width": 3886,
      "height": 218
    },
    "offset": {
      "x": -9.5,
      "y": 1
    },
    "originalSize": {
      "width": 3915,
      "height": 224
    },
    "rotated": false,
    "capInsets": [
      0,
      0,
      0,
      0
    ],
    "vertices": {
      "rawPosition": [
        -1943,
        -109,
        0,
        1943,
        -109,
        0,
        -1943,
        109,
        0,
        1943,
        109,
        0
      ],
      "indexes": [
        0,
        1,
        2,
        2,
        1,
        3
      ],
      "uv": [
        5,
        222,
        3891,
        222,
        5,
        4,
        3891,
        4
      ],
      "nuv": [
        0.001277139208173691,
        0.017857142857142856,
        0.9938697318007663,
        0.017857142857142856,
        0.001277139208173691,
        0.9910714285714286,
        0.9938697318007663,
        0.9910714285714286
      ],
      "minPos": {
        "x": -1943,
        "y": -109,
        "z": 0
      },
      "maxPos": {
        "x": 1943,
        "y": 109,
        "z": 0
      }
    },
    "texture": "30ee1095-ff74-4352-b9cd-6c7ae19db7ad@6c48a",
    "packable": true,
    "pixelsToUnit": 100,
    "pivot": {
      "x": 0.5,
      "y": 0.5
    },
    "meshType": 0
  }
}