{
  "__type__": "cc.SpriteFrame",
  "content": {
    "name": "zhezhao",
    "atlas": "",
    "rect": {
      "x": 0,
      "y": 0,
      "width": 434,
      "height": 259
    },
    "offset": {
      "x": 0,
      "y": 2
    },
    "originalSize": {
      "width": 434,
      "height": 263
    },
    "rotated": false,
    "capInsets": [
      141,
      68,
      147,
      92
    ],
    "vertices": {
      "rawPosition": [
        -217,
        -129.5,
        0,
        217,
        -129.5,
        0,
        -217,
        129.5,
        0,
        217,
        129.5,
        0
      ],
      "indexes": [
        0,
        1,
        2,
        2,
        1,
        3
      ],
      "uv": [
        0,
        263,
        434,
        263,
        0,
        4,
        434,
        4
      ],
      "nuv": [
        0,
        0.015209125475285171,
        1,
        0.015209125475285171,
        0,
        1,
        1,
        1
      ],
      "minPos": {
        "x": -217,
        "y": -129.5,
        "z": 0
      },
      "maxPos": {
        "x": 217,
        "y": 129.5,
        "z": 0
      }
    },
    "texture": "30f41247-bfd7-42cd-ab59-78ec23776280@6c48a",
    "packable": true,
    "pixelsToUnit": 100,
    "pivot": {
      "x": 0.5,
      "y": 0.5
    },
    "meshType": 0
  }
}