{
  "__type__": "cc.SpriteFrame",
  "content": {
    "name": "btn_QiangHua02",
    "atlas": "",
    "rect": {
      "x": 2,
      "y": 1,
      "width": 55,
      "height": 55
    },
    "offset": {
      "x": 0.5,
      "y": 0
    },
    "originalSize": {
      "width": 58,
      "height": 57
    },
    "rotated": false,
    "capInsets": [
      0,
      0,
      0,
      0
    ],
    "vertices": {
      "rawPosition": [
        -27.5,
        -27.5,
        0,
        27.5,
        -27.5,
        0,
        -27.5,
        27.5,
        0,
        27.5,
        27.5,
        0
      ],
      "indexes": [
        0,
        1,
        2,
        2,
        1,
        3
      ],
      "uv": [
        2,
        56,
        57,
        56,
        2,
        1,
        57,
        1
      ],
      "nuv": [
        0.034482758620689655,
        0.017543859649122806,
        0.9827586206896551,
        0.017543859649122806,
        0.034482758620689655,
        0.9824561403508771,
        0.9827586206896551,
        0.9824561403508771
      ],
      "minPos": {
        "x": -27.5,
        "y": -27.5,
        "z": 0
      },
      "maxPos": {
        "x": 27.5,
        "y": 27.5,
        "z": 0
      }
    },
    "texture": "9177fca7-59c9-4eb8-8eb5-f1378e09f830@6c48a",
    "packable": true,
    "pixelsToUnit": 100,
    "pivot": {
      "x": 0.5,
      "y": 0.5
    },
    "meshType": 0
  }
}