{
  "__type__": "cc.SpriteFrame",
  "content": {
    "name": "hero_3201_behit_1",
    "atlas": "",
    "rect": {
      "x": 0,
      "y": 0,
      "width": 926,
      "height": 491
    },
    "offset": {
      "x": -1.5,
      "y": 1
    },
    "originalSize": {
      "width": 929,
      "height": 493
    },
    "rotated": false,
    "capInsets": [
      0,
      0,
      0,
      0
    ],
    "vertices": {
      "rawPosition": [
        -463,
        -245.5,
        0,
        463,
        -245.5,
        0,
        -463,
        245.5,
        0,
        463,
        245.5,
        0
      ],
      "indexes": [
        0,
        1,
        2,
        2,
        1,
        3
      ],
      "uv": [
        0,
        493,
        926,
        493,
        0,
        2,
        926,
        2
      ],
      "nuv": [
        0,
        0.004056795131845842,
        0.9967707212055974,
        0.004056795131845842,
        0,
        1,
        0.9967707212055974,
        1
      ],
      "minPos": {
        "x": -463,
        "y": -245.5,
        "z": 0
      },
      "maxPos": {
        "x": 463,
        "y": 245.5,
        "z": 0
      }
    },
    "texture": "0d6d54df-dc12-4321-9d0b-0b51d9461fa6@6c48a",
    "packable": true,
    "pixelsToUnit": 100,
    "pivot": {
      "x": 0.5,
      "y": 0.5
    },
    "meshType": 0
  }
}