{
  "__type__": "cc.SpriteFrame",
  "content": {
    "name": "hero_2401",
    "atlas": "",
    "rect": {
      "x": 8,
      "y": 0,
      "width": 57,
      "height": 58
    },
    "offset": {
      "x": 4,
      "y": 1
    },
    "originalSize": {
      "width": 65,
      "height": 60
    },
    "rotated": false,
    "capInsets": [
      0,
      0,
      0,
      0
    ],
    "vertices": {
      "rawPosition": [
        -28.5,
        -29,
        0,
        28.5,
        -29,
        0,
        -28.5,
        29,
        0,
        28.5,
        29,
        0
      ],
      "indexes": [
        0,
        1,
        2,
        2,
        1,
        3
      ],
      "uv": [
        8,
        60,
        65,
        60,
        8,
        2,
        65,
        2
      ],
      "nuv": [
        0.12307692307692308,
        0.03333333333333333,
        1,
        0.03333333333333333,
        0.12307692307692308,
        1,
        1,
        1
      ],
      "minPos": {
        "x": -28.5,
        "y": -29,
        "z": 0
      },
      "maxPos": {
        "x": 28.5,
        "y": 29,
        "z": 0
      }
    },
    "texture": "0d7d2f52-5ff6-40d4-b590-5eabbd9c347c@6c48a",
    "packable": true,
    "pixelsToUnit": 100,
    "pivot": {
      "x": 0.5,
      "y": 0.5
    },
    "meshType": 0
  }
}