{
  "__type__": "cc.SpriteFrame",
  "content": {
    "name": "m_10902",
    "atlas": "",
    "rect": {
      "x": 1,
      "y": 0,
      "width": 960,
      "height": 877
    },
    "offset": {
      "x": -2,
      "y": 2.5
    },
    "originalSize": {
      "width": 966,
      "height": 882
    },
    "rotated": false,
    "capInsets": [
      0,
      0,
      0,
      0
    ],
    "vertices": {
      "rawPosition": [
        -480,
        -438.5,
        0,
        480,
        -438.5,
        0,
        -480,
        438.5,
        0,
        480,
        438.5,
        0
      ],
      "indexes": [
        0,
        1,
        2,
        2,
        1,
        3
      ],
      "uv": [
        1,
        882,
        961,
        882,
        1,
        5,
        961,
        5
      ],
      "nuv": [
        0.0010351966873706005,
        0.005668934240362812,
        0.994824016563147,
        0.005668934240362812,
        0.0010351966873706005,
        1,
        0.994824016563147,
        1
      ],
      "minPos": {
        "x": -480,
        "y": -438.5,
        "z": 0
      },
      "maxPos": {
        "x": 480,
        "y": 438.5,
        "z": 0
      }
    },
    "texture": "0dd72406-130a-4f09-bb59-5d5421fce867@6c48a",
    "packable": true,
    "pixelsToUnit": 100,
    "pivot": {
      "x": 0.5,
      "y": 0.5
    },
    "meshType": 0
  }
}