{
  "__type__": "cc.SpriteFrame",
  "content": {
    "name": "m_31016",
    "atlas": "",
    "rect": {
      "x": 0,
      "y": 8,
      "width": 1021,
      "height": 1012
    },
    "offset": {
      "x": -1.5,
      "y": -2
    },
    "originalSize": {
      "width": 1024,
      "height": 1024
    },
    "rotated": false,
    "capInsets": [
      0,
      0,
      0,
      0
    ],
    "vertices": {
      "rawPosition": [
        -510.5,
        -506,
        0,
        510.5,
        -506,
        0,
        -510.5,
        506,
        0,
        510.5,
        506,
        0
      ],
      "indexes": [
        0,
        1,
        2,
        2,
        1,
        3
      ],
      "uv": [
        0,
        1016,
        1021,
        1016,
        0,
        4,
        1021,
        4
      ],
      "nuv": [
        0,
        0.00390625,
        0.9970703125,
        0.00390625,
        0,
        0.9921875,
        0.9970703125,
        0.9921875
      ],
      "minPos": {
        "x": -510.5,
        "y": -506,
        "z": 0
      },
      "maxPos": {
        "x": 510.5,
        "y": 506,
        "z": 0
      }
    },
    "texture": "6e3df659-468c-487d-bfe1-64ed17abd85f@6c48a",
    "packable": true,
    "pixelsToUnit": 100,
    "pivot": {
      "x": 0.5,
      "y": 0.5
    },
    "meshType": 0
  }
}