{
  "__type__": "cc.SpriteFrame",
  "content": {
    "name": "tower_hero_015",
    "atlas": "",
    "rect": {
      "x": 2,
      "y": 2,
      "width": 470,
      "height": 90
    },
    "offset": {
      "x": -0.5,
      "y": 0
    },
    "originalSize": {
      "width": 475,
      "height": 94
    },
    "rotated": false,
    "capInsets": [
      0,
      0,
      0,
      0
    ],
    "vertices": {
      "rawPosition": [
        -235,
        -45,
        0,
        235,
        -45,
        0,
        -235,
        45,
        0,
        235,
        45,
        0
      ],
      "indexes": [
        0,
        1,
        2,
        2,
        1,
        3
      ],
      "uv": [
        2,
        92,
        472,
        92,
        2,
        2,
        472,
        2
      ],
      "nuv": [
        0.004210526315789474,
        0.02127659574468085,
        0.9936842105263158,
        0.02127659574468085,
        0.004210526315789474,
        0.9787234042553191,
        0.9936842105263158,
        0.9787234042553191
      ],
      "minPos": {
        "x": -235,
        "y": -45,
        "z": 0
      },
      "maxPos": {
        "x": 235,
        "y": 45,
        "z": 0
      }
    },
    "texture": "6e6dce8d-06ad-48ff-be18-89f33f81aad9@6c48a",
    "packable": true,
    "pixelsToUnit": 100,
    "pivot": {
      "x": 0.5,
      "y": 0.5
    },
    "meshType": 0
  }
}