{
  "__type__": "cc.SpriteFrame",
  "content": {
    "name": "atkup_effect",
    "atlas": "",
    "rect": {
      "x": 41,
      "y": 22,
      "width": 1989,
      "height": 156
    },
    "offset": {
      "x": 11.5,
      "y": 5
    },
    "originalSize": {
      "width": 2048,
      "height": 210
    },
    "rotated": false,
    "capInsets": [
      0,
      0,
      0,
      0
    ],
    "vertices": {
      "rawPosition": [
        -994.5,
        -78,
        0,
        994.5,
        -78,
        0,
        -994.5,
        78,
        0,
        994.5,
        78,
        0
      ],
      "indexes": [
        0,
        1,
        2,
        2,
        1,
        3
      ],
      "uv": [
        41,
        188,
        2030,
        188,
        41,
        32,
        2030,
        32
      ],
      "nuv": [
        0.02001953125,
        0.1523809523809524,
        0.9912109375,
        0.1523809523809524,
        0.02001953125,
        0.8952380952380953,
        0.9912109375,
        0.8952380952380953
      ],
      "minPos": {
        "x": -994.5,
        "y": -78,
        "z": 0
      },
      "maxPos": {
        "x": 994.5,
        "y": 78,
        "z": 0
      }
    },
    "texture": "6eef6e30-aaaa-417d-9fad-c3b521f02cf4@6c48a",
    "packable": true,
    "pixelsToUnit": 100,
    "pivot": {
      "x": 0.5,
      "y": 0.5
    },
    "meshType": 0
  }
}