{
  "__type__": "cc.SpriteFrame",
  "content": {
    "name": "sc001_00006",
    "atlas": "",
    "rect": {
      "x": 15,
      "y": 16,
      "width": 101,
      "height": 101
    },
    "offset": {
      "x": 5.5,
      "y": -6.5
    },
    "originalSize": {
      "width": 120,
      "height": 120
    },
    "rotated": false,
    "capInsets": [
      0,
      0,
      0,
      0
    ],
    "vertices": {
      "rawPosition": [
        -50.5,
        -50.5,
        0,
        50.5,
        -50.5,
        0,
        -50.5,
        50.5,
        0,
        50.5,
        50.5,
        0
      ],
      "indexes": [
        0,
        1,
        2,
        2,
        1,
        3
      ],
      "uv": [
        15,
        104,
        116,
        104,
        15,
        3,
        116,
        3
      ],
      "nuv": [
        0.125,
        0.025,
        0.9666666666666667,
        0.025,
        0.125,
        0.8666666666666667,
        0.9666666666666667,
        0.8666666666666667
      ],
      "minPos": {
        "x": -50.5,
        "y": -50.5,
        "z": 0
      },
      "maxPos": {
        "x": 50.5,
        "y": 50.5,
        "z": 0
      }
    },
    "texture": "1b18910e-728f-4482-84bb-51085d9d8510@6c48a",
    "packable": true,
    "pixelsToUnit": 100,
    "pivot": {
      "x": 0.5,
      "y": 0.5
    },
    "meshType": 0
  }
}