{
  "__type__": "cc.SpriteFrame",
  "content": {
    "name": "hero_4503_bullet_2",
    "atlas": "",
    "rect": {
      "x": 1,
      "y": 0,
      "width": 439,
      "height": 175
    },
    "offset": {
      "x": 0,
      "y": 0
    },
    "originalSize": {
      "width": 441,
      "height": 175
    },
    "rotated": false,
    "capInsets": [
      0,
      0,
      0,
      0
    ],
    "vertices": {
      "rawPosition": [
        -219.5,
        -87.5,
        0,
        219.5,
        -87.5,
        0,
        -219.5,
        87.5,
        0,
        219.5,
        87.5,
        0
      ],
      "indexes": [
        0,
        1,
        2,
        2,
        1,
        3
      ],
      "uv": [
        1,
        175,
        440,
        175,
        1,
        0,
        440,
        0
      ],
      "nuv": [
        0.0022675736961451248,
        0,
        0.9977324263038548,
        0,
        0.0022675736961451248,
        1,
        0.9977324263038548,
        1
      ],
      "minPos": {
        "x": -219.5,
        "y": -87.5,
        "z": 0
      },
      "maxPos": {
        "x": 219.5,
        "y": 87.5,
        "z": 0
      }
    },
    "texture": "1b46512f-98b3-4169-ab1f-24824cf2961b@6c48a",
    "packable": true,
    "pixelsToUnit": 100,
    "pivot": {
      "x": 0.5,
      "y": 0.5
    },
    "meshType": 0
  }
}