{
  "__type__": "cc.SpriteFrame",
  "content": {
    "name": "sc001_00010",
    "atlas": "",
    "rect": {
      "x": 14,
      "y": 3,
      "width": 97,
      "height": 114
    },
    "offset": {
      "x": 2.5,
      "y": 0
    },
    "originalSize": {
      "width": 120,
      "height": 120
    },
    "rotated": false,
    "capInsets": [
      0,
      0,
      0,
      0
    ],
    "vertices": {
      "rawPosition": [
        -48.5,
        -57,
        0,
        48.5,
        -57,
        0,
        -48.5,
        57,
        0,
        48.5,
        57,
        0
      ],
      "indexes": [
        0,
        1,
        2,
        2,
        1,
        3
      ],
      "uv": [
        14,
        117,
        111,
        117,
        14,
        3,
        111,
        3
      ],
      "nuv": [
        0.11666666666666667,
        0.025,
        0.925,
        0.025,
        0.11666666666666667,
        0.975,
        0.925,
        0.975
      ],
      "minPos": {
        "x": -48.5,
        "y": -57,
        "z": 0
      },
      "maxPos": {
        "x": 48.5,
        "y": 57,
        "z": 0
      }
    },
    "texture": "1bbd1c0a-5e2b-432b-b9a0-41378843f884@6c48a",
    "packable": true,
    "pixelsToUnit": 100,
    "pivot": {
      "x": 0.5,
      "y": 0.5
    },
    "meshType": 0
  }
}