{
  "__type__": "cc.SpriteFrame",
  "content": {
    "name": "mao",
    "atlas": "",
    "rect": {
      "x": 0,
      "y": 19,
      "width": 40,
      "height": 1445
    },
    "offset": {
      "x": 0,
      "y": -9.5
    },
    "originalSize": {
      "width": 40,
      "height": 1464
    },
    "rotated": false,
    "capInsets": [
      0,
      0,
      0,
      0
    ],
    "vertices": {
      "rawPosition": [
        -20,
        -722.5,
        0,
        20,
        -722.5,
        0,
        -20,
        722.5,
        0,
        20,
        722.5,
        0
      ],
      "indexes": [
        0,
        1,
        2,
        2,
        1,
        3
      ],
      "uv": [
        0,
        1445,
        40,
        1445,
        0,
        0,
        40,
        0
      ],
      "nuv": [
        0,
        0,
        1,
        0,
        0,
        0.9870218579234973,
        1,
        0.9870218579234973
      ],
      "minPos": {
        "x": -20,
        "y": -722.5,
        "z": 0
      },
      "maxPos": {
        "x": 20,
        "y": 722.5,
        "z": 0
      }
    },
    "texture": "33530276-3c1a-4daf-a058-689fc615f320@6c48a",
    "packable": true,
    "pixelsToUnit": 100,
    "pivot": {
      "x": 0.5,
      "y": 0.5
    },
    "meshType": 0
  }
}