{
  "__type__": "cc.SpriteFrame",
  "content": {
    "name": "hero_4203_bullet_2",
    "atlas": "",
    "rect": {
      "x": 0,
      "y": 2,
      "width": 183,
      "height": 1423
    },
    "offset": {
      "x": 0,
      "y": -1
    },
    "originalSize": {
      "width": 183,
      "height": 1425
    },
    "rotated": false,
    "capInsets": [
      0,
      0,
      0,
      0
    ],
    "vertices": {
      "rawPosition": [
        -91.5,
        -711.5,
        0,
        91.5,
        -711.5,
        0,
        -91.5,
        711.5,
        0,
        91.5,
        711.5,
        0
      ],
      "indexes": [
        0,
        1,
        2,
        2,
        1,
        3
      ],
      "uv": [
        0,
        1423,
        183,
        1423,
        0,
        0,
        183,
        0
      ],
      "nuv": [
        0,
        0,
        1,
        0,
        0,
        0.9985964912280701,
        1,
        0.9985964912280701
      ],
      "minPos": {
        "x": -91.5,
        "y": -711.5,
        "z": 0
      },
      "maxPos": {
        "x": 91.5,
        "y": 711.5,
        "z": 0
      }
    },
    "texture": "680e8eea-eee6-4731-a3fe-8f749e44aba9@6c48a",
    "packable": true,
    "pixelsToUnit": 100,
    "pivot": {
      "x": 0.5,
      "y": 0.5
    },
    "meshType": 0
  }
}