{
  "__type__": "cc.SpriteFrame",
  "content": {
    "name": "qualityBg_5",
    "atlas": "",
    "rect": {
      "x": 1,
      "y": 10,
      "width": 97,
      "height": 78
    },
    "offset": {
      "x": -1,
      "y": 1.5
    },
    "originalSize": {
      "width": 101,
      "height": 101
    },
    "rotated": false,
    "capInsets": [
      0,
      0,
      0,
      0
    ],
    "vertices": {
      "rawPosition": [
        -48.5,
        -39,
        0,
        48.5,
        -39,
        0,
        -48.5,
        39,
        0,
        48.5,
        39,
        0
      ],
      "indexes": [
        0,
        1,
        2,
        2,
        1,
        3
      ],
      "uv": [
        1,
        91,
        98,
        91,
        1,
        13,
        98,
        13
      ],
      "nuv": [
        0.009900990099009901,
        0.12871287128712872,
        0.9702970297029703,
        0.12871287128712872,
        0.009900990099009901,
        0.900990099009901,
        0.9702970297029703,
        0.900990099009901
      ],
      "minPos": {
        "x": -48.5,
        "y": -39,
        "z": 0
      },
      "maxPos": {
        "x": 48.5,
        "y": 39,
        "z": 0
      }
    },
    "texture": "689a2452-eab2-463b-aee0-cbd56438efcd@6c48a",
    "packable": true,
    "pixelsToUnit": 100,
    "pivot": {
      "x": 0.5,
      "y": 0.5
    },
    "meshType": 0
  }
}