{
  "__type__": "cc.SpriteFrame",
  "content": {
    "name": "vipUp",
    "atlas": "",
    "rect": {
      "x": 13,
      "y": 9,
      "width": 27,
      "height": 31
    },
    "offset": {
      "x": 0.5,
      "y": 0
    },
    "originalSize": {
      "width": 52,
      "height": 49
    },
    "rotated": false,
    "capInsets": [
      0,
      0,
      0,
      0
    ],
    "vertices": {
      "rawPosition": [
        -13.5,
        -15.5,
        0,
        13.5,
        -15.5,
        0,
        -13.5,
        15.5,
        0,
        13.5,
        15.5,
        0
      ],
      "indexes": [
        0,
        1,
        2,
        2,
        1,
        3
      ],
      "uv": [
        13,
        40,
        40,
        40,
        13,
        9,
        40,
        9
      ],
      "nuv": [
        0.25,
        0.1836734693877551,
        0.7692307692307693,
        0.1836734693877551,
        0.25,
        0.8163265306122449,
        0.7692307692307693,
        0.8163265306122449
      ],
      "minPos": {
        "x": -13.5,
        "y": -15.5,
        "z": 0
      },
      "maxPos": {
        "x": 13.5,
        "y": 15.5,
        "z": 0
      }
    },
    "texture": "68a3501c-1652-4bed-af68-5c23f7082e53@6c48a",
    "packable": true,
    "pixelsToUnit": 100,
    "pivot": {
      "x": 0.5,
      "y": 0.5
    },
    "meshType": 0
  }
}