{
  "__type__": "cc.SpriteFrame",
  "content": {
    "name": "sc001_00011",
    "atlas": "",
    "rect": {
      "x": 15,
      "y": 0,
      "width": 95,
      "height": 117
    },
    "offset": {
      "x": 2.5,
      "y": 1.5
    },
    "originalSize": {
      "width": 120,
      "height": 120
    },
    "rotated": false,
    "capInsets": [
      0,
      0,
      0,
      0
    ],
    "vertices": {
      "rawPosition": [
        -47.5,
        -58.5,
        0,
        47.5,
        -58.5,
        0,
        -47.5,
        58.5,
        0,
        47.5,
        58.5,
        0
      ],
      "indexes": [
        0,
        1,
        2,
        2,
        1,
        3
      ],
      "uv": [
        15,
        120,
        110,
        120,
        15,
        3,
        110,
        3
      ],
      "nuv": [
        0.125,
        0.025,
        0.9166666666666666,
        0.025,
        0.125,
        1,
        0.9166666666666666,
        1
      ],
      "minPos": {
        "x": -47.5,
        "y": -58.5,
        "z": 0
      },
      "maxPos": {
        "x": 47.5,
        "y": 58.5,
        "z": 0
      }
    },
    "texture": "00647b34-11df-4d66-9922-c862eca07ced@6c48a",
    "packable": true,
    "pixelsToUnit": 100,
    "pivot": {
      "x": 0.5,
      "y": 0.5
    },
    "meshType": 0
  }
}