{
  "__type__": "cc.SpriteFrame",
  "content": {
    "name": "niudanji_02",
    "atlas": "",
    "rect": {
      "x": 2,
      "y": 2,
      "width": 296,
      "height": 91
    },
    "offset": {
      "x": 0,
      "y": 0
    },
    "originalSize": {
      "width": 300,
      "height": 95
    },
    "rotated": false,
    "capInsets": [
      0,
      0,
      0,
      0
    ],
    "vertices": {
      "rawPosition": [
        -148,
        -45.5,
        0,
        148,
        -45.5,
        0,
        -148,
        45.5,
        0,
        148,
        45.5,
        0
      ],
      "indexes": [
        0,
        1,
        2,
        2,
        1,
        3
      ],
      "uv": [
        2,
        93,
        298,
        93,
        2,
        2,
        298,
        2
      ],
      "nuv": [
        0.006666666666666667,
        0.021052631578947368,
        0.9933333333333333,
        0.021052631578947368,
        0.006666666666666667,
        0.9789473684210527,
        0.9933333333333333,
        0.9789473684210527
      ],
      "minPos": {
        "x": -148,
        "y": -45.5,
        "z": 0
      },
      "maxPos": {
        "x": 148,
        "y": 45.5,
        "z": 0
      }
    },
    "texture": "00ed2cca-4f73-4941-9f16-a03b8dff5676@6c48a",
    "packable": true,
    "pixelsToUnit": 100,
    "pivot": {
      "x": 0.5,
      "y": 0.5
    },
    "meshType": 0
  }
}