{
  "__type__": "cc.SpriteFrame",
  "content": {
    "name": "tower_hero_023",
    "atlas": "",
    "rect": {
      "x": 2,
      "y": 2,
      "width": 248,
      "height": 252
    },
    "offset": {
      "x": -2,
      "y": 0
    },
    "originalSize": {
      "width": 256,
      "height": 256
    },
    "rotated": false,
    "capInsets": [
      0,
      0,
      0,
      0
    ],
    "vertices": {
      "rawPosition": [
        -124,
        -126,
        0,
        124,
        -126,
        0,
        -124,
        126,
        0,
        124,
        126,
        0
      ],
      "indexes": [
        0,
        1,
        2,
        2,
        1,
        3
      ],
      "uv": [
        2,
        254,
        250,
        254,
        2,
        2,
        250,
        2
      ],
      "nuv": [
        0.0078125,
        0.0078125,
        0.9765625,
        0.0078125,
        0.0078125,
        0.9921875,
        0.9765625,
        0.9921875
      ],
      "minPos": {
        "x": -124,
        "y": -126,
        "z": 0
      },
      "maxPos": {
        "x": 124,
        "y": 126,
        "z": 0
      }
    },
    "texture": "92001eb2-2133-4965-b839-ac1e682c3564@6c48a",
    "packable": true,
    "pixelsToUnit": 100,
    "pivot": {
      "x": 0.5,
      "y": 0.5
    },
    "meshType": 0
  }
}