{
  "__type__": "cc.SpriteFrame",
  "content": {
    "name": "activityCenter",
    "atlas": "",
    "rect": {
      "x": 1,
      "y": 1,
      "width": 85,
      "height": 85
    },
    "offset": {
      "x": 0.5,
      "y": -0.5
    },
    "originalSize": {
      "width": 86,
      "height": 86
    },
    "rotated": false,
    "capInsets": [
      0,
      0,
      0,
      0
    ],
    "vertices": {
      "rawPosition": [
        -42.5,
        -42.5,
        0,
        42.5,
        -42.5,
        0,
        -42.5,
        42.5,
        0,
        42.5,
        42.5,
        0
      ],
      "indexes": [
        0,
        1,
        2,
        2,
        1,
        3
      ],
      "uv": [
        1,
        85,
        86,
        85,
        1,
        0,
        86,
        0
      ],
      "nuv": [
        0.011627906976744186,
        0,
        1,
        0,
        0.011627906976744186,
        0.9883720930232558,
        1,
        0.9883720930232558
      ],
      "minPos": {
        "x": -42.5,
        "y": -42.5,
        "z": 0
      },
      "maxPos": {
        "x": 42.5,
        "y": 42.5,
        "z": 0
      }
    },
    "texture": "92177836-d4d4-469c-934d-ebbc36780489@6c48a",
    "packable": true,
    "pixelsToUnit": 100,
    "pivot": {
      "x": 0.5,
      "y": 0.5
    },
    "meshType": 0
  }
}