{
  "__type__": "cc.SpriteFrame",
  "content": {
    "name": "jingYing109",
    "atlas": "",
    "rect": {
      "x": 20,
      "y": 27,
      "width": 281,
      "height": 287
    },
    "offset": {
      "x": 0.5,
      "y": -10.5
    },
    "originalSize": {
      "width": 320,
      "height": 320
    },
    "rotated": false,
    "capInsets": [
      0,
      0,
      0,
      0
    ],
    "vertices": {
      "rawPosition": [
        -140.5,
        -143.5,
        0,
        140.5,
        -143.5,
        0,
        -140.5,
        143.5,
        0,
        140.5,
        143.5,
        0
      ],
      "indexes": [
        0,
        1,
        2,
        2,
        1,
        3
      ],
      "uv": [
        20,
        293,
        301,
        293,
        20,
        6,
        301,
        6
      ],
      "nuv": [
        0.0625,
        0.01875,
        0.940625,
        0.01875,
        0.0625,
        0.915625,
        0.940625,
        0.915625
      ],
      "minPos": {
        "x": -140.5,
        "y": -143.5,
        "z": 0
      },
      "maxPos": {
        "x": 140.5,
        "y": 143.5,
        "z": 0
      }
    },
    "texture": "929fad5d-6109-4ffa-8150-11c211b31489@6c48a",
    "packable": true,
    "pixelsToUnit": 100,
    "pivot": {
      "x": 0.5,
      "y": 0.5
    },
    "meshType": 0
  }
}