{
  "__type__": "cc.SpriteFrame",
  "content": {
    "name": "skill4",
    "atlas": "",
    "rect": {
      "x": 0,
      "y": 1,
      "width": 300,
      "height": 155
    },
    "offset": {
      "x": 0,
      "y": -0.5
    },
    "originalSize": {
      "width": 300,
      "height": 156
    },
    "rotated": false,
    "capInsets": [
      0,
      0,
      0,
      0
    ],
    "vertices": {
      "rawPosition": [
        -150,
        -77.5,
        0,
        150,
        -77.5,
        0,
        -150,
        77.5,
        0,
        150,
        77.5,
        0
      ],
      "indexes": [
        0,
        1,
        2,
        2,
        1,
        3
      ],
      "uv": [
        0,
        155,
        300,
        155,
        0,
        0,
        300,
        0
      ],
      "nuv": [
        0,
        0,
        1,
        0,
        0,
        0.9935897435897436,
        1,
        0.9935897435897436
      ],
      "minPos": {
        "x": -150,
        "y": -77.5,
        "z": 0
      },
      "maxPos": {
        "x": 150,
        "y": 77.5,
        "z": 0
      }
    },
    "texture": "92fa089a-9fc2-4ae0-b690-e295fe4c4b88@6c48a",
    "packable": true,
    "pixelsToUnit": 100,
    "pivot": {
      "x": 0.5,
      "y": 0.5
    },
    "meshType": 0
  }
}