{
  "__type__": "cc.SpriteFrame",
  "content": {
    "name": "jingYing101",
    "atlas": "",
    "rect": {
      "x": 20,
      "y": 31,
      "width": 281,
      "height": 283
    },
    "offset": {
      "x": 0.5,
      "y": -12.5
    },
    "originalSize": {
      "width": 320,
      "height": 320
    },
    "rotated": false,
    "capInsets": [
      0,
      0,
      0,
      0
    ],
    "vertices": {
      "rawPosition": [
        -140.5,
        -141.5,
        0,
        140.5,
        -141.5,
        0,
        -140.5,
        141.5,
        0,
        140.5,
        141.5,
        0
      ],
      "indexes": [
        0,
        1,
        2,
        2,
        1,
        3
      ],
      "uv": [
        20,
        289,
        301,
        289,
        20,
        6,
        301,
        6
      ],
      "nuv": [
        0.0625,
        0.01875,
        0.940625,
        0.01875,
        0.0625,
        0.903125,
        0.940625,
        0.903125
      ],
      "minPos": {
        "x": -140.5,
        "y": -141.5,
        "z": 0
      },
      "maxPos": {
        "x": 140.5,
        "y": 141.5,
        "z": 0
      }
    },
    "texture": "b50d38c2-2eb3-4df7-9469-4a2dc480e05a@6c48a",
    "packable": true,
    "pixelsToUnit": 100,
    "pivot": {
      "x": 0.5,
      "y": 0.5
    },
    "meshType": 0
  }
}