{
  "__type__": "cc.SpriteFrame",
  "content": {
    "name": "keQiDong",
    "atlas": "",
    "rect": {
      "x": 2,
      "y": 1,
      "width": 76,
      "height": 83
    },
    "offset": {
      "x": 0,
      "y": 0
    },
    "originalSize": {
      "width": 80,
      "height": 85
    },
    "rotated": false,
    "capInsets": [
      0,
      0,
      0,
      0
    ],
    "vertices": {
      "rawPosition": [
        -38,
        -41.5,
        0,
        38,
        -41.5,
        0,
        -38,
        41.5,
        0,
        38,
        41.5,
        0
      ],
      "indexes": [
        0,
        1,
        2,
        2,
        1,
        3
      ],
      "uv": [
        2,
        84,
        78,
        84,
        2,
        1,
        78,
        1
      ],
      "nuv": [
        0.025,
        0.011764705882352941,
        0.975,
        0.011764705882352941,
        0.025,
        0.9882352941176471,
        0.975,
        0.9882352941176471
      ],
      "minPos": {
        "x": -38,
        "y": -41.5,
        "z": 0
      },
      "maxPos": {
        "x": 38,
        "y": 41.5,
        "z": 0
      }
    },
    "texture": "b5e5fa60-0e47-4dde-9caf-48c0713b54cc@6c48a",
    "packable": true,
    "pixelsToUnit": 100,
    "pivot": {
      "x": 0.5,
      "y": 0.5
    },
    "meshType": 0
  }
}