{
  "__type__": "cc.SpriteFrame",
  "content": {
    "name": "dan",
    "atlas": "",
    "rect": {
      "x": 0,
      "y": 21,
      "width": 60,
      "height": 1443
    },
    "offset": {
      "x": 0,
      "y": -10.5
    },
    "originalSize": {
      "width": 60,
      "height": 1464
    },
    "rotated": false,
    "capInsets": [
      0,
      0,
      0,
      0
    ],
    "vertices": {
      "rawPosition": [
        -30,
        -721.5,
        0,
        30,
        -721.5,
        0,
        -30,
        721.5,
        0,
        30,
        721.5,
        0
      ],
      "indexes": [
        0,
        1,
        2,
        2,
        1,
        3
      ],
      "uv": [
        0,
        1443,
        60,
        1443,
        0,
        0,
        60,
        0
      ],
      "nuv": [
        0,
        0,
        1,
        0,
        0,
        0.985655737704918,
        1,
        0.985655737704918
      ],
      "minPos": {
        "x": -30,
        "y": -721.5,
        "z": 0
      },
      "maxPos": {
        "x": 30,
        "y": 721.5,
        "z": 0
      }
    },
    "texture": "b414fcfa-6e62-471a-a0be-9f6bbe632ae7@6c48a",
    "packable": true,
    "pixelsToUnit": 100,
    "pivot": {
      "x": 0.5,
      "y": 0.5
    },
    "meshType": 0
  }
}