{
  "__type__": "cc.SpriteFrame",
  "content": {
    "name": "hero_2101",
    "atlas": "",
    "rect": {
      "x": 8,
      "y": 1,
      "width": 55,
      "height": 58
    },
    "offset": {
      "x": 3,
      "y": 0
    },
    "originalSize": {
      "width": 65,
      "height": 60
    },
    "rotated": false,
    "capInsets": [
      0,
      0,
      0,
      0
    ],
    "vertices": {
      "rawPosition": [
        -27.5,
        -29,
        0,
        27.5,
        -29,
        0,
        -27.5,
        29,
        0,
        27.5,
        29,
        0
      ],
      "indexes": [
        0,
        1,
        2,
        2,
        1,
        3
      ],
      "uv": [
        8,
        59,
        63,
        59,
        8,
        1,
        63,
        1
      ],
      "nuv": [
        0.12307692307692308,
        0.016666666666666666,
        0.9692307692307692,
        0.016666666666666666,
        0.12307692307692308,
        0.9833333333333333,
        0.9692307692307692,
        0.9833333333333333
      ],
      "minPos": {
        "x": -27.5,
        "y": -29,
        "z": 0
      },
      "maxPos": {
        "x": 27.5,
        "y": 29,
        "z": 0
      }
    },
    "texture": "b47fdab1-2931-4a42-bd64-a3e1425a3d91@6c48a",
    "packable": true,
    "pixelsToUnit": 100,
    "pivot": {
      "x": 0.5,
      "y": 0.5
    },
    "meshType": 0
  }
}