{
  "__type__": "cc.SpriteFrame",
  "content": {
    "name": "tower_hero_022",
    "atlas": "",
    "rect": {
      "x": 2,
      "y": 11,
      "width": 252,
      "height": 241
    },
    "offset": {
      "x": 0,
      "y": -3.5
    },
    "originalSize": {
      "width": 256,
      "height": 256
    },
    "rotated": false,
    "capInsets": [
      0,
      0,
      0,
      0
    ],
    "vertices": {
      "rawPosition": [
        -126,
        -120.5,
        0,
        126,
        -120.5,
        0,
        -126,
        120.5,
        0,
        126,
        120.5,
        0
      ],
      "indexes": [
        0,
        1,
        2,
        2,
        1,
        3
      ],
      "uv": [
        2,
        245,
        254,
        245,
        2,
        4,
        254,
        4
      ],
      "nuv": [
        0.0078125,
        0.015625,
        0.9921875,
        0.015625,
        0.0078125,
        0.95703125,
        0.9921875,
        0.95703125
      ],
      "minPos": {
        "x": -126,
        "y": -120.5,
        "z": 0
      },
      "maxPos": {
        "x": 126,
        "y": 120.5,
        "z": 0
      }
    },
    "texture": "cf6f6acd-be18-4faf-8dd7-0265f7f2387a@6c48a",
    "packable": true,
    "pixelsToUnit": 100,
    "pivot": {
      "x": 0.5,
      "y": 0.5
    },
    "meshType": 0
  }
}