{
  "__type__": "cc.SpriteFrame",
  "content": {
    "name": "tower_hero_027",
    "atlas": "",
    "rect": {
      "x": 2,
      "y": 2,
      "width": 248,
      "height": 249
    },
    "offset": {
      "x": -2,
      "y": 1.5
    },
    "originalSize": {
      "width": 256,
      "height": 256
    },
    "rotated": false,
    "capInsets": [
      0,
      0,
      0,
      0
    ],
    "vertices": {
      "rawPosition": [
        -124,
        -124.5,
        0,
        124,
        -124.5,
        0,
        -124,
        124.5,
        0,
        124,
        124.5,
        0
      ],
      "indexes": [
        0,
        1,
        2,
        2,
        1,
        3
      ],
      "uv": [
        2,
        254,
        250,
        254,
        2,
        5,
        250,
        5
      ],
      "nuv": [
        0.0078125,
        0.01953125,
        0.9765625,
        0.01953125,
        0.0078125,
        0.9921875,
        0.9765625,
        0.9921875
      ],
      "minPos": {
        "x": -124,
        "y": -124.5,
        "z": 0
      },
      "maxPos": {
        "x": 124,
        "y": 124.5,
        "z": 0
      }
    },
    "texture": "cfb26226-c2f5-4a50-9a69-fc2488b5cbc6@6c48a",
    "packable": true,
    "pixelsToUnit": 100,
    "pivot": {
      "x": 0.5,
      "y": 0.5
    },
    "meshType": 0
  }
}