{
  "__type__": "cc.SpriteFrame",
  "content": {
    "name": "m_31001",
    "atlas": "",
    "rect": {
      "x": 2,
      "y": 2,
      "width": 506,
      "height": 508
    },
    "offset": {
      "x": -1,
      "y": 0
    },
    "originalSize": {
      "width": 512,
      "height": 512
    },
    "rotated": false,
    "capInsets": [
      0,
      0,
      0,
      0
    ],
    "vertices": {
      "rawPosition": [
        -253,
        -254,
        0,
        253,
        -254,
        0,
        -253,
        254,
        0,
        253,
        254,
        0
      ],
      "indexes": [
        0,
        1,
        2,
        2,
        1,
        3
      ],
      "uv": [
        2,
        510,
        508,
        510,
        2,
        2,
        508,
        2
      ],
      "nuv": [
        0.00390625,
        0.00390625,
        0.9921875,
        0.00390625,
        0.00390625,
        0.99609375,
        0.9921875,
        0.99609375
      ],
      "minPos": {
        "x": -253,
        "y": -254,
        "z": 0
      },
      "maxPos": {
        "x": 253,
        "y": 254,
        "z": 0
      }
    },
    "texture": "8917c7e0-8987-4001-9fab-0ee7929f6cc7@6c48a",
    "packable": true,
    "pixelsToUnit": 100,
    "pivot": {
      "x": 0.5,
      "y": 0.5
    },
    "meshType": 0
  }
}