{
  "__type__": "cc.SpriteFrame",
  "content": {
    "name": "big_reward",
    "atlas": "",
    "rect": {
      "x": 5,
      "y": 1,
      "width": 73,
      "height": 66
    },
    "offset": {
      "x": 1.5,
      "y": 0.5
    },
    "originalSize": {
      "width": 80,
      "height": 69
    },
    "rotated": false,
    "capInsets": [
      0,
      0,
      0,
      0
    ],
    "vertices": {
      "rawPosition": [
        -36.5,
        -33,
        0,
        36.5,
        -33,
        0,
        -36.5,
        33,
        0,
        36.5,
        33,
        0
      ],
      "indexes": [
        0,
        1,
        2,
        2,
        1,
        3
      ],
      "uv": [
        5,
        68,
        78,
        68,
        5,
        2,
        78,
        2
      ],
      "nuv": [
        0.0625,
        0.028985507246376812,
        0.975,
        0.028985507246376812,
        0.0625,
        0.9855072463768116,
        0.975,
        0.9855072463768116
      ],
      "minPos": {
        "x": -36.5,
        "y": -33,
        "z": 0
      },
      "maxPos": {
        "x": 36.5,
        "y": 33,
        "z": 0
      }
    },
    "texture": "89d742f8-1d0f-4a41-986e-ea799e6898b3@6c48a",
    "packable": true,
    "pixelsToUnit": 100,
    "pivot": {
      "x": 0.5,
      "y": 0.5
    },
    "meshType": 0
  }
}