{
  "__type__": "cc.SpriteFrame",
  "content": {
    "name": "hero_4102",
    "atlas": "",
    "rect": {
      "x": 5,
      "y": 2,
      "width": 54,
      "height": 56
    },
    "offset": {
      "x": -0.5,
      "y": 0
    },
    "originalSize": {
      "width": 65,
      "height": 60
    },
    "rotated": false,
    "capInsets": [
      0,
      0,
      0,
      0
    ],
    "vertices": {
      "rawPosition": [
        -27,
        -28,
        0,
        27,
        -28,
        0,
        -27,
        28,
        0,
        27,
        28,
        0
      ],
      "indexes": [
        0,
        1,
        2,
        2,
        1,
        3
      ],
      "uv": [
        5,
        58,
        59,
        58,
        5,
        2,
        59,
        2
      ],
      "nuv": [
        0.07692307692307693,
        0.03333333333333333,
        0.9076923076923077,
        0.03333333333333333,
        0.07692307692307693,
        0.9666666666666667,
        0.9076923076923077,
        0.9666666666666667
      ],
      "minPos": {
        "x": -27,
        "y": -28,
        "z": 0
      },
      "maxPos": {
        "x": 27,
        "y": 28,
        "z": 0
      }
    },
    "texture": "89e04370-f46d-48b0-a32e-b7eb81816b94@6c48a",
    "packable": true,
    "pixelsToUnit": 100,
    "pivot": {
      "x": 0.5,
      "y": 0.5
    },
    "meshType": 0
  }
}