{
  "__type__": "cc.SpriteFrame",
  "content": {
    "name": "hero_4202_bullet_1",
    "atlas": "",
    "rect": {
      "x": 51,
      "y": 69,
      "width": 1407,
      "height": 28
    },
    "offset": {
      "x": 4.5,
      "y": -8
    },
    "originalSize": {
      "width": 1500,
      "height": 150
    },
    "rotated": false,
    "capInsets": [
      0,
      0,
      0,
      0
    ],
    "vertices": {
      "rawPosition": [
        -703.5,
        -14,
        0,
        703.5,
        -14,
        0,
        -703.5,
        14,
        0,
        703.5,
        14,
        0
      ],
      "indexes": [
        0,
        1,
        2,
        2,
        1,
        3
      ],
      "uv": [
        51,
        81,
        1458,
        81,
        51,
        53,
        1458,
        53
      ],
      "nuv": [
        0.034,
        0.35333333333333333,
        0.972,
        0.35333333333333333,
        0.034,
        0.54,
        0.972,
        0.54
      ],
      "minPos": {
        "x": -703.5,
        "y": -14,
        "z": 0
      },
      "maxPos": {
        "x": 703.5,
        "y": 14,
        "z": 0
      }
    },
    "texture": "b920424b-0618-4687-962b-52dbe04bc48d@6c48a",
    "packable": true,
    "pixelsToUnit": 100,
    "pivot": {
      "x": 0.5,
      "y": 0.5
    },
    "meshType": 0
  }
}