{
  "__type__": "cc.SpriteFrame",
  "content": {
    "name": "jingYing04",
    "atlas": "",
    "rect": {
      "x": 33,
      "y": 41,
      "width": 255,
      "height": 260
    },
    "offset": {
      "x": 0.5,
      "y": -11
    },
    "originalSize": {
      "width": 320,
      "height": 320
    },
    "rotated": false,
    "capInsets": [
      0,
      0,
      0,
      0
    ],
    "vertices": {
      "rawPosition": [
        -127.5,
        -130,
        0,
        127.5,
        -130,
        0,
        -127.5,
        130,
        0,
        127.5,
        130,
        0
      ],
      "indexes": [
        0,
        1,
        2,
        2,
        1,
        3
      ],
      "uv": [
        33,
        279,
        288,
        279,
        33,
        19,
        288,
        19
      ],
      "nuv": [
        0.103125,
        0.059375,
        0.9,
        0.059375,
        0.103125,
        0.871875,
        0.9,
        0.871875
      ],
      "minPos": {
        "x": -127.5,
        "y": -130,
        "z": 0
      },
      "maxPos": {
        "x": 127.5,
        "y": 130,
        "z": 0
      }
    },
    "texture": "b9312701-e0bb-46ac-a281-2f02066467dd@6c48a",
    "packable": true,
    "pixelsToUnit": 100,
    "pivot": {
      "x": 0.5,
      "y": 0.5
    },
    "meshType": 0
  }
}