{
  "__type__": "cc.SpriteFrame",
  "content": {
    "name": "btn_DaMo01",
    "atlas": "",
    "rect": {
      "x": 1,
      "y": 2,
      "width": 57,
      "height": 55
    },
    "offset": {
      "x": 0.5,
      "y": -1
    },
    "originalSize": {
      "width": 58,
      "height": 57
    },
    "rotated": false,
    "capInsets": [
      0,
      0,
      0,
      0
    ],
    "vertices": {
      "rawPosition": [
        -28.5,
        -27.5,
        0,
        28.5,
        -27.5,
        0,
        -28.5,
        27.5,
        0,
        28.5,
        27.5,
        0
      ],
      "indexes": [
        0,
        1,
        2,
        2,
        1,
        3
      ],
      "uv": [
        1,
        55,
        58,
        55,
        1,
        0,
        58,
        0
      ],
      "nuv": [
        0.017241379310344827,
        0,
        1,
        0,
        0.017241379310344827,
        0.9649122807017544,
        1,
        0.9649122807017544
      ],
      "minPos": {
        "x": -28.5,
        "y": -27.5,
        "z": 0
      },
      "maxPos": {
        "x": 28.5,
        "y": 27.5,
        "z": 0
      }
    },
    "texture": "b955b6d3-73e1-46bc-ab4a-9d734e62089e@6c48a",
    "packable": true,
    "pixelsToUnit": 100,
    "pivot": {
      "x": 0.5,
      "y": 0.5
    },
    "meshType": 0
  }
}