{
  "__type__": "cc.SpriteFrame",
  "content": {
    "name": "tower_hero_002",
    "atlas": "",
    "rect": {
      "x": 0,
      "y": 1,
      "width": 1713,
      "height": 125
    },
    "offset": {
      "x": -0.5,
      "y": -0.5
    },
    "originalSize": {
      "width": 1714,
      "height": 126
    },
    "rotated": false,
    "capInsets": [
      0,
      0,
      0,
      0
    ],
    "vertices": {
      "rawPosition": [
        -856.5,
        -62.5,
        0,
        856.5,
        -62.5,
        0,
        -856.5,
        62.5,
        0,
        856.5,
        62.5,
        0
      ],
      "indexes": [
        0,
        1,
        2,
        2,
        1,
        3
      ],
      "uv": [
        0,
        125,
        1713,
        125,
        0,
        0,
        1713,
        0
      ],
      "nuv": [
        0,
        0,
        0.9994165694282381,
        0,
        0,
        0.9920634920634921,
        0.9994165694282381,
        0.9920634920634921
      ],
      "minPos": {
        "x": -856.5,
        "y": -62.5,
        "z": 0
      },
      "maxPos": {
        "x": 856.5,
        "y": 62.5,
        "z": 0
      }
    },
    "texture": "b962ba1d-ab6d-4d17-b8cb-0af9481b0091@6c48a",
    "packable": true,
    "pixelsToUnit": 100,
    "pivot": {
      "x": 0.5,
      "y": 0.5
    },
    "meshType": 0
  }
}