{
  "__type__": "cc.SpriteFrame",
  "content": {
    "name": "m_21022",
    "atlas": "",
    "rect": {
      "x": 0,
      "y": 1,
      "width": 1019,
      "height": 1167
    },
    "offset": {
      "x": -0.5,
      "y": 1
    },
    "originalSize": {
      "width": 1020,
      "height": 1171
    },
    "rotated": false,
    "capInsets": [
      0,
      0,
      0,
      0
    ],
    "vertices": {
      "rawPosition": [
        -509.5,
        -583.5,
        0,
        509.5,
        -583.5,
        0,
        -509.5,
        583.5,
        0,
        509.5,
        583.5,
        0
      ],
      "indexes": [
        0,
        1,
        2,
        2,
        1,
        3
      ],
      "uv": [
        0,
        1170,
        1019,
        1170,
        0,
        3,
        1019,
        3
      ],
      "nuv": [
        0,
        0.0025619128949615714,
        0.9990196078431373,
        0.0025619128949615714,
        0,
        0.9991460290350128,
        0.9990196078431373,
        0.9991460290350128
      ],
      "minPos": {
        "x": -509.5,
        "y": -583.5,
        "z": 0
      },
      "maxPos": {
        "x": 509.5,
        "y": 583.5,
        "z": 0
      }
    },
    "texture": "b98c72e8-4c7c-4d47-ab1d-201c47fc0055@6c48a",
    "packable": true,
    "pixelsToUnit": 100,
    "pivot": {
      "x": 0.5,
      "y": 0.5
    },
    "meshType": 0
  }
}