{
  "__type__": "cc.SpriteFrame",
  "content": {
    "name": "hero_3301",
    "atlas": "",
    "rect": {
      "x": 20,
      "y": 7,
      "width": 117,
      "height": 127
    },
    "offset": {
      "x": -1.5,
      "y": 9.5
    },
    "originalSize": {
      "width": 160,
      "height": 160
    },
    "rotated": false,
    "capInsets": [
      0,
      0,
      0,
      0
    ],
    "vertices": {
      "rawPosition": [
        -58.5,
        -63.5,
        0,
        58.5,
        -63.5,
        0,
        -58.5,
        63.5,
        0,
        58.5,
        63.5,
        0
      ],
      "indexes": [
        0,
        1,
        2,
        2,
        1,
        3
      ],
      "uv": [
        20,
        153,
        137,
        153,
        20,
        26,
        137,
        26
      ],
      "nuv": [
        0.125,
        0.1625,
        0.85625,
        0.1625,
        0.125,
        0.95625,
        0.85625,
        0.95625
      ],
      "minPos": {
        "x": -58.5,
        "y": -63.5,
        "z": 0
      },
      "maxPos": {
        "x": 58.5,
        "y": 63.5,
        "z": 0
      }
    },
    "texture": "b9c164cb-efb8-49c7-a5f7-cb0b6162d61c@6c48a",
    "packable": true,
    "pixelsToUnit": 100,
    "pivot": {
      "x": 0.5,
      "y": 0.5
    },
    "meshType": 0
  }
}