{
  "__type__": "cc.SpriteFrame",
  "content": {
    "name": "hero_1301",
    "atlas": "",
    "rect": {
      "x": 8,
      "y": 0,
      "width": 49,
      "height": 58
    },
    "offset": {
      "x": 0,
      "y": 1
    },
    "originalSize": {
      "width": 65,
      "height": 60
    },
    "rotated": false,
    "capInsets": [
      0,
      0,
      0,
      0
    ],
    "vertices": {
      "rawPosition": [
        -24.5,
        -29,
        0,
        24.5,
        -29,
        0,
        -24.5,
        29,
        0,
        24.5,
        29,
        0
      ],
      "indexes": [
        0,
        1,
        2,
        2,
        1,
        3
      ],
      "uv": [
        8,
        60,
        57,
        60,
        8,
        2,
        57,
        2
      ],
      "nuv": [
        0.12307692307692308,
        0.03333333333333333,
        0.8769230769230769,
        0.03333333333333333,
        0.12307692307692308,
        1,
        0.8769230769230769,
        1
      ],
      "minPos": {
        "x": -24.5,
        "y": -29,
        "z": 0
      },
      "maxPos": {
        "x": 24.5,
        "y": 29,
        "z": 0
      }
    },
    "texture": "f7b13c68-8d7a-4294-8634-eea12d86180b@6c48a",
    "packable": true,
    "pixelsToUnit": 100,
    "pivot": {
      "x": 0.5,
      "y": 0.5
    },
    "meshType": 0
  }
}