{
  "__type__": "cc.SpriteFrame",
  "content": {
    "name": "11-2-2",
    "atlas": "",
    "rect": {
      "x": 0,
      "y": 0,
      "width": 627,
      "height": 596
    },
    "offset": {
      "x": -10.5,
      "y": 0
    },
    "originalSize": {
      "width": 648,
      "height": 596
    },
    "rotated": false,
    "capInsets": [
      0,
      0,
      0,
      0
    ],
    "vertices": {
      "rawPosition": [
        -313.5,
        -298,
        0,
        313.5,
        -298,
        0,
        -313.5,
        298,
        0,
        313.5,
        298,
        0
      ],
      "indexes": [
        0,
        1,
        2,
        2,
        1,
        3
      ],
      "uv": [
        0,
        596,
        627,
        596,
        0,
        0,
        627,
        0
      ],
      "nuv": [
        0,
        0,
        0.9675925925925926,
        0,
        0,
        1,
        0.9675925925925926,
        1
      ],
      "minPos": {
        "x": -313.5,
        "y": -298,
        "z": 0
      },
      "maxPos": {
        "x": 313.5,
        "y": 298,
        "z": 0
      }
    },
    "texture": "f7e2f573-c25d-4a5c-8082-03921e72c7d5@6c48a",
    "packable": true,
    "pixelsToUnit": 100,
    "pivot": {
      "x": 0.5,
      "y": 0.5
    },
    "meshType": 0
  }
}