{
  "__type__": "cc.SpriteFrame",
  "content": {
    "name": "hero_3201_behit_2",
    "atlas": "",
    "rect": {
      "x": 14,
      "y": 0,
      "width": 259,
      "height": 93
    },
    "offset": {
      "x": 7,
      "y": 0
    },
    "originalSize": {
      "width": 273,
      "height": 93
    },
    "rotated": false,
    "capInsets": [
      0,
      0,
      0,
      0
    ],
    "vertices": {
      "rawPosition": [
        -129.5,
        -46.5,
        0,
        129.5,
        -46.5,
        0,
        -129.5,
        46.5,
        0,
        129.5,
        46.5,
        0
      ],
      "indexes": [
        0,
        1,
        2,
        2,
        1,
        3
      ],
      "uv": [
        14,
        93,
        273,
        93,
        14,
        0,
        273,
        0
      ],
      "nuv": [
        0.05128205128205128,
        0,
        1,
        0,
        0.05128205128205128,
        1,
        1,
        1
      ],
      "minPos": {
        "x": -129.5,
        "y": -46.5,
        "z": 0
      },
      "maxPos": {
        "x": 129.5,
        "y": 46.5,
        "z": 0
      }
    },
    "texture": "4292f3f1-bd69-43b3-b75c-1ac8ab32de2a@6c48a",
    "packable": true,
    "pixelsToUnit": 100,
    "pivot": {
      "x": 0.5,
      "y": 0.5
    },
    "meshType": 0
  }
}