{
  "__type__": "cc.SpriteFrame",
  "content": {
    "name": "m_10602",
    "atlas": "",
    "rect": {
      "x": 2,
      "y": 2,
      "width": 996,
      "height": 649
    },
    "offset": {
      "x": -0.5,
      "y": 0.5
    },
    "originalSize": {
      "width": 1001,
      "height": 654
    },
    "rotated": false,
    "capInsets": [
      0,
      0,
      0,
      0
    ],
    "vertices": {
      "rawPosition": [
        -498,
        -324.5,
        0,
        498,
        -324.5,
        0,
        -498,
        324.5,
        0,
        498,
        324.5,
        0
      ],
      "indexes": [
        0,
        1,
        2,
        2,
        1,
        3
      ],
      "uv": [
        2,
        652,
        998,
        652,
        2,
        3,
        998,
        3
      ],
      "nuv": [
        0.001998001998001998,
        0.0045871559633027525,
        0.997002997002997,
        0.0045871559633027525,
        0.001998001998001998,
        0.9969418960244648,
        0.997002997002997,
        0.9969418960244648
      ],
      "minPos": {
        "x": -498,
        "y": -324.5,
        "z": 0
      },
      "maxPos": {
        "x": 498,
        "y": 324.5,
        "z": 0
      }
    },
    "texture": "dbd2ba96-988e-4bb4-a87c-105ed45f4a74@6c48a",
    "packable": true,
    "pixelsToUnit": 100,
    "pivot": {
      "x": 0.5,
      "y": 0.5
    },
    "meshType": 0
  }
}