{
  "__type__": "cc.SpriteFrame",
  "content": {
    "name": "m_32003_buff_1",
    "atlas": "",
    "rect": {
      "x": 2,
      "y": 2,
      "width": 161,
      "height": 172
    },
    "offset": {
      "x": -45.5,
      "y": 40
    },
    "originalSize": {
      "width": 256,
      "height": 256
    },
    "rotated": false,
    "capInsets": [
      0,
      0,
      0,
      0
    ],
    "vertices": {
      "rawPosition": [
        -80.5,
        -86,
        0,
        80.5,
        -86,
        0,
        -80.5,
        86,
        0,
        80.5,
        86,
        0
      ],
      "indexes": [
        0,
        1,
        2,
        2,
        1,
        3
      ],
      "uv": [
        2,
        254,
        163,
        254,
        2,
        82,
        163,
        82
      ],
      "nuv": [
        0.0078125,
        0.3203125,
        0.63671875,
        0.3203125,
        0.0078125,
        0.9921875,
        0.63671875,
        0.9921875
      ],
      "minPos": {
        "x": -80.5,
        "y": -86,
        "z": 0
      },
      "maxPos": {
        "x": 80.5,
        "y": 86,
        "z": 0
      }
    },
    "texture": "dbd99675-ddcb-48c9-a788-a157f59f41ea@6c48a",
    "packable": true,
    "pixelsToUnit": 100,
    "pivot": {
      "x": 0.5,
      "y": 0.5
    },
    "meshType": 0
  }
}