{
  "__type__": "cc.SpriteFrame",
  "content": {
    "name": "tower_hero_007",
    "atlas": "",
    "rect": {
      "x": 2,
      "y": 2,
      "width": 502,
      "height": 508
    },
    "offset": {
      "x": -3,
      "y": 0
    },
    "originalSize": {
      "width": 512,
      "height": 512
    },
    "rotated": false,
    "capInsets": [
      0,
      0,
      0,
      0
    ],
    "vertices": {
      "rawPosition": [
        -251,
        -254,
        0,
        251,
        -254,
        0,
        -251,
        254,
        0,
        251,
        254,
        0
      ],
      "indexes": [
        0,
        1,
        2,
        2,
        1,
        3
      ],
      "uv": [
        2,
        510,
        504,
        510,
        2,
        2,
        504,
        2
      ],
      "nuv": [
        0.00390625,
        0.00390625,
        0.984375,
        0.00390625,
        0.00390625,
        0.99609375,
        0.984375,
        0.99609375
      ],
      "minPos": {
        "x": -251,
        "y": -254,
        "z": 0
      },
      "maxPos": {
        "x": 251,
        "y": 254,
        "z": 0
      }
    },
    "texture": "c949cd57-4f66-44d6-a4fb-be9faee80440@6c48a",
    "packable": true,
    "pixelsToUnit": 100,
    "pivot": {
      "x": 0.5,
      "y": 0.5
    },
    "meshType": 0
  }
}