{
  "__type__": "cc.SpriteFrame",
  "content": {
    "name": "hero_4401_behit_2",
    "atlas": "",
    "rect": {
      "x": 29,
      "y": 0,
      "width": 1867,
      "height": 91
    },
    "offset": {
      "x": -0.5,
      "y": 0
    },
    "originalSize": {
      "width": 1926,
      "height": 91
    },
    "rotated": false,
    "capInsets": [
      0,
      0,
      0,
      0
    ],
    "vertices": {
      "rawPosition": [
        -933.5,
        -45.5,
        0,
        933.5,
        -45.5,
        0,
        -933.5,
        45.5,
        0,
        933.5,
        45.5,
        0
      ],
      "indexes": [
        0,
        1,
        2,
        2,
        1,
        3
      ],
      "uv": [
        29,
        91,
        1896,
        91,
        29,
        0,
        1896,
        0
      ],
      "nuv": [
        0.015057113187954309,
        0,
        0.9844236760124611,
        0,
        0.015057113187954309,
        1,
        0.9844236760124611,
        1
      ],
      "minPos": {
        "x": -933.5,
        "y": -45.5,
        "z": 0
      },
      "maxPos": {
        "x": 933.5,
        "y": 45.5,
        "z": 0
      }
    },
    "texture": "e82b5b06-aaeb-4731-83da-37104c8ceae8@6c48a",
    "packable": true,
    "pixelsToUnit": 100,
    "pivot": {
      "x": 0.5,
      "y": 0.5
    },
    "meshType": 0
  }
}