{
  "__type__": "cc.SpriteFrame",
  "content": {
    "name": "sc001_00022",
    "atlas": "",
    "rect": {
      "x": 62,
      "y": 34,
      "width": 2,
      "height": 83
    },
    "offset": {
      "x": 3,
      "y": -15.5
    },
    "originalSize": {
      "width": 120,
      "height": 120
    },
    "rotated": false,
    "capInsets": [
      0,
      0,
      0,
      0
    ],
    "vertices": {
      "rawPosition": [
        -1,
        -41.5,
        0,
        1,
        -41.5,
        0,
        -1,
        41.5,
        0,
        1,
        41.5,
        0
      ],
      "indexes": [
        0,
        1,
        2,
        2,
        1,
        3
      ],
      "uv": [
        62,
        86,
        64,
        86,
        62,
        3,
        64,
        3
      ],
      "nuv": [
        0.5166666666666667,
        0.025,
        0.5333333333333333,
        0.025,
        0.5166666666666667,
        0.7166666666666667,
        0.5333333333333333,
        0.7166666666666667
      ],
      "minPos": {
        "x": -1,
        "y": -41.5,
        "z": 0
      },
      "maxPos": {
        "x": 1,
        "y": 41.5,
        "z": 0
      }
    },
    "texture": "e8c04f46-3b16-4ded-b4b9-82a2bd63f35d@6c48a",
    "packable": true,
    "pixelsToUnit": 100,
    "pivot": {
      "x": 0.5,
      "y": 0.5
    },
    "meshType": 0
  }
}