{
  "__type__": "cc.SpriteFrame",
  "content": {
    "name": "hero_3501",
    "atlas": "",
    "rect": {
      "x": 1,
      "y": 14,
      "width": 158,
      "height": 121
    },
    "offset": {
      "x": 0,
      "y": 5.5
    },
    "originalSize": {
      "width": 160,
      "height": 160
    },
    "rotated": false,
    "capInsets": [
      0,
      0,
      0,
      0
    ],
    "vertices": {
      "rawPosition": [
        -79,
        -60.5,
        0,
        79,
        -60.5,
        0,
        -79,
        60.5,
        0,
        79,
        60.5,
        0
      ],
      "indexes": [
        0,
        1,
        2,
        2,
        1,
        3
      ],
      "uv": [
        1,
        146,
        159,
        146,
        1,
        25,
        159,
        25
      ],
      "nuv": [
        0.00625,
        0.15625,
        0.99375,
        0.15625,
        0.00625,
        0.9125,
        0.99375,
        0.9125
      ],
      "minPos": {
        "x": -79,
        "y": -60.5,
        "z": 0
      },
      "maxPos": {
        "x": 79,
        "y": 60.5,
        "z": 0
      }
    },
    "texture": "ec2f8001-2436-4379-a22c-e70c77cea749@6c48a",
    "packable": true,
    "pixelsToUnit": 100,
    "pivot": {
      "x": 0.5,
      "y": 0.5
    },
    "meshType": 0
  }
}