{
  "__type__": "cc.SpriteFrame",
  "content": {
    "name": "hero_4503_bullet_1",
    "atlas": "",
    "rect": {
      "x": 7,
      "y": 30,
      "width": 251,
      "height": 1638
    },
    "offset": {
      "x": -17.5,
      "y": 1
    },
    "originalSize": {
      "width": 300,
      "height": 1700
    },
    "rotated": false,
    "capInsets": [
      0,
      0,
      0,
      0
    ],
    "vertices": {
      "rawPosition": [
        -125.5,
        -819,
        0,
        125.5,
        -819,
        0,
        -125.5,
        819,
        0,
        125.5,
        819,
        0
      ],
      "indexes": [
        0,
        1,
        2,
        2,
        1,
        3
      ],
      "uv": [
        7,
        1670,
        258,
        1670,
        7,
        32,
        258,
        32
      ],
      "nuv": [
        0.023333333333333334,
        0.018823529411764704,
        0.86,
        0.018823529411764704,
        0.023333333333333334,
        0.9823529411764705,
        0.86,
        0.9823529411764705
      ],
      "minPos": {
        "x": -125.5,
        "y": -819,
        "z": 0
      },
      "maxPos": {
        "x": 125.5,
        "y": 819,
        "z": 0
      }
    },
    "texture": "ec3cb7da-0447-4273-8182-dc75a4a059fe@6c48a",
    "packable": true,
    "pixelsToUnit": 100,
    "pivot": {
      "x": 0.5,
      "y": 0.5
    },
    "meshType": 0
  }
}