{
  "__type__": "cc.SpriteFrame",
  "content": {
    "name": "m_10004",
    "atlas": "",
    "rect": {
      "x": 1,
      "y": 0,
      "width": 960,
      "height": 698
    },
    "offset": {
      "x": -8.5,
      "y": 6
    },
    "originalSize": {
      "width": 979,
      "height": 710
    },
    "rotated": false,
    "capInsets": [
      0,
      0,
      0,
      0
    ],
    "vertices": {
      "rawPosition": [
        -480,
        -349,
        0,
        480,
        -349,
        0,
        -480,
        349,
        0,
        480,
        349,
        0
      ],
      "indexes": [
        0,
        1,
        2,
        2,
        1,
        3
      ],
      "uv": [
        1,
        710,
        961,
        710,
        1,
        12,
        961,
        12
      ],
      "nuv": [
        0.0010214504596527069,
        0.016901408450704224,
        0.9816138917262512,
        0.016901408450704224,
        0.0010214504596527069,
        1,
        0.9816138917262512,
        1
      ],
      "minPos": {
        "x": -480,
        "y": -349,
        "z": 0
      },
      "maxPos": {
        "x": 480,
        "y": 349,
        "z": 0
      }
    },
    "texture": "ece20e73-14fa-4ea7-b5c6-298f1707fc44@6c48a",
    "packable": true,
    "pixelsToUnit": 100,
    "pivot": {
      "x": 0.5,
      "y": 0.5
    },
    "meshType": 0
  }
}