{
  "__type__": "cc.SpriteFrame",
  "content": {
    "name": "icon_shouchong1",
    "atlas": "",
    "rect": {
      "x": 1,
      "y": 2,
      "width": 83,
      "height": 83
    },
    "offset": {
      "x": -0.5,
      "y": -0.5
    },
    "originalSize": {
      "width": 86,
      "height": 86
    },
    "rotated": false,
    "capInsets": [
      0,
      0,
      0,
      0
    ],
    "vertices": {
      "rawPosition": [
        -41.5,
        -41.5,
        0,
        41.5,
        -41.5,
        0,
        -41.5,
        41.5,
        0,
        41.5,
        41.5,
        0
      ],
      "indexes": [
        0,
        1,
        2,
        2,
        1,
        3
      ],
      "uv": [
        1,
        84,
        84,
        84,
        1,
        1,
        84,
        1
      ],
      "nuv": [
        0.011627906976744186,
        0.011627906976744186,
        0.9767441860465116,
        0.011627906976744186,
        0.011627906976744186,
        0.9767441860465116,
        0.9767441860465116,
        0.9767441860465116
      ],
      "minPos": {
        "x": -41.5,
        "y": -41.5,
        "z": 0
      },
      "maxPos": {
        "x": 41.5,
        "y": 41.5,
        "z": 0
      }
    },
    "texture": "1769b87b-004a-4061-ae12-3e1a916a603f@6c48a",
    "packable": true,
    "pixelsToUnit": 100,
    "pivot": {
      "x": 0.5,
      "y": 0.5
    },
    "meshType": 0
  }
}