{
  "__type__": "cc.SpriteFrame",
  "content": {
    "name": "zheZhao",
    "atlas": "",
    "rect": {
      "x": 0,
      "y": 0,
      "width": 311,
      "height": 466
    },
    "offset": {
      "x": -0.5,
      "y": 3
    },
    "originalSize": {
      "width": 312,
      "height": 472
    },
    "rotated": false,
    "capInsets": [
      0,
      0,
      0,
      0
    ],
    "vertices": {
      "rawPosition": [
        -155.5,
        -233,
        0,
        155.5,
        -233,
        0,
        -155.5,
        233,
        0,
        155.5,
        233,
        0
      ],
      "indexes": [
        0,
        1,
        2,
        2,
        1,
        3
      ],
      "uv": [
        0,
        472,
        311,
        472,
        0,
        6,
        311,
        6
      ],
      "nuv": [
        0,
        0.012711864406779662,
        0.9967948717948718,
        0.012711864406779662,
        0,
        1,
        0.9967948717948718,
        1
      ],
      "minPos": {
        "x": -155.5,
        "y": -233,
        "z": 0
      },
      "maxPos": {
        "x": 155.5,
        "y": 233,
        "z": 0
      }
    },
    "texture": "1772ff79-ccf7-4cc5-92d7-99f48ac01f7d@6c48a",
    "packable": true,
    "pixelsToUnit": 100,
    "pivot": {
      "x": 0.5,
      "y": 0.5
    },
    "meshType": 0
  }
}