{
  "__type__": "cc.SpriteFrame",
  "content": {
    "name": "wuQiKuChouJiangTanChuangBg",
    "atlas": "",
    "rect": {
      "x": 0,
      "y": 7,
      "width": 953,
      "height": 443
    },
    "offset": {
      "x": 0,
      "y": -3.5
    },
    "originalSize": {
      "width": 953,
      "height": 450
    },
    "rotated": false,
    "capInsets": [
      0,
      0,
      0,
      0
    ],
    "vertices": {
      "rawPosition": [
        -476.5,
        -221.5,
        0,
        476.5,
        -221.5,
        0,
        -476.5,
        221.5,
        0,
        476.5,
        221.5,
        0
      ],
      "indexes": [
        0,
        1,
        2,
        2,
        1,
        3
      ],
      "uv": [
        0,
        443,
        953,
        443,
        0,
        0,
        953,
        0
      ],
      "nuv": [
        0,
        0,
        1,
        0,
        0,
        0.9844444444444445,
        1,
        0.9844444444444445
      ],
      "minPos": {
        "x": -476.5,
        "y": -221.5,
        "z": 0
      },
      "maxPos": {
        "x": 476.5,
        "y": 221.5,
        "z": 0
      }
    },
    "texture": "17a4b27a-f9bb-420f-b978-dea91ddc42b7@6c48a",
    "packable": true,
    "pixelsToUnit": 100,
    "pivot": {
      "x": 0.5,
      "y": 0.5
    },
    "meshType": 0
  }
}