{
  "__type__": "cc.SpriteFrame",
  "content": {
    "name": "claim_bg",
    "atlas": "",
    "rect": {
      "x": 1,
      "y": 1,
      "width": 76,
      "height": 77
    },
    "offset": {
      "x": 0,
      "y": -0.5
    },
    "originalSize": {
      "width": 78,
      "height": 78
    },
    "rotated": false,
    "capInsets": [
      37,
      38,
      39,
      39
    ],
    "vertices": {
      "rawPosition": [
        -38,
        -38.5,
        0,
        38,
        -38.5,
        0,
        -38,
        38.5,
        0,
        38,
        38.5,
        0
      ],
      "indexes": [
        0,
        1,
        2,
        2,
        1,
        3
      ],
      "uv": [
        1,
        77,
        77,
        77,
        1,
        0,
        77,
        0
      ],
      "nuv": [
        0.01282051282051282,
        0,
        0.9871794871794872,
        0,
        0.01282051282051282,
        0.9871794871794872,
        0.9871794871794872,
        0.9871794871794872
      ],
      "minPos": {
        "x": -38,
        "y": -38.5,
        "z": 0
      },
      "maxPos": {
        "x": 38,
        "y": 38.5,
        "z": 0
      }
    },
    "texture": "17f22a84-149b-490e-930d-83dbe9f8db9e@6c48a",
    "packable": true,
    "pixelsToUnit": 100,
    "pivot": {
      "x": 0.5,
      "y": 0.5
    },
    "meshType": 0
  }
}