{
  "__type__": "cc.SpriteFrame",
  "content": {
    "name": "hero_3402_behit_1",
    "atlas": "",
    "rect": {
      "x": 17,
      "y": 51,
      "width": 448,
      "height": 1137
    },
    "offset": {
      "x": 1,
      "y": -19.5
    },
    "originalSize": {
      "width": 480,
      "height": 1200
    },
    "rotated": false,
    "capInsets": [
      0,
      0,
      0,
      0
    ],
    "vertices": {
      "rawPosition": [
        -224,
        -568.5,
        0,
        224,
        -568.5,
        0,
        -224,
        568.5,
        0,
        224,
        568.5,
        0
      ],
      "indexes": [
        0,
        1,
        2,
        2,
        1,
        3
      ],
      "uv": [
        17,
        1149,
        465,
        1149,
        17,
        12,
        465,
        12
      ],
      "nuv": [
        0.035416666666666666,
        0.01,
        0.96875,
        0.01,
        0.035416666666666666,
        0.9575,
        0.96875,
        0.9575
      ],
      "minPos": {
        "x": -224,
        "y": -568.5,
        "z": 0
      },
      "maxPos": {
        "x": 224,
        "y": 568.5,
        "z": 0
      }
    },
    "texture": "10457ece-647c-4550-8836-8d0fdbea8e20@6c48a",
    "packable": true,
    "pixelsToUnit": 100,
    "pivot": {
      "x": 0.5,
      "y": 0.5
    },
    "meshType": 0
  }
}