{
  "__type__": "cc.SpriteFrame",
  "content": {
    "name": "m_31002",
    "atlas": "",
    "rect": {
      "x": 2,
      "y": 3,
      "width": 501,
      "height": 498
    },
    "offset": {
      "x": -3.5,
      "y": 4
    },
    "originalSize": {
      "width": 512,
      "height": 512
    },
    "rotated": false,
    "capInsets": [
      0,
      0,
      0,
      0
    ],
    "vertices": {
      "rawPosition": [
        -250.5,
        -249,
        0,
        250.5,
        -249,
        0,
        -250.5,
        249,
        0,
        250.5,
        249,
        0
      ],
      "indexes": [
        0,
        1,
        2,
        2,
        1,
        3
      ],
      "uv": [
        2,
        509,
        503,
        509,
        2,
        11,
        503,
        11
      ],
      "nuv": [
        0.00390625,
        0.021484375,
        0.982421875,
        0.021484375,
        0.00390625,
        0.994140625,
        0.982421875,
        0.994140625
      ],
      "minPos": {
        "x": -250.5,
        "y": -249,
        "z": 0
      },
      "maxPos": {
        "x": 250.5,
        "y": 249,
        "z": 0
      }
    },
    "texture": "10ed408c-3f3e-43cb-b125-54741cd95e1c@6c48a",
    "packable": true,
    "pixelsToUnit": 100,
    "pivot": {
      "x": 0.5,
      "y": 0.5
    },
    "meshType": 0
  }
}