{
  "__type__": "cc.SpriteFrame",
  "content": {
    "name": "m_21021",
    "atlas": "",
    "rect": {
      "x": 0,
      "y": 0,
      "width": 974,
      "height": 1203
    },
    "offset": {
      "x": -5.5,
      "y": 4.5
    },
    "originalSize": {
      "width": 985,
      "height": 1212
    },
    "rotated": false,
    "capInsets": [
      0,
      0,
      0,
      0
    ],
    "vertices": {
      "rawPosition": [
        -487,
        -601.5,
        0,
        487,
        -601.5,
        0,
        -487,
        601.5,
        0,
        487,
        601.5,
        0
      ],
      "indexes": [
        0,
        1,
        2,
        2,
        1,
        3
      ],
      "uv": [
        0,
        1212,
        974,
        1212,
        0,
        9,
        974,
        9
      ],
      "nuv": [
        0,
        0.007425742574257425,
        0.9888324873096447,
        0.007425742574257425,
        0,
        1,
        0.9888324873096447,
        1
      ],
      "minPos": {
        "x": -487,
        "y": -601.5,
        "z": 0
      },
      "maxPos": {
        "x": 487,
        "y": 601.5,
        "z": 0
      }
    },
    "texture": "b8519d44-092c-43db-938f-38d4c3dbfa44@6c48a",
    "packable": true,
    "pixelsToUnit": 100,
    "pivot": {
      "x": 0.5,
      "y": 0.5
    },
    "meshType": 0
  }
}