{
  "__type__": "cc.SpriteFrame",
  "content": {
    "name": "hero_4402_behit_1",
    "atlas": "",
    "rect": {
      "x": 21,
      "y": 16,
      "width": 843,
      "height": 394
    },
    "offset": {
      "x": -4.5,
      "y": 9
    },
    "originalSize": {
      "width": 894,
      "height": 444
    },
    "rotated": false,
    "capInsets": [
      0,
      0,
      0,
      0
    ],
    "vertices": {
      "rawPosition": [
        -421.5,
        -197,
        0,
        421.5,
        -197,
        0,
        -421.5,
        197,
        0,
        421.5,
        197,
        0
      ],
      "indexes": [
        0,
        1,
        2,
        2,
        1,
        3
      ],
      "uv": [
        21,
        428,
        864,
        428,
        21,
        34,
        864,
        34
      ],
      "nuv": [
        0.02348993288590604,
        0.07657657657657657,
        0.9664429530201343,
        0.07657657657657657,
        0.02348993288590604,
        0.963963963963964,
        0.9664429530201343,
        0.963963963963964
      ],
      "minPos": {
        "x": -421.5,
        "y": -197,
        "z": 0
      },
      "maxPos": {
        "x": 421.5,
        "y": 197,
        "z": 0
      }
    },
    "texture": "b859f078-a2bd-485a-96bf-814d594f115e@6c48a",
    "packable": true,
    "pixelsToUnit": 100,
    "pivot": {
      "x": 0.5,
      "y": 0.5
    },
    "meshType": 0
  }
}