{
  "__type__": "cc.SpriteFrame",
  "content": {
    "name": "Ghost",
    "atlas": "",
    "rect": {
      "x": 2,
      "y": 3,
      "width": 122,
      "height": 183
    },
    "offset": {
      "x": -1,
      "y": -0.5
    },
    "originalSize": {
      "width": 128,
      "height": 188
    },
    "rotated": false,
    "capInsets": [
      0,
      0,
      0,
      0
    ],
    "vertices": {
      "rawPosition": [
        -61,
        -91.5,
        0,
        61,
        -91.5,
        0,
        -61,
        91.5,
        0,
        61,
        91.5,
        0
      ],
      "indexes": [
        0,
        1,
        2,
        2,
        1,
        3
      ],
      "uv": [
        2,
        185,
        124,
        185,
        2,
        2,
        124,
        2
      ],
      "nuv": [
        0.015625,
        0.010638297872340425,
        0.96875,
        0.010638297872340425,
        0.015625,
        0.9840425531914894,
        0.96875,
        0.9840425531914894
      ],
      "minPos": {
        "x": -61,
        "y": -91.5,
        "z": 0
      },
      "maxPos": {
        "x": 61,
        "y": 91.5,
        "z": 0
      }
    },
    "texture": "b8b065ca-6aad-4ba5-a149-1678e9296b97@6c48a",
    "packable": true,
    "pixelsToUnit": 100,
    "pivot": {
      "x": 0.5,
      "y": 0.5
    },
    "meshType": 0
  }
}