{
  "__type__": "cc.SpriteFrame",
  "content": {
    "name": "hero_4301",
    "atlas": "",
    "rect": {
      "x": 0,
      "y": 4,
      "width": 64,
      "height": 54
    },
    "offset": {
      "x": -0.5,
      "y": -1
    },
    "originalSize": {
      "width": 65,
      "height": 60
    },
    "rotated": false,
    "capInsets": [
      0,
      0,
      0,
      0
    ],
    "vertices": {
      "rawPosition": [
        -32,
        -27,
        0,
        32,
        -27,
        0,
        -32,
        27,
        0,
        32,
        27,
        0
      ],
      "indexes": [
        0,
        1,
        2,
        2,
        1,
        3
      ],
      "uv": [
        0,
        56,
        64,
        56,
        0,
        2,
        64,
        2
      ],
      "nuv": [
        0,
        0.03333333333333333,
        0.9846153846153847,
        0.03333333333333333,
        0,
        0.9333333333333333,
        0.9846153846153847,
        0.9333333333333333
      ],
      "minPos": {
        "x": -32,
        "y": -27,
        "z": 0
      },
      "maxPos": {
        "x": 32,
        "y": 27,
        "z": 0
      }
    },
    "texture": "b8fddbe7-550c-4b48-9179-890b6971c271@6c48a",
    "packable": true,
    "pixelsToUnit": 100,
    "pivot": {
      "x": 0.5,
      "y": 0.5
    },
    "meshType": 0
  }
}