{
  "__type__": "cc.SpriteFrame",
  "content": {
    "name": "hero_3401",
    "atlas": "",
    "rect": {
      "x": 1,
      "y": 3,
      "width": 63,
      "height": 56
    },
    "offset": {
      "x": 0,
      "y": -1
    },
    "originalSize": {
      "width": 65,
      "height": 60
    },
    "rotated": false,
    "capInsets": [
      0,
      0,
      0,
      0
    ],
    "vertices": {
      "rawPosition": [
        -31.5,
        -28,
        0,
        31.5,
        -28,
        0,
        -31.5,
        28,
        0,
        31.5,
        28,
        0
      ],
      "indexes": [
        0,
        1,
        2,
        2,
        1,
        3
      ],
      "uv": [
        1,
        57,
        64,
        57,
        1,
        1,
        64,
        1
      ],
      "nuv": [
        0.015384615384615385,
        0.016666666666666666,
        0.9846153846153847,
        0.016666666666666666,
        0.015384615384615385,
        0.95,
        0.9846153846153847,
        0.95
      ],
      "minPos": {
        "x": -31.5,
        "y": -28,
        "z": 0
      },
      "maxPos": {
        "x": 31.5,
        "y": 28,
        "z": 0
      }
    },
    "texture": "4003c18c-a0f1-4546-b15c-b6e8184a8340@6c48a",
    "packable": true,
    "pixelsToUnit": 100,
    "pivot": {
      "x": 0.5,
      "y": 0.5
    },
    "meshType": 0
  }
}