{
  "__type__": "cc.SpriteFrame",
  "content": {
    "name": "m_21012",
    "atlas": "",
    "rect": {
      "x": 1,
      "y": 2,
      "width": 1005,
      "height": 1849
    },
    "offset": {
      "x": -6.5,
      "y": 8.5
    },
    "originalSize": {
      "width": 1020,
      "height": 1870
    },
    "rotated": false,
    "capInsets": [
      0,
      0,
      0,
      0
    ],
    "vertices": {
      "rawPosition": [
        -502.5,
        -924.5,
        0,
        502.5,
        -924.5,
        0,
        -502.5,
        924.5,
        0,
        502.5,
        924.5,
        0
      ],
      "indexes": [
        0,
        1,
        2,
        2,
        1,
        3
      ],
      "uv": [
        1,
        1868,
        1006,
        1868,
        1,
        19,
        1006,
        19
      ],
      "nuv": [
        0.000980392156862745,
        0.010160427807486631,
        0.9862745098039216,
        0.010160427807486631,
        0.000980392156862745,
        0.9989304812834224,
        0.9862745098039216,
        0.9989304812834224
      ],
      "minPos": {
        "x": -502.5,
        "y": -924.5,
        "z": 0
      },
      "maxPos": {
        "x": 502.5,
        "y": 924.5,
        "z": 0
      }
    },
    "texture": "403c4334-1957-4090-a6e3-563b8e64f50b@6c48a",
    "packable": true,
    "pixelsToUnit": 100,
    "pivot": {
      "x": 0.5,
      "y": 0.5
    },
    "meshType": 0
  }
}