{
  "__type__": "cc.SpriteFrame",
  "content": {
    "name": "m_21028",
    "atlas": "",
    "rect": {
      "x": 1,
      "y": 4,
      "width": 2003,
      "height": 2002
    },
    "offset": {
      "x": -2,
      "y": 6.5
    },
    "originalSize": {
      "width": 2009,
      "height": 2023
    },
    "rotated": false,
    "capInsets": [
      0,
      0,
      0,
      0
    ],
    "vertices": {
      "rawPosition": [
        -1001.5,
        -1001,
        0,
        1001.5,
        -1001,
        0,
        -1001.5,
        1001,
        0,
        1001.5,
        1001,
        0
      ],
      "indexes": [
        0,
        1,
        2,
        2,
        1,
        3
      ],
      "uv": [
        1,
        2019,
        2004,
        2019,
        1,
        17,
        2004,
        17
      ],
      "nuv": [
        0.0004977600796416127,
        0.008403361344537815,
        0.9975111996017919,
        0.008403361344537815,
        0.0004977600796416127,
        0.9980227385071676,
        0.9975111996017919,
        0.9980227385071676
      ],
      "minPos": {
        "x": -1001.5,
        "y": -1001,
        "z": 0
      },
      "maxPos": {
        "x": 1001.5,
        "y": 1001,
        "z": 0
      }
    },
    "texture": "405c9029-abcf-4ecd-87c8-71f7902787e7@6c48a",
    "packable": true,
    "pixelsToUnit": 100,
    "pivot": {
      "x": 0.5,
      "y": 0.5
    },
    "meshType": 0
  }
}