{
  "__type__": "cc.SpriteFrame",
  "content": {
    "name": "6zhe",
    "atlas": "",
    "rect": {
      "x": 2,
      "y": 7,
      "width": 56,
      "height": 60
    },
    "offset": {
      "x": 0,
      "y": -3
    },
    "originalSize": {
      "width": 60,
      "height": 68
    },
    "rotated": false,
    "capInsets": [
      0,
      0,
      0,
      0
    ],
    "vertices": {
      "rawPosition": [
        -28,
        -30,
        0,
        28,
        -30,
        0,
        -28,
        30,
        0,
        28,
        30,
        0
      ],
      "indexes": [
        0,
        1,
        2,
        2,
        1,
        3
      ],
      "uv": [
        2,
        61,
        58,
        61,
        2,
        1,
        58,
        1
      ],
      "nuv": [
        0.03333333333333333,
        0.014705882352941176,
        0.9666666666666667,
        0.014705882352941176,
        0.03333333333333333,
        0.8970588235294118,
        0.9666666666666667,
        0.8970588235294118
      ],
      "minPos": {
        "x": -28,
        "y": -30,
        "z": 0
      },
      "maxPos": {
        "x": 28,
        "y": 30,
        "z": 0
      }
    },
    "texture": "40669ba9-91e7-4e11-92b5-7f1b7032f58b@6c48a",
    "packable": true,
    "pixelsToUnit": 100,
    "pivot": {
      "x": 0.5,
      "y": 0.5
    },
    "meshType": 0
  }
}