{
  "__type__": "cc.SpriteFrame",
  "content": {
    "name": "sc001_00019",
    "atlas": "",
    "rect": {
      "x": 35,
      "y": 16,
      "width": 71,
      "height": 101
    },
    "offset": {
      "x": 10.5,
      "y": -6.5
    },
    "originalSize": {
      "width": 120,
      "height": 120
    },
    "rotated": false,
    "capInsets": [
      0,
      0,
      0,
      0
    ],
    "vertices": {
      "rawPosition": [
        -35.5,
        -50.5,
        0,
        35.5,
        -50.5,
        0,
        -35.5,
        50.5,
        0,
        35.5,
        50.5,
        0
      ],
      "indexes": [
        0,
        1,
        2,
        2,
        1,
        3
      ],
      "uv": [
        35,
        104,
        106,
        104,
        35,
        3,
        106,
        3
      ],
      "nuv": [
        0.2916666666666667,
        0.025,
        0.8833333333333333,
        0.025,
        0.2916666666666667,
        0.8666666666666667,
        0.8833333333333333,
        0.8666666666666667
      ],
      "minPos": {
        "x": -35.5,
        "y": -50.5,
        "z": 0
      },
      "maxPos": {
        "x": 35.5,
        "y": 50.5,
        "z": 0
      }
    },
    "texture": "409aa827-81e8-46bc-94ab-a5cca362e597@6c48a",
    "packable": true,
    "pixelsToUnit": 100,
    "pivot": {
      "x": 0.5,
      "y": 0.5
    },
    "meshType": 0
  }
}