{
  "__type__": "cc.SpriteFrame",
  "content": {
    "name": "jingYing8",
    "atlas": "",
    "rect": {
      "x": 33,
      "y": 60,
      "width": 255,
      "height": 241
    },
    "offset": {
      "x": 0.5,
      "y": -20.5
    },
    "originalSize": {
      "width": 320,
      "height": 320
    },
    "rotated": false,
    "capInsets": [
      0,
      0,
      0,
      0
    ],
    "vertices": {
      "rawPosition": [
        -127.5,
        -120.5,
        0,
        127.5,
        -120.5,
        0,
        -127.5,
        120.5,
        0,
        127.5,
        120.5,
        0
      ],
      "indexes": [
        0,
        1,
        2,
        2,
        1,
        3
      ],
      "uv": [
        33,
        260,
        288,
        260,
        33,
        19,
        288,
        19
      ],
      "nuv": [
        0.103125,
        0.059375,
        0.9,
        0.059375,
        0.103125,
        0.8125,
        0.9,
        0.8125
      ],
      "minPos": {
        "x": -127.5,
        "y": -120.5,
        "z": 0
      },
      "maxPos": {
        "x": 127.5,
        "y": 120.5,
        "z": 0
      }
    },
    "texture": "01a96f42-8d4d-4403-8df8-02aff057e00f@6c48a",
    "packable": true,
    "pixelsToUnit": 100,
    "pivot": {
      "x": 0.5,
      "y": 0.5
    },
    "meshType": 0
  }
}