{
  "__type__": "cc.SpriteFrame",
  "content": {
    "name": "hero_4102_bullet_3",
    "atlas": "",
    "rect": {
      "x": 2,
      "y": 19,
      "width": 147,
      "height": 66
    },
    "offset": {
      "x": 0.5,
      "y": -2
    },
    "originalSize": {
      "width": 150,
      "height": 100
    },
    "rotated": false,
    "capInsets": [
      0,
      0,
      0,
      0
    ],
    "vertices": {
      "rawPosition": [
        -73.5,
        -33,
        0,
        73.5,
        -33,
        0,
        -73.5,
        33,
        0,
        73.5,
        33,
        0
      ],
      "indexes": [
        0,
        1,
        2,
        2,
        1,
        3
      ],
      "uv": [
        2,
        81,
        149,
        81,
        2,
        15,
        149,
        15
      ],
      "nuv": [
        0.013333333333333334,
        0.15,
        0.9933333333333333,
        0.15,
        0.013333333333333334,
        0.81,
        0.9933333333333333,
        0.81
      ],
      "minPos": {
        "x": -73.5,
        "y": -33,
        "z": 0
      },
      "maxPos": {
        "x": 73.5,
        "y": 33,
        "z": 0
      }
    },
    "texture": "5363b0cc-0306-422e-850e-3be9e12727b6@6c48a",
    "packable": true,
    "pixelsToUnit": 100,
    "pivot": {
      "x": 0.5,
      "y": 0.5
    },
    "meshType": 0
  }
}