{
  "__type__": "cc.SpriteFrame",
  "content": {
    "name": "bar3_1",
    "atlas": "",
    "rect": {
      "x": 4,
      "y": 2,
      "width": 18,
      "height": 14
    },
    "offset": {
      "x": 0,
      "y": 0
    },
    "originalSize": {
      "width": 26,
      "height": 18
    },
    "rotated": false,
    "capInsets": [
      7,
      0,
      8,
      0
    ],
    "vertices": {
      "rawPosition": [
        -9,
        -7,
        0,
        9,
        -7,
        0,
        -9,
        7,
        0,
        9,
        7,
        0
      ],
      "indexes": [
        0,
        1,
        2,
        2,
        1,
        3
      ],
      "uv": [
        4,
        16,
        22,
        16,
        4,
        2,
        22,
        2
      ],
      "nuv": [
        0.15384615384615385,
        0.1111111111111111,
        0.8461538461538461,
        0.1111111111111111,
        0.15384615384615385,
        0.8888888888888888,
        0.8461538461538461,
        0.8888888888888888
      ],
      "minPos": {
        "x": -9,
        "y": -7,
        "z": 0
      },
      "maxPos": {
        "x": 9,
        "y": 7,
        "z": 0
      }
    },
    "texture": "5373b621-a86c-41d9-994a-afafed2dc87f@6c48a",
    "packable": true,
    "pixelsToUnit": 100,
    "pivot": {
      "x": 0.5,
      "y": 0.5
    },
    "meshType": 0
  }
}