{
  "__type__": "cc.SpriteFrame",
  "content": {
    "name": "m_10502",
    "atlas": "",
    "rect": {
      "x": 2,
      "y": 1,
      "width": 1011,
      "height": 643
    },
    "offset": {
      "x": 0.5,
      "y": 1
    },
    "originalSize": {
      "width": 1014,
      "height": 647
    },
    "rotated": false,
    "capInsets": [
      0,
      0,
      0,
      0
    ],
    "vertices": {
      "rawPosition": [
        -505.5,
        -321.5,
        0,
        505.5,
        -321.5,
        0,
        -505.5,
        321.5,
        0,
        505.5,
        321.5,
        0
      ],
      "indexes": [
        0,
        1,
        2,
        2,
        1,
        3
      ],
      "uv": [
        2,
        646,
        1013,
        646,
        2,
        3,
        1013,
        3
      ],
      "nuv": [
        0.0019723865877712033,
        0.00463678516228748,
        0.9990138067061144,
        0.00463678516228748,
        0.0019723865877712033,
        0.9984544049459042,
        0.9990138067061144,
        0.9984544049459042
      ],
      "minPos": {
        "x": -505.5,
        "y": -321.5,
        "z": 0
      },
      "maxPos": {
        "x": 505.5,
        "y": 321.5,
        "z": 0
      }
    },
    "texture": "537fbd60-ff64-46d6-b4b3-6b66e433e503@6c48a",
    "packable": true,
    "pixelsToUnit": 100,
    "pivot": {
      "x": 0.5,
      "y": 0.5
    },
    "meshType": 0
  }
}