{
  "__type__": "cc.SpriteFrame",
  "content": {
    "name": "7zhe",
    "atlas": "",
    "rect": {
      "x": 2,
      "y": 7,
      "width": 57,
      "height": 60
    },
    "offset": {
      "x": 0.5,
      "y": -3
    },
    "originalSize": {
      "width": 60,
      "height": 68
    },
    "rotated": false,
    "capInsets": [
      0,
      0,
      0,
      0
    ],
    "vertices": {
      "rawPosition": [
        -28.5,
        -30,
        0,
        28.5,
        -30,
        0,
        -28.5,
        30,
        0,
        28.5,
        30,
        0
      ],
      "indexes": [
        0,
        1,
        2,
        2,
        1,
        3
      ],
      "uv": [
        2,
        61,
        59,
        61,
        2,
        1,
        59,
        1
      ],
      "nuv": [
        0.03333333333333333,
        0.014705882352941176,
        0.9833333333333333,
        0.014705882352941176,
        0.03333333333333333,
        0.8970588235294118,
        0.9833333333333333,
        0.8970588235294118
      ],
      "minPos": {
        "x": -28.5,
        "y": -30,
        "z": 0
      },
      "maxPos": {
        "x": 28.5,
        "y": 30,
        "z": 0
      }
    },
    "texture": "53dc08d9-c58a-4e05-a989-635b01d339b6@6c48a",
    "packable": true,
    "pixelsToUnit": 100,
    "pivot": {
      "x": 0.5,
      "y": 0.5
    },
    "meshType": 0
  }
}