{
  "__type__": "cc.SpriteFrame",
  "content": {
    "name": "hero_4101_bullet_2",
    "atlas": "",
    "rect": {
      "x": 2,
      "y": 0,
      "width": 1873,
      "height": 1489
    },
    "offset": {
      "x": -2,
      "y": 4
    },
    "originalSize": {
      "width": 1881,
      "height": 1497
    },
    "rotated": false,
    "capInsets": [
      0,
      0,
      0,
      0
    ],
    "vertices": {
      "rawPosition": [
        -936.5,
        -744.5,
        0,
        936.5,
        -744.5,
        0,
        -936.5,
        744.5,
        0,
        936.5,
        744.5,
        0
      ],
      "indexes": [
        0,
        1,
        2,
        2,
        1,
        3
      ],
      "uv": [
        2,
        1497,
        1875,
        1497,
        2,
        8,
        1875,
        8
      ],
      "nuv": [
        0.001063264221158958,
        0.005344021376085505,
        0.9968102073365231,
        0.005344021376085505,
        0.001063264221158958,
        1,
        0.9968102073365231,
        1
      ],
      "minPos": {
        "x": -936.5,
        "y": -744.5,
        "z": 0
      },
      "maxPos": {
        "x": 936.5,
        "y": 744.5,
        "z": 0
      }
    },
    "texture": "53f1b9f1-5df7-4332-8ed2-5866bb0a18f4@6c48a",
    "packable": true,
    "pixelsToUnit": 100,
    "pivot": {
      "x": 0.5,
      "y": 0.5
    },
    "meshType": 0
  }
}