{
  "__type__": "cc.SpriteFrame",
  "content": {
    "name": "m_21017",
    "atlas": "",
    "rect": {
      "x": 1,
      "y": 0,
      "width": 1966,
      "height": 1719
    },
    "offset": {
      "x": -1.5,
      "y": 0.5
    },
    "originalSize": {
      "width": 1971,
      "height": 1720
    },
    "rotated": false,
    "capInsets": [
      0,
      0,
      0,
      0
    ],
    "vertices": {
      "rawPosition": [
        -983,
        -859.5,
        0,
        983,
        -859.5,
        0,
        -983,
        859.5,
        0,
        983,
        859.5,
        0
      ],
      "indexes": [
        0,
        1,
        2,
        2,
        1,
        3
      ],
      "uv": [
        1,
        1720,
        1967,
        1720,
        1,
        1,
        1967,
        1
      ],
      "nuv": [
        0.0005073566717402334,
        0.0005813953488372093,
        0.9979705733130391,
        0.0005813953488372093,
        0.0005073566717402334,
        1,
        0.9979705733130391,
        1
      ],
      "minPos": {
        "x": -983,
        "y": -859.5,
        "z": 0
      },
      "maxPos": {
        "x": 983,
        "y": 859.5,
        "z": 0
      }
    },
    "texture": "53fac31f-6630-47e8-89ce-c8fdbea87501@6c48a",
    "packable": true,
    "pixelsToUnit": 100,
    "pivot": {
      "x": 0.5,
      "y": 0.5
    },
    "meshType": 0
  }
}