{
  "__type__": "cc.SpriteFrame",
  "content": {
    "name": "m_32003_behit_2",
    "atlas": "",
    "rect": {
      "x": 5,
      "y": 2,
      "width": 1804,
      "height": 520
    },
    "offset": {
      "x": -10,
      "y": -1
    },
    "originalSize": {
      "width": 1834,
      "height": 522
    },
    "rotated": false,
    "capInsets": [
      0,
      0,
      0,
      0
    ],
    "vertices": {
      "rawPosition": [
        -902,
        -260,
        0,
        902,
        -260,
        0,
        -902,
        260,
        0,
        902,
        260,
        0
      ],
      "indexes": [
        0,
        1,
        2,
        2,
        1,
        3
      ],
      "uv": [
        5,
        520,
        1809,
        520,
        5,
        0,
        1809,
        0
      ],
      "nuv": [
        0.0027262813522355507,
        0,
        0.9863685932388222,
        0,
        0.0027262813522355507,
        0.9961685823754789,
        0.9863685932388222,
        0.9961685823754789
      ],
      "minPos": {
        "x": -902,
        "y": -260,
        "z": 0
      },
      "maxPos": {
        "x": 902,
        "y": 260,
        "z": 0
      }
    },
    "texture": "0c75b7ee-76c3-488e-bcfc-c89603369fa8@6c48a",
    "packable": true,
    "pixelsToUnit": 100,
    "pivot": {
      "x": 0.5,
      "y": 0.5
    },
    "meshType": 0
  }
}