{
  "__type__": "cc.SpriteFrame",
  "content": {
    "name": "class",
    "atlas": "",
    "rect": {
      "x": 1,
      "y": 0,
      "width": 199,
      "height": 1333
    },
    "offset": {
      "x": 0.5,
      "y": 3.5
    },
    "originalSize": {
      "width": 200,
      "height": 1340
    },
    "rotated": false,
    "capInsets": [
      0,
      0,
      0,
      0
    ],
    "vertices": {
      "rawPosition": [
        -99.5,
        -666.5,
        0,
        99.5,
        -666.5,
        0,
        -99.5,
        666.5,
        0,
        99.5,
        666.5,
        0
      ],
      "indexes": [
        0,
        1,
        2,
        2,
        1,
        3
      ],
      "uv": [
        1,
        1340,
        200,
        1340,
        1,
        7,
        200,
        7
      ],
      "nuv": [
        0.005,
        0.0052238805970149255,
        1,
        0.0052238805970149255,
        0.005,
        1,
        1,
        1
      ],
      "minPos": {
        "x": -99.5,
        "y": -666.5,
        "z": 0
      },
      "maxPos": {
        "x": 99.5,
        "y": 666.5,
        "z": 0
      }
    },
    "texture": "436a7204-26f4-45fd-8461-95812b84152e@6c48a",
    "packable": true,
    "pixelsToUnit": 100,
    "pivot": {
      "x": 0.5,
      "y": 0.5
    },
    "meshType": 0
  }
}