{
  "__type__": "cc.SpriteFrame",
  "content": {
    "name": "bar6_2",
    "atlas": "",
    "rect": {
      "x": 2,
      "y": 2,
      "width": 9,
      "height": 14
    },
    "offset": {
      "x": 0,
      "y": 0
    },
    "originalSize": {
      "width": 13,
      "height": 18
    },
    "rotated": false,
    "capInsets": [
      2,
      0,
      2,
      0
    ],
    "vertices": {
      "rawPosition": [
        -4.5,
        -7,
        0,
        4.5,
        -7,
        0,
        -4.5,
        7,
        0,
        4.5,
        7,
        0
      ],
      "indexes": [
        0,
        1,
        2,
        2,
        1,
        3
      ],
      "uv": [
        2,
        16,
        11,
        16,
        2,
        2,
        11,
        2
      ],
      "nuv": [
        0.15384615384615385,
        0.1111111111111111,
        0.8461538461538461,
        0.1111111111111111,
        0.15384615384615385,
        0.8888888888888888,
        0.8461538461538461,
        0.8888888888888888
      ],
      "minPos": {
        "x": -4.5,
        "y": -7,
        "z": 0
      },
      "maxPos": {
        "x": 4.5,
        "y": 7,
        "z": 0
      }
    },
    "texture": "d01ec75c-b2bd-452c-ab1a-f4b62b444bf2@6c48a",
    "packable": true,
    "pixelsToUnit": 100,
    "pivot": {
      "x": 0.5,
      "y": 0.5
    },
    "meshType": 0
  }
}