{
  "__type__": "cc.SpriteFrame",
  "content": {
    "name": "tower_hero_018",
    "atlas": "",
    "rect": {
      "x": 2,
      "y": 2,
      "width": 392,
      "height": 106
    },
    "offset": {
      "x": 0,
      "y": 0
    },
    "originalSize": {
      "width": 396,
      "height": 110
    },
    "rotated": false,
    "capInsets": [
      0,
      0,
      0,
      0
    ],
    "vertices": {
      "rawPosition": [
        -196,
        -53,
        0,
        196,
        -53,
        0,
        -196,
        53,
        0,
        196,
        53,
        0
      ],
      "indexes": [
        0,
        1,
        2,
        2,
        1,
        3
      ],
      "uv": [
        2,
        108,
        394,
        108,
        2,
        2,
        394,
        2
      ],
      "nuv": [
        0.005050505050505051,
        0.01818181818181818,
        0.9949494949494949,
        0.01818181818181818,
        0.005050505050505051,
        0.9818181818181818,
        0.9949494949494949,
        0.9818181818181818
      ],
      "minPos": {
        "x": -196,
        "y": -53,
        "z": 0
      },
      "maxPos": {
        "x": 196,
        "y": 53,
        "z": 0
      }
    },
    "texture": "d064c1c7-f077-4404-880b-f7eed618ed7e@6c48a",
    "packable": true,
    "pixelsToUnit": 100,
    "pivot": {
      "x": 0.5,
      "y": 0.5
    },
    "meshType": 0
  }
}