{
  "__type__": "cc.SpriteFrame",
  "content": {
    "name": "zheZhao",
    "atlas": "",
    "rect": {
      "x": 0,
      "y": 0,
      "width": 357,
      "height": 470
    },
    "offset": {
      "x": -2,
      "y": 3
    },
    "originalSize": {
      "width": 361,
      "height": 476
    },
    "rotated": false,
    "capInsets": [
      0,
      0,
      0,
      0
    ],
    "vertices": {
      "rawPosition": [
        -178.5,
        -235,
        0,
        178.5,
        -235,
        0,
        -178.5,
        235,
        0,
        178.5,
        235,
        0
      ],
      "indexes": [
        0,
        1,
        2,
        2,
        1,
        3
      ],
      "uv": [
        0,
        476,
        357,
        476,
        0,
        6,
        357,
        6
      ],
      "nuv": [
        0,
        0.012605042016806723,
        0.9889196675900277,
        0.012605042016806723,
        0,
        1,
        0.9889196675900277,
        1
      ],
      "minPos": {
        "x": -178.5,
        "y": -235,
        "z": 0
      },
      "maxPos": {
        "x": 178.5,
        "y": 235,
        "z": 0
      }
    },
    "texture": "d06e5ee1-aaf4-4cd9-b61c-a1435eed38b3@6c48a",
    "packable": true,
    "pixelsToUnit": 100,
    "pivot": {
      "x": 0.5,
      "y": 0.5
    },
    "meshType": 0
  }
}