{
  "__type__": "cc.SpriteFrame",
  "content": {
    "name": "12xing",
    "atlas": "",
    "rect": {
      "x": 41,
      "y": 0,
      "width": 34,
      "height": 21
    },
    "offset": {
      "x": 9.5,
      "y": 7.5
    },
    "originalSize": {
      "width": 97,
      "height": 36
    },
    "rotated": false,
    "capInsets": [
      0,
      0,
      0,
      0
    ],
    "vertices": {
      "rawPosition": [
        -17,
        -10.5,
        0,
        17,
        -10.5,
        0,
        -17,
        10.5,
        0,
        17,
        10.5,
        0
      ],
      "indexes": [
        0,
        1,
        2,
        2,
        1,
        3
      ],
      "uv": [
        41,
        36,
        75,
        36,
        41,
        15,
        75,
        15
      ],
      "nuv": [
        0.422680412371134,
        0.4166666666666667,
        0.7731958762886598,
        0.4166666666666667,
        0.422680412371134,
        1,
        0.7731958762886598,
        1
      ],
      "minPos": {
        "x": -17,
        "y": -10.5,
        "z": 0
      },
      "maxPos": {
        "x": 17,
        "y": 10.5,
        "z": 0
      }
    },
    "texture": "8adeefb1-f79b-4d34-b577-0f604bf57fa7@6c48a",
    "packable": true,
    "pixelsToUnit": 100,
    "pivot": {
      "x": 0.5,
      "y": 0.5
    },
    "meshType": 0
  }
}