{
  "__type__": "cc.SpriteFrame",
  "content": {
    "name": "jianDui",
    "atlas": "",
    "rect": {
      "x": 2,
      "y": 0,
      "width": 74,
      "height": 77
    },
    "offset": {
      "x": 1,
      "y": 2
    },
    "originalSize": {
      "width": 76,
      "height": 81
    },
    "rotated": false,
    "capInsets": [
      0,
      0,
      0,
      0
    ],
    "vertices": {
      "rawPosition": [
        -37,
        -38.5,
        0,
        37,
        -38.5,
        0,
        -37,
        38.5,
        0,
        37,
        38.5,
        0
      ],
      "indexes": [
        0,
        1,
        2,
        2,
        1,
        3
      ],
      "uv": [
        2,
        81,
        76,
        81,
        2,
        4,
        76,
        4
      ],
      "nuv": [
        0.02631578947368421,
        0.04938271604938271,
        1,
        0.04938271604938271,
        0.02631578947368421,
        1,
        1,
        1
      ],
      "minPos": {
        "x": -37,
        "y": -38.5,
        "z": 0
      },
      "maxPos": {
        "x": 37,
        "y": 38.5,
        "z": 0
      }
    },
    "texture": "c70e3e6e-4354-4241-aea6-7c7222bb279c@6c48a",
    "packable": true,
    "pixelsToUnit": 100,
    "pivot": {
      "x": 0.5,
      "y": 0.5
    },
    "meshType": 0
  }
}