{
  "__type__": "cc.SpriteFrame",
  "content": {
    "name": "hero_4503_behit_1",
    "atlas": "",
    "rect": {
      "x": 0,
      "y": 3,
      "width": 993,
      "height": 409
    },
    "offset": {
      "x": -0.5,
      "y": -0.5
    },
    "originalSize": {
      "width": 994,
      "height": 414
    },
    "rotated": false,
    "capInsets": [
      0,
      0,
      0,
      0
    ],
    "vertices": {
      "rawPosition": [
        -496.5,
        -204.5,
        0,
        496.5,
        -204.5,
        0,
        -496.5,
        204.5,
        0,
        496.5,
        204.5,
        0
      ],
      "indexes": [
        0,
        1,
        2,
        2,
        1,
        3
      ],
      "uv": [
        0,
        411,
        993,
        411,
        0,
        2,
        993,
        2
      ],
      "nuv": [
        0,
        0.004830917874396135,
        0.9989939637826962,
        0.004830917874396135,
        0,
        0.9927536231884058,
        0.9989939637826962,
        0.9927536231884058
      ],
      "minPos": {
        "x": -496.5,
        "y": -204.5,
        "z": 0
      },
      "maxPos": {
        "x": 496.5,
        "y": 204.5,
        "z": 0
      }
    },
    "texture": "c75d1252-c9a2-43c5-9642-210043b295c4@6c48a",
    "packable": true,
    "pixelsToUnit": 100,
    "pivot": {
      "x": 0.5,
      "y": 0.5
    },
    "meshType": 0
  }
}