{
  "__type__": "cc.SpriteFrame",
  "content": {
    "name": "m_31014_behit_1",
    "atlas": "",
    "rect": {
      "x": 19,
      "y": 50,
      "width": 1451,
      "height": 1109
    },
    "offset": {
      "x": -5.5,
      "y": -4.5
    },
    "originalSize": {
      "width": 1500,
      "height": 1200
    },
    "rotated": false,
    "capInsets": [
      0,
      0,
      0,
      0
    ],
    "vertices": {
      "rawPosition": [
        -725.5,
        -554.5,
        0,
        725.5,
        -554.5,
        0,
        -725.5,
        554.5,
        0,
        725.5,
        554.5,
        0
      ],
      "indexes": [
        0,
        1,
        2,
        2,
        1,
        3
      ],
      "uv": [
        19,
        1150,
        1470,
        1150,
        19,
        41,
        1470,
        41
      ],
      "nuv": [
        0.012666666666666666,
        0.034166666666666665,
        0.98,
        0.034166666666666665,
        0.012666666666666666,
        0.9583333333333334,
        0.98,
        0.9583333333333334
      ],
      "minPos": {
        "x": -725.5,
        "y": -554.5,
        "z": 0
      },
      "maxPos": {
        "x": 725.5,
        "y": 554.5,
        "z": 0
      }
    },
    "texture": "1c0adf26-24af-4ff0-ad4b-3d45071d7a96@6c48a",
    "packable": true,
    "pixelsToUnit": 100,
    "pivot": {
      "x": 0.5,
      "y": 0.5
    },
    "meshType": 0
  }
}