{
  "__type__": "cc.SpriteFrame",
  "content": {
    "name": "m_21018_bullet",
    "atlas": "",
    "rect": {
      "x": 11,
      "y": 11,
      "width": 413,
      "height": 1291
    },
    "offset": {
      "x": 0.5,
      "y": -0.5
    },
    "originalSize": {
      "width": 434,
      "height": 1312
    },
    "rotated": false,
    "capInsets": [
      0,
      0,
      0,
      0
    ],
    "vertices": {
      "rawPosition": [
        -206.5,
        -645.5,
        0,
        206.5,
        -645.5,
        0,
        -206.5,
        645.5,
        0,
        206.5,
        645.5,
        0
      ],
      "indexes": [
        0,
        1,
        2,
        2,
        1,
        3
      ],
      "uv": [
        11,
        1301,
        424,
        1301,
        11,
        10,
        424,
        10
      ],
      "nuv": [
        0.02534562211981567,
        0.007621951219512195,
        0.9769585253456221,
        0.007621951219512195,
        0.02534562211981567,
        0.9916158536585366,
        0.9769585253456221,
        0.9916158536585366
      ],
      "minPos": {
        "x": -206.5,
        "y": -645.5,
        "z": 0
      },
      "maxPos": {
        "x": 206.5,
        "y": 645.5,
        "z": 0
      }
    },
    "texture": "1c4c503a-f65a-4069-b30a-abfd63ff0f65@6c48a",
    "packable": true,
    "pixelsToUnit": 100,
    "pivot": {
      "x": 0.5,
      "y": 0.5
    },
    "meshType": 0
  }
}