{
  "__type__": "cc.SpriteFrame",
  "content": {
    "name": "hero_4403_behit_3",
    "atlas": "",
    "rect": {
      "x": 20,
      "y": 27,
      "width": 769,
      "height": 864
    },
    "offset": {
      "x": 10,
      "y": 45
    },
    "originalSize": {
      "width": 789,
      "height": 1008
    },
    "rotated": false,
    "capInsets": [
      0,
      0,
      0,
      0
    ],
    "vertices": {
      "rawPosition": [
        -384.5,
        -432,
        0,
        384.5,
        -432,
        0,
        -384.5,
        432,
        0,
        384.5,
        432,
        0
      ],
      "indexes": [
        0,
        1,
        2,
        2,
        1,
        3
      ],
      "uv": [
        20,
        981,
        789,
        981,
        20,
        117,
        789,
        117
      ],
      "nuv": [
        0.025348542458808618,
        0.11607142857142858,
        1,
        0.11607142857142858,
        0.025348542458808618,
        0.9732142857142857,
        1,
        0.9732142857142857
      ],
      "minPos": {
        "x": -384.5,
        "y": -432,
        "z": 0
      },
      "maxPos": {
        "x": 384.5,
        "y": 432,
        "z": 0
      }
    },
    "texture": "1c614247-1a76-4d2a-a8a4-a55f270f4ac4@6c48a",
    "packable": true,
    "pixelsToUnit": 100,
    "pivot": {
      "x": 0.5,
      "y": 0.5
    },
    "meshType": 0
  }
}