{
  "__type__": "cc.SpriteFrame",
  "content": {
    "name": "herogift",
    "atlas": "",
    "rect": {
      "x": 1,
      "y": 0,
      "width": 83,
      "height": 86
    },
    "offset": {
      "x": -0.5,
      "y": 0
    },
    "originalSize": {
      "width": 86,
      "height": 86
    },
    "rotated": false,
    "capInsets": [
      0,
      0,
      0,
      0
    ],
    "vertices": {
      "rawPosition": [
        -41.5,
        -43,
        0,
        41.5,
        -43,
        0,
        -41.5,
        43,
        0,
        41.5,
        43,
        0
      ],
      "indexes": [
        0,
        1,
        2,
        2,
        1,
        3
      ],
      "uv": [
        1,
        86,
        84,
        86,
        1,
        0,
        84,
        0
      ],
      "nuv": [
        0.011627906976744186,
        0,
        0.9767441860465116,
        0,
        0.011627906976744186,
        1,
        0.9767441860465116,
        1
      ],
      "minPos": {
        "x": -41.5,
        "y": -43,
        "z": 0
      },
      "maxPos": {
        "x": 41.5,
        "y": 43,
        "z": 0
      }
    },
    "texture": "1c6ec551-d67f-4783-a558-f0093cc60678@6c48a",
    "packable": true,
    "pixelsToUnit": 100,
    "pivot": {
      "x": 0.5,
      "y": 0.5
    },
    "meshType": 0
  }
}