{
  "__type__": "cc.SpriteFrame",
  "content": {
    "name": "hero_4104",
    "atlas": "",
    "rect": {
      "x": 5,
      "y": 5,
      "width": 144,
      "height": 143
    },
    "offset": {
      "x": -3,
      "y": 3.5
    },
    "originalSize": {
      "width": 160,
      "height": 160
    },
    "rotated": false,
    "capInsets": [
      0,
      0,
      0,
      0
    ],
    "vertices": {
      "rawPosition": [
        -72,
        -71.5,
        0,
        72,
        -71.5,
        0,
        -72,
        71.5,
        0,
        72,
        71.5,
        0
      ],
      "indexes": [
        0,
        1,
        2,
        2,
        1,
        3
      ],
      "uv": [
        5,
        155,
        149,
        155,
        5,
        12,
        149,
        12
      ],
      "nuv": [
        0.03125,
        0.075,
        0.93125,
        0.075,
        0.03125,
        0.96875,
        0.93125,
        0.96875
      ],
      "minPos": {
        "x": -72,
        "y": -71.5,
        "z": 0
      },
      "maxPos": {
        "x": 72,
        "y": 71.5,
        "z": 0
      }
    },
    "texture": "1cf129d4-ab79-4ae7-bd43-01a25619d561@6c48a",
    "packable": true,
    "pixelsToUnit": 100,
    "pivot": {
      "x": 0.5,
      "y": 0.5
    },
    "meshType": 0
  }
}