{
  "__type__": "cc.SpriteFrame",
  "content": {
    "name": "produce",
    "atlas": "",
    "rect": {
      "x": 17,
      "y": 11,
      "width": 1869,
      "height": 1074
    },
    "offset": {
      "x": -0.5,
      "y": 7
    },
    "originalSize": {
      "width": 1904,
      "height": 1110
    },
    "rotated": false,
    "capInsets": [
      0,
      0,
      0,
      0
    ],
    "vertices": {
      "rawPosition": [
        -934.5,
        -537,
        0,
        934.5,
        -537,
        0,
        -934.5,
        537,
        0,
        934.5,
        537,
        0
      ],
      "indexes": [
        0,
        1,
        2,
        2,
        1,
        3
      ],
      "uv": [
        17,
        1099,
        1886,
        1099,
        17,
        25,
        1886,
        25
      ],
      "nuv": [
        0.008928571428571428,
        0.02252252252252252,
        0.990546218487395,
        0.02252252252252252,
        0.008928571428571428,
        0.9900900900900901,
        0.990546218487395,
        0.9900900900900901
      ],
      "minPos": {
        "x": -934.5,
        "y": -537,
        "z": 0
      },
      "maxPos": {
        "x": 934.5,
        "y": 537,
        "z": 0
      }
    },
    "texture": "f533bdd2-8c63-4490-a0b0-a3d4d4f21687@6c48a",
    "packable": true,
    "pixelsToUnit": 100,
    "pivot": {
      "x": 0.5,
      "y": 0.5
    },
    "meshType": 0
  }
}