{
  "__type__": "cc.SpriteFrame",
  "content": {
    "name": "m_31007_behit_1",
    "atlas": "",
    "rect": {
      "x": 56,
      "y": 36,
      "width": 820,
      "height": 1163
    },
    "offset": {
      "x": -2,
      "y": 22.5
    },
    "originalSize": {
      "width": 936,
      "height": 1280
    },
    "rotated": false,
    "capInsets": [
      0,
      0,
      0,
      0
    ],
    "vertices": {
      "rawPosition": [
        -410,
        -581.5,
        0,
        410,
        -581.5,
        0,
        -410,
        581.5,
        0,
        410,
        581.5,
        0
      ],
      "indexes": [
        0,
        1,
        2,
        2,
        1,
        3
      ],
      "uv": [
        56,
        1244,
        876,
        1244,
        56,
        81,
        876,
        81
      ],
      "nuv": [
        0.05982905982905983,
        0.06328125,
        0.9358974358974359,
        0.06328125,
        0.05982905982905983,
        0.971875,
        0.9358974358974359,
        0.971875
      ],
      "minPos": {
        "x": -410,
        "y": -581.5,
        "z": 0
      },
      "maxPos": {
        "x": 410,
        "y": 581.5,
        "z": 0
      }
    },
    "texture": "f5d5442e-7577-4b6e-85df-af2fc9823dd2@6c48a",
    "packable": true,
    "pixelsToUnit": 100,
    "pivot": {
      "x": 0.5,
      "y": 0.5
    },
    "meshType": 0
  }
}