{
  "__type__": "cc.SpriteFrame",
  "content": {
    "name": "hero_1401_behit_1",
    "atlas": "",
    "rect": {
      "x": 22,
      "y": 17,
      "width": 848,
      "height": 398
    },
    "offset": {
      "x": -4,
      "y": 9
    },
    "originalSize": {
      "width": 900,
      "height": 450
    },
    "rotated": false,
    "capInsets": [
      0,
      0,
      0,
      0
    ],
    "vertices": {
      "rawPosition": [
        -424,
        -199,
        0,
        424,
        -199,
        0,
        -424,
        199,
        0,
        424,
        199,
        0
      ],
      "indexes": [
        0,
        1,
        2,
        2,
        1,
        3
      ],
      "uv": [
        22,
        433,
        870,
        433,
        22,
        35,
        870,
        35
      ],
      "nuv": [
        0.024444444444444446,
        0.07777777777777778,
        0.9666666666666667,
        0.07777777777777778,
        0.024444444444444446,
        0.9622222222222222,
        0.9666666666666667,
        0.9622222222222222
      ],
      "minPos": {
        "x": -424,
        "y": -199,
        "z": 0
      },
      "maxPos": {
        "x": 424,
        "y": 199,
        "z": 0
      }
    },
    "texture": "49238c7b-44c8-4f3a-9892-53a4a51c7dd0@6c48a",
    "packable": true,
    "pixelsToUnit": 100,
    "pivot": {
      "x": 0.5,
      "y": 0.5
    },
    "meshType": 0
  }
}