{
  "__type__": "cc.SpriteFrame",
  "content": {
    "name": "tower_hero_0332",
    "atlas": "",
    "rect": {
      "x": 1,
      "y": 1,
      "width": 109,
      "height": 89
    },
    "offset": {
      "x": -72.5,
      "y": 82.5
    },
    "originalSize": {
      "width": 256,
      "height": 256
    },
    "rotated": false,
    "capInsets": [
      0,
      0,
      0,
      0
    ],
    "vertices": {
      "rawPosition": [
        -54.5,
        -44.5,
        0,
        54.5,
        -44.5,
        0,
        -54.5,
        44.5,
        0,
        54.5,
        44.5,
        0
      ],
      "indexes": [
        0,
        1,
        2,
        2,
        1,
        3
      ],
      "uv": [
        1,
        255,
        110,
        255,
        1,
        166,
        110,
        166
      ],
      "nuv": [
        0.00390625,
        0.6484375,
        0.4296875,
        0.6484375,
        0.00390625,
        0.99609375,
        0.4296875,
        0.99609375
      ],
      "minPos": {
        "x": -54.5,
        "y": -44.5,
        "z": 0
      },
      "maxPos": {
        "x": 54.5,
        "y": 44.5,
        "z": 0
      }
    },
    "texture": "49bfbf6b-0c37-41aa-b12a-6246dd25515f@6c48a",
    "packable": true,
    "pixelsToUnit": 100,
    "pivot": {
      "x": 0.5,
      "y": 0.5
    },
    "meshType": 0
  }
}