{
  "__type__": "cc.SpriteFrame",
  "content": {
    "name": "5xing",
    "atlas": "",
    "rect": {
      "x": 19,
      "y": 2,
      "width": 78,
      "height": 18
    },
    "offset": {
      "x": 9.5,
      "y": 7
    },
    "originalSize": {
      "width": 97,
      "height": 36
    },
    "rotated": false,
    "capInsets": [
      0,
      0,
      0,
      0
    ],
    "vertices": {
      "rawPosition": [
        -39,
        -9,
        0,
        39,
        -9,
        0,
        -39,
        9,
        0,
        39,
        9,
        0
      ],
      "indexes": [
        0,
        1,
        2,
        2,
        1,
        3
      ],
      "uv": [
        19,
        34,
        97,
        34,
        19,
        16,
        97,
        16
      ],
      "nuv": [
        0.1958762886597938,
        0.4444444444444444,
        1,
        0.4444444444444444,
        0.1958762886597938,
        0.9444444444444444,
        1,
        0.9444444444444444
      ],
      "minPos": {
        "x": -39,
        "y": -9,
        "z": 0
      },
      "maxPos": {
        "x": 39,
        "y": 9,
        "z": 0
      }
    },
    "texture": "d1295cb7-65c2-4594-93ac-a9e90fe57df3@6c48a",
    "packable": true,
    "pixelsToUnit": 100,
    "pivot": {
      "x": 0.5,
      "y": 0.5
    },
    "meshType": 0
  }
}