{
  "__type__": "cc.SpriteFrame",
  "content": {
    "name": "m_21012_effect",
    "atlas": "",
    "rect": {
      "x": 3,
      "y": 29,
      "width": 356,
      "height": 1742
    },
    "offset": {
      "x": 1,
      "y": 0
    },
    "originalSize": {
      "width": 360,
      "height": 1800
    },
    "rotated": false,
    "capInsets": [
      0,
      0,
      0,
      0
    ],
    "vertices": {
      "rawPosition": [
        -178,
        -871,
        0,
        178,
        -871,
        0,
        -178,
        871,
        0,
        178,
        871,
        0
      ],
      "indexes": [
        0,
        1,
        2,
        2,
        1,
        3
      ],
      "uv": [
        3,
        1771,
        359,
        1771,
        3,
        29,
        359,
        29
      ],
      "nuv": [
        0.008333333333333333,
        0.01611111111111111,
        0.9972222222222222,
        0.01611111111111111,
        0.008333333333333333,
        0.9838888888888889,
        0.9972222222222222,
        0.9838888888888889
      ],
      "minPos": {
        "x": -178,
        "y": -871,
        "z": 0
      },
      "maxPos": {
        "x": 178,
        "y": 871,
        "z": 0
      }
    },
    "texture": "d1a24ef0-0b3c-4825-a531-1e098344f388@6c48a",
    "packable": true,
    "pixelsToUnit": 100,
    "pivot": {
      "x": 0.5,
      "y": 0.5
    },
    "meshType": 0
  }
}