{
  "__type__": "cc.SpriteFrame",
  "content": {
    "name": "m_21020_born",
    "atlas": "",
    "rect": {
      "x": 14,
      "y": 1,
      "width": 3004,
      "height": 221
    },
    "offset": {
      "x": 4,
      "y": -0.5
    },
    "originalSize": {
      "width": 3024,
      "height": 222
    },
    "rotated": false,
    "capInsets": [
      0,
      0,
      0,
      0
    ],
    "vertices": {
      "rawPosition": [
        -1502,
        -110.5,
        0,
        1502,
        -110.5,
        0,
        -1502,
        110.5,
        0,
        1502,
        110.5,
        0
      ],
      "indexes": [
        0,
        1,
        2,
        2,
        1,
        3
      ],
      "uv": [
        14,
        221,
        3018,
        221,
        14,
        0,
        3018,
        0
      ],
      "nuv": [
        0.004629629629629629,
        0,
        0.998015873015873,
        0,
        0.004629629629629629,
        0.9954954954954955,
        0.998015873015873,
        0.9954954954954955
      ],
      "minPos": {
        "x": -1502,
        "y": -110.5,
        "z": 0
      },
      "maxPos": {
        "x": 1502,
        "y": 110.5,
        "z": 0
      }
    },
    "texture": "fb82dbe5-c53f-4f24-a149-53bbff709334@6c48a",
    "packable": true,
    "pixelsToUnit": 100,
    "pivot": {
      "x": 0.5,
      "y": 0.5
    },
    "meshType": 0
  }
}