{
  "__type__": "cc.SpriteFrame",
  "content": {
    "name": "jingYing06",
    "atlas": "",
    "rect": {
      "x": 33,
      "y": 106,
      "width": 255,
      "height": 195
    },
    "offset": {
      "x": 0.5,
      "y": -43.5
    },
    "originalSize": {
      "width": 320,
      "height": 320
    },
    "rotated": false,
    "capInsets": [
      0,
      0,
      0,
      0
    ],
    "vertices": {
      "rawPosition": [
        -127.5,
        -97.5,
        0,
        127.5,
        -97.5,
        0,
        -127.5,
        97.5,
        0,
        127.5,
        97.5,
        0
      ],
      "indexes": [
        0,
        1,
        2,
        2,
        1,
        3
      ],
      "uv": [
        33,
        214,
        288,
        214,
        33,
        19,
        288,
        19
      ],
      "nuv": [
        0.103125,
        0.059375,
        0.9,
        0.059375,
        0.103125,
        0.66875,
        0.9,
        0.66875
      ],
      "minPos": {
        "x": -127.5,
        "y": -97.5,
        "z": 0
      },
      "maxPos": {
        "x": 127.5,
        "y": 97.5,
        "z": 0
      }
    },
    "texture": "fbc92805-6909-49db-9a3d-30f1832dcf8a@6c48a",
    "packable": true,
    "pixelsToUnit": 100,
    "pivot": {
      "x": 0.5,
      "y": 0.5
    },
    "meshType": 0
  }
}