{
  "__type__": "cc.SpriteFrame",
  "content": {
    "name": "star_2",
    "atlas": "",
    "rect": {
      "x": 1,
      "y": 1,
      "width": 52,
      "height": 54
    },
    "offset": {
      "x": 0,
      "y": 0
    },
    "originalSize": {
      "width": 54,
      "height": 56
    },
    "rotated": false,
    "capInsets": [
      0,
      0,
      0,
      0
    ],
    "vertices": {
      "rawPosition": [
        -26,
        -27,
        0,
        26,
        -27,
        0,
        -26,
        27,
        0,
        26,
        27,
        0
      ],
      "indexes": [
        0,
        1,
        2,
        2,
        1,
        3
      ],
      "uv": [
        1,
        55,
        53,
        55,
        1,
        1,
        53,
        1
      ],
      "nuv": [
        0.018518518518518517,
        0.017857142857142856,
        0.9814814814814815,
        0.017857142857142856,
        0.018518518518518517,
        0.9821428571428571,
        0.9814814814814815,
        0.9821428571428571
      ],
      "minPos": {
        "x": -26,
        "y": -27,
        "z": 0
      },
      "maxPos": {
        "x": 26,
        "y": 27,
        "z": 0
      }
    },
    "texture": "8d733973-7377-4920-ac41-94caf11f12d3@6c48a",
    "packable": true,
    "pixelsToUnit": 100,
    "pivot": {
      "x": 0.5,
      "y": 0.5
    },
    "meshType": 0
  }
}