{
  "__type__": "cc.SpriteFrame",
  "content": {
    "name": "sc001_00018",
    "atlas": "",
    "rect": {
      "x": 32,
      "y": 16,
      "width": 75,
      "height": 101
    },
    "offset": {
      "x": 9.5,
      "y": -6.5
    },
    "originalSize": {
      "width": 120,
      "height": 120
    },
    "rotated": false,
    "capInsets": [
      0,
      0,
      0,
      0
    ],
    "vertices": {
      "rawPosition": [
        -37.5,
        -50.5,
        0,
        37.5,
        -50.5,
        0,
        -37.5,
        50.5,
        0,
        37.5,
        50.5,
        0
      ],
      "indexes": [
        0,
        1,
        2,
        2,
        1,
        3
      ],
      "uv": [
        32,
        104,
        107,
        104,
        32,
        3,
        107,
        3
      ],
      "nuv": [
        0.26666666666666666,
        0.025,
        0.8916666666666667,
        0.025,
        0.26666666666666666,
        0.8666666666666667,
        0.8916666666666667,
        0.8666666666666667
      ],
      "minPos": {
        "x": -37.5,
        "y": -50.5,
        "z": 0
      },
      "maxPos": {
        "x": 37.5,
        "y": 50.5,
        "z": 0
      }
    },
    "texture": "8dd5c31e-71cc-495e-8d34-a0a728df6f83@6c48a",
    "packable": true,
    "pixelsToUnit": 100,
    "pivot": {
      "x": 0.5,
      "y": 0.5
    },
    "meshType": 0
  }
}