{
  "__type__": "cc.SpriteFrame",
  "content": {
    "name": "hero_4503",
    "atlas": "",
    "rect": {
      "x": 7,
      "y": 1,
      "width": 52,
      "height": 57
    },
    "offset": {
      "x": 0.5,
      "y": 0.5
    },
    "originalSize": {
      "width": 65,
      "height": 60
    },
    "rotated": false,
    "capInsets": [
      0,
      0,
      0,
      0
    ],
    "vertices": {
      "rawPosition": [
        -26,
        -28.5,
        0,
        26,
        -28.5,
        0,
        -26,
        28.5,
        0,
        26,
        28.5,
        0
      ],
      "indexes": [
        0,
        1,
        2,
        2,
        1,
        3
      ],
      "uv": [
        7,
        59,
        59,
        59,
        7,
        2,
        59,
        2
      ],
      "nuv": [
        0.1076923076923077,
        0.03333333333333333,
        0.9076923076923077,
        0.03333333333333333,
        0.1076923076923077,
        0.9833333333333333,
        0.9076923076923077,
        0.9833333333333333
      ],
      "minPos": {
        "x": -26,
        "y": -28.5,
        "z": 0
      },
      "maxPos": {
        "x": 26,
        "y": 28.5,
        "z": 0
      }
    },
    "texture": "8dee0c7b-1096-487d-a12f-c30a52d4157a@6c48a",
    "packable": true,
    "pixelsToUnit": 100,
    "pivot": {
      "x": 0.5,
      "y": 0.5
    },
    "meshType": 0
  }
}