{
  "__type__": "cc.SpriteFrame",
  "content": {
    "name": "player_guide",
    "atlas": "",
    "rect": {
      "x": 2,
      "y": 11,
      "width": 1970,
      "height": 481
    },
    "offset": {
      "x": -23,
      "y": 4.5
    },
    "originalSize": {
      "width": 2020,
      "height": 512
    },
    "rotated": false,
    "capInsets": [
      0,
      0,
      0,
      0
    ],
    "vertices": {
      "rawPosition": [
        -985,
        -240.5,
        0,
        985,
        -240.5,
        0,
        -985,
        240.5,
        0,
        985,
        240.5,
        0
      ],
      "indexes": [
        0,
        1,
        2,
        2,
        1,
        3
      ],
      "uv": [
        2,
        501,
        1972,
        501,
        2,
        20,
        1972,
        20
      ],
      "nuv": [
        0.0009900990099009901,
        0.0390625,
        0.9762376237623762,
        0.0390625,
        0.0009900990099009901,
        0.978515625,
        0.9762376237623762,
        0.978515625
      ],
      "minPos": {
        "x": -985,
        "y": -240.5,
        "z": 0
      },
      "maxPos": {
        "x": 985,
        "y": 240.5,
        "z": 0
      }
    },
    "texture": "c38e6a00-0791-43a6-9757-d4444974ac7a@6c48a",
    "packable": true,
    "pixelsToUnit": 100,
    "pivot": {
      "x": 0.5,
      "y": 0.5
    },
    "meshType": 0
  }
}