{
  "__type__": "cc.SpriteFrame",
  "content": {
    "name": "m_31009_bullet_1",
    "atlas": "",
    "rect": {
      "x": 0,
      "y": 0,
      "width": 173,
      "height": 174
    },
    "offset": {
      "x": -1,
      "y": 0
    },
    "originalSize": {
      "width": 175,
      "height": 174
    },
    "rotated": false,
    "capInsets": [
      0,
      0,
      0,
      0
    ],
    "vertices": {
      "rawPosition": [
        -86.5,
        -87,
        0,
        86.5,
        -87,
        0,
        -86.5,
        87,
        0,
        86.5,
        87,
        0
      ],
      "indexes": [
        0,
        1,
        2,
        2,
        1,
        3
      ],
      "uv": [
        0,
        174,
        173,
        174,
        0,
        0,
        173,
        0
      ],
      "nuv": [
        0,
        0,
        0.9885714285714285,
        0,
        0,
        1,
        0.9885714285714285,
        1
      ],
      "minPos": {
        "x": -86.5,
        "y": -87,
        "z": 0
      },
      "maxPos": {
        "x": 86.5,
        "y": 87,
        "z": 0
      }
    },
    "texture": "4d1e11fc-2d47-41f3-8376-3810621a76f0@6c48a",
    "packable": true,
    "pixelsToUnit": 100,
    "pivot": {
      "x": 0.5,
      "y": 0.5
    },
    "meshType": 0
  }
}