{
  "__type__": "cc.SpriteFrame",
  "content": {
    "name": "hero_4302_bullet_1",
    "atlas": "",
    "rect": {
      "x": 7,
      "y": 18,
      "width": 576,
      "height": 11
    },
    "offset": {
      "x": -13,
      "y": 0
    },
    "originalSize": {
      "width": 616,
      "height": 47
    },
    "rotated": false,
    "capInsets": [
      0,
      0,
      0,
      0
    ],
    "vertices": {
      "rawPosition": [
        -288,
        -5.5,
        0,
        288,
        -5.5,
        0,
        -288,
        5.5,
        0,
        288,
        5.5,
        0
      ],
      "indexes": [
        0,
        1,
        2,
        2,
        1,
        3
      ],
      "uv": [
        7,
        29,
        583,
        29,
        7,
        18,
        583,
        18
      ],
      "nuv": [
        0.011363636363636364,
        0.3829787234042553,
        0.9464285714285714,
        0.3829787234042553,
        0.011363636363636364,
        0.6170212765957447,
        0.9464285714285714,
        0.6170212765957447
      ],
      "minPos": {
        "x": -288,
        "y": -5.5,
        "z": 0
      },
      "maxPos": {
        "x": 288,
        "y": 5.5,
        "z": 0
      }
    },
    "texture": "ca6bce18-49c5-4545-8787-d81b67f71539@6c48a",
    "packable": true,
    "pixelsToUnit": 100,
    "pivot": {
      "x": 0.5,
      "y": 0.5
    },
    "meshType": 0
  }
}