{
  "__type__": "cc.SpriteFrame",
  "content": {
    "name": "hero_4202",
    "atlas": "",
    "rect": {
      "x": 14,
      "y": 11,
      "width": 135,
      "height": 126
    },
    "offset": {
      "x": 1.5,
      "y": 6
    },
    "originalSize": {
      "width": 160,
      "height": 160
    },
    "rotated": false,
    "capInsets": [
      0,
      0,
      0,
      0
    ],
    "vertices": {
      "rawPosition": [
        -67.5,
        -63,
        0,
        67.5,
        -63,
        0,
        -67.5,
        63,
        0,
        67.5,
        63,
        0
      ],
      "indexes": [
        0,
        1,
        2,
        2,
        1,
        3
      ],
      "uv": [
        14,
        149,
        149,
        149,
        14,
        23,
        149,
        23
      ],
      "nuv": [
        0.0875,
        0.14375,
        0.93125,
        0.14375,
        0.0875,
        0.93125,
        0.93125,
        0.93125
      ],
      "minPos": {
        "x": -67.5,
        "y": -63,
        "z": 0
      },
      "maxPos": {
        "x": 67.5,
        "y": 63,
        "z": 0
      }
    },
    "texture": "04adc34b-20ec-4639-964c-10e952f22e02@6c48a",
    "packable": true,
    "pixelsToUnit": 100,
    "pivot": {
      "x": 0.5,
      "y": 0.5
    },
    "meshType": 0
  }
}