{
  "__type__": "cc.SpriteFrame",
  "content": {
    "name": "diamond5",
    "atlas": "",
    "rect": {
      "x": 17,
      "y": 7,
      "width": 126,
      "height": 136
    },
    "offset": {
      "x": 0,
      "y": 5
    },
    "originalSize": {
      "width": 160,
      "height": 160
    },
    "rotated": false,
    "capInsets": [
      0,
      0,
      0,
      0
    ],
    "vertices": {
      "rawPosition": [
        -63,
        -68,
        0,
        63,
        -68,
        0,
        -63,
        68,
        0,
        63,
        68,
        0
      ],
      "indexes": [
        0,
        1,
        2,
        2,
        1,
        3
      ],
      "uv": [
        17,
        153,
        143,
        153,
        17,
        17,
        143,
        17
      ],
      "nuv": [
        0.10625,
        0.10625,
        0.89375,
        0.10625,
        0.10625,
        0.95625,
        0.89375,
        0.95625
      ],
      "minPos": {
        "x": -63,
        "y": -68,
        "z": 0
      },
      "maxPos": {
        "x": 63,
        "y": 68,
        "z": 0
      }
    },
    "texture": "04d74145-d1d8-4a28-a804-a6267144a741@6c48a",
    "packable": true,
    "pixelsToUnit": 100,
    "pivot": {
      "x": 0.5,
      "y": 0.5
    },
    "meshType": 0
  }
}