{
  "__type__": "cc.SpriteFrame",
  "content": {
    "name": "fnt_fight_blue_0",
    "atlas": "",
    "rect": {
      "x": 4,
      "y": 2,
      "width": 234,
      "height": 53
    },
    "offset": {
      "x": -7,
      "y": 3.5
    },
    "originalSize": {
      "width": 256,
      "height": 64
    },
    "rotated": false,
    "capInsets": [
      0,
      0,
      0,
      0
    ],
    "vertices": {
      "rawPosition": [
        -117,
        -26.5,
        0,
        117,
        -26.5,
        0,
        -117,
        26.5,
        0,
        117,
        26.5,
        0
      ],
      "indexes": [
        0,
        1,
        2,
        2,
        1,
        3
      ],
      "uv": [
        4,
        62,
        238,
        62,
        4,
        9,
        238,
        9
      ],
      "nuv": [
        0.015625,
        0.140625,
        0.9296875,
        0.140625,
        0.015625,
        0.96875,
        0.9296875,
        0.96875
      ],
      "minPos": {
        "x": -117,
        "y": -26.5,
        "z": 0
      },
      "maxPos": {
        "x": 117,
        "y": 26.5,
        "z": 0
      }
    },
    "texture": "03066a6a-f212-4e35-83a6-b3ed4d0ff8bf@6c48a",
    "packable": false,
    "pixelsToUnit": 100,
    "pivot": {
      "x": 0.5,
      "y": 0.5
    },
    "meshType": 0
  }
}