{
  "__type__": "cc.SpriteFrame",
  "content": {
    "name": "hero_common_behit_yellow",
    "atlas": "",
    "rect": {
      "x": 0,
      "y": 14,
      "width": 478,
      "height": 1962
    },
    "offset": {
      "x": 0,
      "y": 17.5
    },
    "originalSize": {
      "width": 478,
      "height": 2025
    },
    "rotated": false,
    "capInsets": [
      0,
      0,
      0,
      0
    ],
    "vertices": {
      "rawPosition": [
        -239,
        -981,
        0,
        239,
        -981,
        0,
        -239,
        981,
        0,
        239,
        981,
        0
      ],
      "indexes": [
        0,
        1,
        2,
        2,
        1,
        3
      ],
      "uv": [
        0,
        2011,
        478,
        2011,
        0,
        49,
        478,
        49
      ],
      "nuv": [
        0,
        0.02419753086419753,
        1,
        0.02419753086419753,
        0,
        0.9930864197530864,
        1,
        0.9930864197530864
      ],
      "minPos": {
        "x": -239,
        "y": -981,
        "z": 0
      },
      "maxPos": {
        "x": 239,
        "y": 981,
        "z": 0
      }
    },
    "texture": "033436fb-299f-4901-b303-73d99fc8bd46@6c48a",
    "packable": true,
    "pixelsToUnit": 100,
    "pivot": {
      "x": 0.5,
      "y": 0.5
    },
    "meshType": 0
  }
}