{
  "__type__": "cc.SpriteFrame",
  "content": {
    "name": "guide_emoji_happy",
    "atlas": "",
    "rect": {
      "x": 39,
      "y": 0,
      "width": 189,
      "height": 226
    },
    "offset": {
      "x": 9.5,
      "y": 2.5
    },
    "originalSize": {
      "width": 248,
      "height": 231
    },
    "rotated": false,
    "capInsets": [
      0,
      0,
      0,
      0
    ],
    "vertices": {
      "rawPosition": [
        -94.5,
        -113,
        0,
        94.5,
        -113,
        0,
        -94.5,
        113,
        0,
        94.5,
        113,
        0
      ],
      "indexes": [
        0,
        1,
        2,
        2,
        1,
        3
      ],
      "uv": [
        39,
        231,
        228,
        231,
        39,
        5,
        228,
        5
      ],
      "nuv": [
        0.15725806451612903,
        0.021645021645021644,
        0.9193548387096774,
        0.021645021645021644,
        0.15725806451612903,
        1,
        0.9193548387096774,
        1
      ],
      "minPos": {
        "x": -94.5,
        "y": -113,
        "z": 0
      },
      "maxPos": {
        "x": 94.5,
        "y": 113,
        "z": 0
      }
    },
    "texture": "03757060-ebf3-48d6-b504-f25836dcbddf@6c48a",
    "packable": true,
    "pixelsToUnit": 100,
    "pivot": {
      "x": 0.5,
      "y": 0.5
    },
    "meshType": 0
  }
}