{
  "__type__": "cc.SpriteFrame",
  "content": {
    "name": "hero_4301_effect",
    "atlas": "",
    "rect": {
      "x": 0,
      "y": 14,
      "width": 206,
      "height": 1858
    },
    "offset": {
      "x": 0,
      "y": -5.5
    },
    "originalSize": {
      "width": 206,
      "height": 1875
    },
    "rotated": false,
    "capInsets": [
      0,
      0,
      0,
      0
    ],
    "vertices": {
      "rawPosition": [
        -103,
        -929,
        0,
        103,
        -929,
        0,
        -103,
        929,
        0,
        103,
        929,
        0
      ],
      "indexes": [
        0,
        1,
        2,
        2,
        1,
        3
      ],
      "uv": [
        0,
        1861,
        206,
        1861,
        0,
        3,
        206,
        3
      ],
      "nuv": [
        0,
        0.0016,
        1,
        0.0016,
        0,
        0.9925333333333334,
        1,
        0.9925333333333334
      ],
      "minPos": {
        "x": -103,
        "y": -929,
        "z": 0
      },
      "maxPos": {
        "x": 103,
        "y": 929,
        "z": 0
      }
    },
    "texture": "8121ff0d-a811-4499-8085-f812413050f7@6c48a",
    "packable": true,
    "pixelsToUnit": 100,
    "pivot": {
      "x": 0.5,
      "y": 0.5
    },
    "meshType": 0
  }
}