{
  "__type__": "cc.SpriteFrame",
  "content": {
    "name": "sc001_00014",
    "atlas": "",
    "rect": {
      "x": 20,
      "y": 0,
      "width": 85,
      "height": 117
    },
    "offset": {
      "x": 2.5,
      "y": 1.5
    },
    "originalSize": {
      "width": 120,
      "height": 120
    },
    "rotated": false,
    "capInsets": [
      0,
      0,
      0,
      0
    ],
    "vertices": {
      "rawPosition": [
        -42.5,
        -58.5,
        0,
        42.5,
        -58.5,
        0,
        -42.5,
        58.5,
        0,
        42.5,
        58.5,
        0
      ],
      "indexes": [
        0,
        1,
        2,
        2,
        1,
        3
      ],
      "uv": [
        20,
        120,
        105,
        120,
        20,
        3,
        105,
        3
      ],
      "nuv": [
        0.16666666666666666,
        0.025,
        0.875,
        0.025,
        0.16666666666666666,
        1,
        0.875,
        1
      ],
      "minPos": {
        "x": -42.5,
        "y": -58.5,
        "z": 0
      },
      "maxPos": {
        "x": 42.5,
        "y": 58.5,
        "z": 0
      }
    },
    "texture": "81b12cbb-5b3e-4dd3-a19f-19c89e924c1c@6c48a",
    "packable": true,
    "pixelsToUnit": 100,
    "pivot": {
      "x": 0.5,
      "y": 0.5
    },
    "meshType": 0
  }
}