{
  "__type__": "cc.SpriteFrame",
  "content": {
    "name": "hero_4203",
    "atlas": "",
    "rect": {
      "x": 15,
      "y": 16,
      "width": 127,
      "height": 130
    },
    "offset": {
      "x": -1.5,
      "y": -1
    },
    "originalSize": {
      "width": 160,
      "height": 160
    },
    "rotated": false,
    "capInsets": [
      0,
      0,
      0,
      0
    ],
    "vertices": {
      "rawPosition": [
        -63.5,
        -65,
        0,
        63.5,
        -65,
        0,
        -63.5,
        65,
        0,
        63.5,
        65,
        0
      ],
      "indexes": [
        0,
        1,
        2,
        2,
        1,
        3
      ],
      "uv": [
        15,
        144,
        142,
        144,
        15,
        14,
        142,
        14
      ],
      "nuv": [
        0.09375,
        0.0875,
        0.8875,
        0.0875,
        0.09375,
        0.9,
        0.8875,
        0.9
      ],
      "minPos": {
        "x": -63.5,
        "y": -65,
        "z": 0
      },
      "maxPos": {
        "x": 63.5,
        "y": 65,
        "z": 0
      }
    },
    "texture": "81bd7237-9a7b-4ece-a137-923d5d324c84@6c48a",
    "packable": true,
    "pixelsToUnit": 100,
    "pivot": {
      "x": 0.5,
      "y": 0.5
    },
    "meshType": 0
  }
}