{
  "__type__": "cc.SpriteFrame",
  "content": {
    "name": "hero_4401_bullet_1",
    "atlas": "",
    "rect": {
      "x": 1,
      "y": 0,
      "width": 94,
      "height": 26
    },
    "offset": {
      "x": 0,
      "y": 0
    },
    "originalSize": {
      "width": 96,
      "height": 26
    },
    "rotated": false,
    "capInsets": [
      0,
      0,
      0,
      0
    ],
    "vertices": {
      "rawPosition": [
        -47,
        -13,
        0,
        47,
        -13,
        0,
        -47,
        13,
        0,
        47,
        13,
        0
      ],
      "indexes": [
        0,
        1,
        2,
        2,
        1,
        3
      ],
      "uv": [
        1,
        26,
        95,
        26,
        1,
        0,
        95,
        0
      ],
      "nuv": [
        0.010416666666666666,
        0,
        0.9895833333333334,
        0,
        0.010416666666666666,
        1,
        0.9895833333333334,
        1
      ],
      "minPos": {
        "x": -47,
        "y": -13,
        "z": 0
      },
      "maxPos": {
        "x": 47,
        "y": 13,
        "z": 0
      }
    },
    "texture": "b04f8bea-216f-47a7-81c0-151f61613616@6c48a",
    "packable": true,
    "pixelsToUnit": 100,
    "pivot": {
      "x": 0.5,
      "y": 0.5
    },
    "meshType": 0
  }
}