{
  "__type__": "cc.SpriteFrame",
  "content": {
    "name": "m_32001_bullet_2",
    "atlas": "",
    "rect": {
      "x": 18,
      "y": 17,
      "width": 79,
      "height": 447
    },
    "offset": {
      "x": 1.5,
      "y": 1
    },
    "originalSize": {
      "width": 112,
      "height": 483
    },
    "rotated": false,
    "capInsets": [
      0,
      0,
      0,
      0
    ],
    "vertices": {
      "rawPosition": [
        -39.5,
        -223.5,
        0,
        39.5,
        -223.5,
        0,
        -39.5,
        223.5,
        0,
        39.5,
        223.5,
        0
      ],
      "indexes": [
        0,
        1,
        2,
        2,
        1,
        3
      ],
      "uv": [
        18,
        466,
        97,
        466,
        18,
        19,
        97,
        19
      ],
      "nuv": [
        0.16071428571428573,
        0.039337474120082816,
        0.8660714285714286,
        0.039337474120082816,
        0.16071428571428573,
        0.9648033126293996,
        0.8660714285714286,
        0.9648033126293996
      ],
      "minPos": {
        "x": -39.5,
        "y": -223.5,
        "z": 0
      },
      "maxPos": {
        "x": 39.5,
        "y": 223.5,
        "z": 0
      }
    },
    "texture": "835e5c5b-c212-4f44-a50e-e1bcab4974dc@6c48a",
    "packable": true,
    "pixelsToUnit": 100,
    "pivot": {
      "x": 0.5,
      "y": 0.5
    },
    "meshType": 0
  }
}