{
  "__type__": "cc.SpriteFrame",
  "content": {
    "name": "jingYing115",
    "atlas": "",
    "rect": {
      "x": 0,
      "y": 6,
      "width": 320,
      "height": 308
    },
    "offset": {
      "x": 0,
      "y": 0
    },
    "originalSize": {
      "width": 320,
      "height": 320
    },
    "rotated": false,
    "capInsets": [
      0,
      0,
      0,
      0
    ],
    "vertices": {
      "rawPosition": [
        -160,
        -154,
        0,
        160,
        -154,
        0,
        -160,
        154,
        0,
        160,
        154,
        0
      ],
      "indexes": [
        0,
        1,
        2,
        2,
        1,
        3
      ],
      "uv": [
        0,
        314,
        320,
        314,
        0,
        6,
        320,
        6
      ],
      "nuv": [
        0,
        0.01875,
        1,
        0.01875,
        0,
        0.98125,
        1,
        0.98125
      ],
      "minPos": {
        "x": -160,
        "y": -154,
        "z": 0
      },
      "maxPos": {
        "x": 160,
        "y": 154,
        "z": 0
      }
    },
    "texture": "83f2e6d1-77f1-4212-8c2c-26c7224c6042@6c48a",
    "packable": true,
    "pixelsToUnit": 100,
    "pivot": {
      "x": 0.5,
      "y": 0.5
    },
    "meshType": 0
  }
}