{
  "__type__": "cc.SpriteFrame",
  "content": {
    "name": "m_31011_bullet_1",
    "atlas": "",
    "rect": {
      "x": 2,
      "y": 33,
      "width": 195,
      "height": 1564
    },
    "offset": {
      "x": -0.5,
      "y": -7
    },
    "originalSize": {
      "width": 200,
      "height": 1616
    },
    "rotated": false,
    "capInsets": [
      0,
      0,
      0,
      0
    ],
    "vertices": {
      "rawPosition": [
        -97.5,
        -782,
        0,
        97.5,
        -782,
        0,
        -97.5,
        782,
        0,
        97.5,
        782,
        0
      ],
      "indexes": [
        0,
        1,
        2,
        2,
        1,
        3
      ],
      "uv": [
        2,
        1583,
        197,
        1583,
        2,
        19,
        197,
        19
      ],
      "nuv": [
        0.01,
        0.011757425742574257,
        0.985,
        0.011757425742574257,
        0.01,
        0.9795792079207921,
        0.985,
        0.9795792079207921
      ],
      "minPos": {
        "x": -97.5,
        "y": -782,
        "z": 0
      },
      "maxPos": {
        "x": 97.5,
        "y": 782,
        "z": 0
      }
    },
    "texture": "967638db-69d0-4f08-bdb3-b99a3622d7e4@6c48a",
    "packable": true,
    "pixelsToUnit": 100,
    "pivot": {
      "x": 0.5,
      "y": 0.5
    },
    "meshType": 0
  }
}