{
  "__type__": "cc.SpriteFrame",
  "content": {
    "name": "skill1",
    "atlas": "",
    "rect": {
      "x": 0,
      "y": 1,
      "width": 300,
      "height": 177
    },
    "offset": {
      "x": 0,
      "y": -0.5
    },
    "originalSize": {
      "width": 300,
      "height": 178
    },
    "rotated": false,
    "capInsets": [
      0,
      0,
      0,
      0
    ],
    "vertices": {
      "rawPosition": [
        -150,
        -88.5,
        0,
        150,
        -88.5,
        0,
        -150,
        88.5,
        0,
        150,
        88.5,
        0
      ],
      "indexes": [
        0,
        1,
        2,
        2,
        1,
        3
      ],
      "uv": [
        0,
        177,
        300,
        177,
        0,
        0,
        300,
        0
      ],
      "nuv": [
        0,
        0,
        1,
        0,
        0,
        0.9943820224719101,
        1,
        0.9943820224719101
      ],
      "minPos": {
        "x": -150,
        "y": -88.5,
        "z": 0
      },
      "maxPos": {
        "x": 150,
        "y": 88.5,
        "z": 0
      }
    },
    "texture": "6d8d144f-9bc8-43b4-aecf-86b7dc3a0fa7@6c48a",
    "packable": true,
    "pixelsToUnit": 100,
    "pivot": {
      "x": 0.5,
      "y": 0.5
    },
    "meshType": 0
  }
}