{
  "__type__": "cc.SpriteFrame",
  "content": {
    "name": "3zhe",
    "atlas": "",
    "rect": {
      "x": 2,
      "y": 2,
      "width": 56,
      "height": 65
    },
    "offset": {
      "x": 0,
      "y": -0.5
    },
    "originalSize": {
      "width": 60,
      "height": 68
    },
    "rotated": false,
    "capInsets": [
      0,
      0,
      0,
      0
    ],
    "vertices": {
      "rawPosition": [
        -28,
        -32.5,
        0,
        28,
        -32.5,
        0,
        -28,
        32.5,
        0,
        28,
        32.5,
        0
      ],
      "indexes": [
        0,
        1,
        2,
        2,
        1,
        3
      ],
      "uv": [
        2,
        66,
        58,
        66,
        2,
        1,
        58,
        1
      ],
      "nuv": [
        0.03333333333333333,
        0.014705882352941176,
        0.9666666666666667,
        0.014705882352941176,
        0.03333333333333333,
        0.9705882352941176,
        0.9666666666666667,
        0.9705882352941176
      ],
      "minPos": {
        "x": -28,
        "y": -32.5,
        "z": 0
      },
      "maxPos": {
        "x": 28,
        "y": 32.5,
        "z": 0
      }
    },
    "texture": "1424cdb5-01be-4642-9c19-baf354d9916f@6c48a",
    "packable": true,
    "pixelsToUnit": 100,
    "pivot": {
      "x": 0.5,
      "y": 0.5
    },
    "meshType": 0
  }
}