{
  "__type__": "cc.SpriteFrame",
  "content": {
    "name": "geXing",
    "atlas": "",
    "rect": {
      "x": 0,
      "y": 7,
      "width": 118,
      "height": 109
    },
    "offset": {
      "x": 0,
      "y": -3.5
    },
    "originalSize": {
      "width": 118,
      "height": 116
    },
    "rotated": false,
    "capInsets": [
      0,
      0,
      0,
      0
    ],
    "vertices": {
      "rawPosition": [
        -59,
        -54.5,
        0,
        59,
        -54.5,
        0,
        -59,
        54.5,
        0,
        59,
        54.5,
        0
      ],
      "indexes": [
        0,
        1,
        2,
        2,
        1,
        3
      ],
      "uv": [
        0,
        109,
        118,
        109,
        0,
        0,
        118,
        0
      ],
      "nuv": [
        0,
        0,
        1,
        0,
        0,
        0.9396551724137931,
        1,
        0.9396551724137931
      ],
      "minPos": {
        "x": -59,
        "y": -54.5,
        "z": 0
      },
      "maxPos": {
        "x": 59,
        "y": 54.5,
        "z": 0
      }
    },
    "texture": "14981362-8890-4873-b1c5-aad6a0301557@6c48a",
    "packable": true,
    "pixelsToUnit": 100,
    "pivot": {
      "x": 0.5,
      "y": 0.5
    },
    "meshType": 0
  }
}