{
  "__type__": "cc.SpriteFrame",
  "content": {
    "name": "m_10301",
    "atlas": "",
    "rect": {
      "x": 0,
      "y": 2,
      "width": 510,
      "height": 1063
    },
    "offset": {
      "x": 0,
      "y": 1.5
    },
    "originalSize": {
      "width": 510,
      "height": 1070
    },
    "rotated": false,
    "capInsets": [
      0,
      0,
      0,
      0
    ],
    "vertices": {
      "rawPosition": [
        -255,
        -531.5,
        0,
        255,
        -531.5,
        0,
        -255,
        531.5,
        0,
        255,
        531.5,
        0
      ],
      "indexes": [
        0,
        1,
        2,
        2,
        1,
        3
      ],
      "uv": [
        0,
        1068,
        510,
        1068,
        0,
        5,
        510,
        5
      ],
      "nuv": [
        0,
        0.004672897196261682,
        1,
        0.004672897196261682,
        0,
        0.9981308411214953,
        1,
        0.9981308411214953
      ],
      "minPos": {
        "x": -255,
        "y": -531.5,
        "z": 0
      },
      "maxPos": {
        "x": 255,
        "y": 531.5,
        "z": 0
      }
    },
    "texture": "14a7db9a-8413-4ba4-b8a5-7559fc1989d6@6c48a",
    "packable": true,
    "pixelsToUnit": 100,
    "pivot": {
      "x": 0.5,
      "y": 0.5
    },
    "meshType": 0
  }
}