{
  "__type__": "cc.SpriteFrame",
  "content": {
    "name": "9xing",
    "atlas": "",
    "rect": {
      "x": 27,
      "y": 2,
      "width": 61,
      "height": 18
    },
    "offset": {
      "x": 9,
      "y": 7
    },
    "originalSize": {
      "width": 97,
      "height": 36
    },
    "rotated": false,
    "capInsets": [
      0,
      0,
      0,
      0
    ],
    "vertices": {
      "rawPosition": [
        -30.5,
        -9,
        0,
        30.5,
        -9,
        0,
        -30.5,
        9,
        0,
        30.5,
        9,
        0
      ],
      "indexes": [
        0,
        1,
        2,
        2,
        1,
        3
      ],
      "uv": [
        27,
        34,
        88,
        34,
        27,
        16,
        88,
        16
      ],
      "nuv": [
        0.27835051546391754,
        0.4444444444444444,
        0.9072164948453608,
        0.4444444444444444,
        0.27835051546391754,
        0.9444444444444444,
        0.9072164948453608,
        0.9444444444444444
      ],
      "minPos": {
        "x": -30.5,
        "y": -9,
        "z": 0
      },
      "maxPos": {
        "x": 30.5,
        "y": 9,
        "z": 0
      }
    },
    "texture": "51b45397-4ddd-402b-99d7-815e67db9883@6c48a",
    "packable": true,
    "pixelsToUnit": 100,
    "pivot": {
      "x": 0.5,
      "y": 0.5
    },
    "meshType": 0
  }
}