{
  "__type__": "cc.SpriteFrame",
  "content": {
    "name": "sun",
    "atlas": "",
    "rect": {
      "x": 1,
      "y": 0,
      "width": 176,
      "height": 199
    },
    "offset": {
      "x": 0,
      "y": 3
    },
    "originalSize": {
      "width": 178,
      "height": 205
    },
    "rotated": false,
    "capInsets": [
      0,
      0,
      0,
      0
    ],
    "vertices": {
      "rawPosition": [
        -88,
        -99.5,
        0,
        88,
        -99.5,
        0,
        -88,
        99.5,
        0,
        88,
        99.5,
        0
      ],
      "indexes": [
        0,
        1,
        2,
        2,
        1,
        3
      ],
      "uv": [
        1,
        205,
        177,
        205,
        1,
        6,
        177,
        6
      ],
      "nuv": [
        0.0056179775280898875,
        0.02926829268292683,
        0.9943820224719101,
        0.02926829268292683,
        0.0056179775280898875,
        1,
        0.9943820224719101,
        1
      ],
      "minPos": {
        "x": -88,
        "y": -99.5,
        "z": 0
      },
      "maxPos": {
        "x": 88,
        "y": 99.5,
        "z": 0
      }
    },
    "texture": "51f84067-3fbb-425c-b855-a240780383ab@6c48a",
    "packable": true,
    "pixelsToUnit": 100,
    "pivot": {
      "x": 0.5,
      "y": 0.5
    },
    "meshType": 0
  }
}